$MeshFormat
2.2 0 8
$EndMeshFormat
$PhysicalNames
6
1 1 "cc1"
1 2 "cc2"
1 3 "cc3"
1 4 "cc4"
1 5 "furo"
2 6 "surface"
$EndPhysicalNames
$Nodes
4844
1 0 0 0
2 2 0 0
3 2 1 0
4 0 1 0
5 1 0.8 0
6 0.7 0.5 0
7 1 0.2 0
8 1.3 0.5 0
9 0.09999999999979935 0 0
10 0.1999999999996294 0 0
11 0.2999999999994072 0 0
12 0.3999999999991158 0 0
13 0.4999999999988243 0 0
14 0.5999999999985328 0 0
15 0.6999999999982414 0 0
16 0.7999999999979499 0 0
17 0.8999999999976585 0 0
18 0.9999999999973885 0 0
19 1.09999999999763 0 0
20 1.199999999997894 0 0
21 1.299999999998157 0 0
22 1.39999999999842 0 0
23 1.499999999998683 0 0
24 1.599999999998947 0 0
25 1.69999999999921 0 0
26 1.799999999999474 0 0
27 1.899999999999737 0 0
28 0.04999999999990633 0 0
29 0.1499999999997057 0 0
30 0.249999999999553 0 0
31 0.3499999999992615 0 0
32 0.4499999999989701 0 0
33 0.5499999999986785 0 0
34 0.6499999999983871 0 0
35 0.7499999999980956 0 0
36 0.8499999999978042 0 0
37 0.9499999999975235 0 0
38 1.049999999997509 0 0
39 1.149999999997762 0 0
40 1.249999999998025 0 0
41 1.349999999998289 0 0
42 1.449999999998552 0 0
43 1.549999999998815 0 0
44 1.649999999999078 0 0
45 1.749999999999342 0 0
46 1.849999999999605 0 0
47 1.949999999999869 0 0
48 2 0.09999999999981468 0
49 2 0.1999999999995579 0
50 2 0.2999999999992664 0
51 2 0.399999999998975 0
52 2 0.4999999999986943 0
53 2 0.5999999999989468 0
54 2 0.69999999999921 0
55 2 0.7999999999994734 0
56 2 0.8999999999997368 0
57 2 0.04999999999989926 0
58 2 0.1499999999997036 0
59 2 0.2499999999994121 0
60 2 0.3499999999991207 0
61 2 0.4499999999988346 0
62 2 0.5499999999988205 0
63 2 0.6499999999990784 0
64 2 0.7499999999993416 0
65 2 0.8499999999996051 0
66 2 0.9499999999998684 0
67 1.899999999999584 1 0
68 1.799999999999167 1 0
69 1.699999999999306 1 0
70 1.6 1 0
71 1.500000000000693 1 0
72 1.400000000001387 1 0
73 1.30000000000208 1 0
74 1.200000000002774 1 0
75 1.100000000003467 1 0
76 1.000000000004117 1 0
77 0.9000000000037447 1 0
78 0.8000000000033287 1 0
79 0.7000000000029127 1 0
80 0.6000000000024965 1 0
81 0.5000000000020806 1 0
82 0.4000000000016644 1 0
83 0.3000000000012482 1 0
84 0.200000000000832 1 0
85 0.100000000000416 1 0
86 1.949999999999792 1 0
87 1.849999999999361 1 0
88 1.749999999999164 1 0
89 1.649999999999671 1 0
90 1.550000000000399 1 0
91 1.450000000001071 1 0
92 1.350000000001732 1 0
93 1.250000000002407 1 0
94 1.150000000003062 1 0
95 1.050000000003783 1 0
96 0.950000000003931 1 0
97 0.8500000000035366 1 0
98 0.7500000000031206 1 0
99 0.6500000000027046 1 0
100 0.5500000000022884 1 0
101 0.4500000000018725 1 0
102 0.3500000000014563 1 0
103 0.2500000000010401 1 0
104 0.1500000000006239 1 0
105 0.05000000000020788 1 0
106 0 0.8999999999995836 0
107 0 0.7999999999999998 0
108 0 0.7000000000006934 0
109 0 0.6000000000013869 0
110 0 0.5000000000020587 0
111 0 0.4000000000016644 0
112 0 0.3000000000012483 0
113 0 0.2000000000008322 0
114 0 0.100000000000416 0
115 0 0.9499999999998356 0
116 0 0.8499999999998515 0
117 0 0.7500000000003858 0
118 0 0.6500000000010593 0
119 0 0.5500000000016854 0
120 0 0.4500000000018616 0
121 0 0.3500000000014563 0
122 0 0.2500000000010403 0
123 0 0.1500000000006241 0
124 0 0.05000000000020799 0
125 1.006976744186031 0.2069767441860312 0
126 1.013953488372036 0.2139534883720366 0
127 1.020930232558071 0.2209302325580709 0
128 1.027906976744117 0.2279069767441169 0
129 1.034883720930151 0.234883720930151 0
130 1.041860465116215 0.2418604651162151 0
131 1.048837209302238 0.2488372093022383 0
132 1.055813953488287 0.2558139534882872 0
133 1.062790697674317 0.2627906976743172 0
134 1.069767441860341 0.2697674418603412 0
135 1.076744186046396 0.2767441860463961 0
136 1.08372093023241 0.28372093023241 0
137 1.09069767441846 0.2906976744184598 0
138 1.097674418604487 0.2976744186044873 0
139 1.104651162790515 0.3046511627905146 0
140 1.11162790697657 0.3116279069765697 0
141 1.118604651162592 0.3186046511625916 0
142 1.125581395348652 0.3255813953486519 0
143 1.132558139534679 0.3325581395346792 0
144 1.13953488372072 0.3395348837207204 0
145 1.146511627906772 0.3465116279067717 0
146 1.153488372092857 0.3534883720928572 0
147 1.160465116278945 0.3604651162789451 0
148 1.167441860465025 0.3674418604650252 0
149 1.174418604651088 0.3744186046510881 0
150 1.181395348837155 0.3813953488371549 0
151 1.188372093023201 0.388372093023201 0
152 1.19534883720928 0.3953488372092799 0
153 1.202325581395325 0.4023255813953249 0
154 1.20930232558139 0.4093023255813902 0
155 1.216279069767454 0.4162790697674539 0
156 1.223255813953501 0.4232558139535012 0
157 1.230232558139582 0.4302325581395815 0
158 1.237209302325625 0.4372093023256246 0
159 1.244186046511693 0.4441860465116924 0
160 1.251162790697721 0.4511627906977214 0
161 1.258139534883787 0.4581395348837867 0
162 1.265116279069828 0.4651162790698281 0
163 1.272093023255873 0.4720930232558734 0
164 1.279069767441892 0.4790697674418914 0
165 1.286046511627937 0.4860465116279367 0
166 1.293023255813955 0.4930232558139554 0
167 1.00348837209302 0.2034883720930196 0
168 1.010465116279029 0.2104651162790295 0
169 1.017441860465064 0.2174418604650641 0
170 1.024418604651099 0.2244186046510996 0
171 1.031395348837141 0.2313953488371409 0
172 1.038372093023179 0.2383720930231792 0
173 1.045348837209236 0.2453488372092358 0
174 1.052325581395253 0.2523255813952534 0
175 1.059302325581303 0.2593023255813035 0
176 1.066279069767318 0.2662790697673182 0
177 1.073255813953365 0.2732558139533651 0
178 1.0802325581394 0.2802325581393996 0
179 1.087209302325439 0.2872093023254387 0
180 1.094186046511483 0.2941860465114831 0
181 1.101162790697492 0.3011627906974916 0
182 1.108139534883547 0.3081395348835472 0
183 1.115116279069579 0.3151162790695794 0
184 1.12209302325561 0.3220930232556096 0
185 1.129069767441651 0.3290697674416505 0
186 1.136046511627707 0.3360465116277075 0
187 1.14302325581375 0.3430232558137499 0
188 1.149999999999797 0.3499999999997975 0
189 1.156976744185905 0.356976744185905 0
190 1.163953488371986 0.3639534883719863 0
191 1.170930232558056 0.3709302325580563 0
192 1.177906976744116 0.3779069767441163 0
193 1.184883720930186 0.3848837209301856 0
194 1.191860465116235 0.3918604651162345 0
195 1.198837209302313 0.3988372093023127 0
196 1.205813953488348 0.4058139534883483 0
197 1.212790697674426 0.4127906976744257 0
198 1.219767441860476 0.4197674418604757 0
199 1.226744186046542 0.4267441860465415 0
200 1.233720930232608 0.4337209302326077 0
201 1.240697674418663 0.440697674418663 0
202 1.247674418604697 0.4476744186046973 0
203 1.254651162790753 0.4546511627907526 0
204 1.261627906976802 0.4616279069768016 0
205 1.268604651162837 0.4686046511628371 0
206 1.275581395348879 0.4755813953488792 0
207 1.282558139534917 0.4825581395349167 0
208 1.28953488372095 0.4895348837209497 0
209 1.296511627906981 0.4965116279069811 0
210 1.293023255813984 0.5069767441860165 0
211 1.286046511627967 0.513953488372033 0
212 1.279069767441961 0.5209302325580394 0
213 1.272093023255902 0.5279069767440976 0
214 1.265116279069885 0.534883720930115 0
215 1.258139534883847 0.5418604651161533 0
216 1.251162790697839 0.5488372093021607 0
217 1.244186046511844 0.5558139534881558 0
218 1.237209302325847 0.5627906976741531 0
219 1.230232558139835 0.569767441860165 0
220 1.223255813953832 0.576744186046168 0
221 1.21627906976781 0.5837209302321903 0
222 1.209302325581796 0.5906976744182038 0
223 1.202325581395758 0.597674418604242 0
224 1.19534883720972 0.6046511627902802 0
225 1.188372093023675 0.6116279069763252 0
226 1.181395348837637 0.6186046511623631 0
227 1.174418604651595 0.6255813953484055 0
228 1.16744186046559 0.6325581395344099 0
229 1.160465116279562 0.6395348837204384 0
230 1.153488372093518 0.6465116279064822 0
231 1.14651162790748 0.6534883720925202 0
232 1.139534883721426 0.660465116278574 0
233 1.132558139535355 0.6674418604646455 0
234 1.125581395349286 0.6744186046507143 0
235 1.118604651163231 0.6813953488367694 0
236 1.111627906977149 0.6883720930228507 0
237 1.104651162791097 0.6953488372089034 0
238 1.097674418605023 0.7023255813949774 0
239 1.090697674418956 0.7093023255810438 0
240 1.083720930232878 0.7162790697671219 0
241 1.076744186046794 0.7232558139532059 0
242 1.069767441860724 0.7302325581392761 0
243 1.062790697674634 0.7372093023253659 0
244 1.055813953488562 0.7441860465114383 0
245 1.048837209302482 0.7511627906975176 0
246 1.0418604651164 0.7581395348836004 0
247 1.034883720930331 0.7651162790696694 0
248 1.02790697674426 0.7720930232557399 0
249 1.020930232558201 0.7790697674417995 0
250 1.01395348837213 0.78604651162787 0
251 1.00697674418607 0.7930232558139299 0
252 1.296511627906996 0.503488372093004 0
253 1.289534883720973 0.5104651162790267 0
254 1.282558139534963 0.5174418604650367 0
255 1.275581395348931 0.5244186046510695 0
256 1.268604651162891 0.5313953488371089 0
257 1.261627906976866 0.5383720930231342 0
258 1.254651162790846 0.5453488372091539 0
259 1.247674418604849 0.5523255813951509 0
260 1.240697674418839 0.5593023255811606 0
261 1.233720930232838 0.5662790697671622 0
262 1.226744186046831 0.5732558139531692 0
263 1.219767441860826 0.5802325581391745 0
264 1.212790697674797 0.5872093023252027 0
265 1.205813953488775 0.5941860465112246 0
266 1.198837209302741 0.6011627906972594 0
267 1.191860465116693 0.608139534883307 0
268 1.184883720930656 0.615116279069344 0
269 1.177906976744616 0.6220930232553843 0
270 1.170930232558593 0.6290697674414071 0
271 1.16395348837258 0.6360465116274207 0
272 1.156976744186537 0.6430232558134628 0
273 1.150000000000516 0.6499999999994842 0
274 1.143023255814461 0.6569767441855388 0
275 1.136046511628396 0.663953488371604 0
276 1.129069767442312 0.6709302325576878 0
277 1.122093023256263 0.6779069767437373 0
278 1.115116279070193 0.6848837209298072 0
279 1.108139534884125 0.6918604651158747 0
280 1.101162790698051 0.6988372093019494 0
281 1.094186046511981 0.7058139534880191 0
282 1.087209302325903 0.7127906976740974 0
283 1.080232558139851 0.7197674418601495 0
284 1.073255813953756 0.7267441860462438 0
285 1.066279069767683 0.7337209302323169 0
286 1.059302325581594 0.7406976744184058 0
287 1.052325581395511 0.7476744186044894 0
288 1.045348837209435 0.7546511627905649 0
289 1.038372093023372 0.7616279069766276 0
290 1.031395348837308 0.7686046511626923 0
291 1.024418604651233 0.7755813953487672 0
292 1.017441860465156 0.7825581395348437 0
293 1.010465116279104 0.7895348837208962 0
294 1.003488372093043 0.7965116279069568 0
295 0.9930232558139671 0.7930232558139672 0
296 0.9860465116278928 0.7860465116278929 0
297 0.9790697674418811 0.7790697674418812 0
298 0.9720930232558054 0.7720930232558054 0
299 0.9651162790697755 0.7651162790697755 0
300 0.9581395348837809 0.7581395348837809 0
301 0.9511627906977298 0.7511627906977298 0
302 0.9441860465117409 0.7441860465117409 0
303 0.9372093023257039 0.7372093023257039 0
304 0.9302325581396811 0.7302325581396811 0
305 0.9232558139536653 0.7232558139536653 0
306 0.9162790697675895 0.7162790697675896 0
307 0.9093023255815637 0.7093023255815637 0
308 0.9023255813955177 0.7023255813955177 0
309 0.8953488372094566 0.6953488372094566 0
310 0.8883720930234382 0.6883720930234383 0
311 0.8813953488373625 0.6813953488373625 0
312 0.8744186046513391 0.6744186046513392 0
313 0.8674418604652882 0.6674418604652882 0
314 0.8604651162792321 0.6604651162792321 0
315 0.8534883720932113 0.6534883720932113 0
316 0.8465116279071355 0.6465116279071356 0
317 0.8395348837211147 0.6395348837211148 0
318 0.8325581395350586 0.6325581395350587 0
319 0.8255813953490075 0.6255813953490076 0
320 0.8186046511629843 0.6186046511629844 0
321 0.8116279069769086 0.6116279069769086 0
322 0.8046511627908902 0.6046511627908903 0
323 0.7976744186048291 0.5976744186048292 0
324 0.7906976744187831 0.5906976744187832 0
325 0.7837209302327139 0.583720930232714 0
326 0.7767441860466325 0.5767441860466326 0
327 0.769767441860579 0.569767441860579 0
328 0.7627906976744865 0.5627906976744865 0
329 0.7558139534884285 0.5558139534884285 0
330 0.7488372093023568 0.5488372093023568 0
331 0.7418604651162779 0.5418604651162779 0
332 0.7348837209302268 0.5348837209302268 0
333 0.7279069767441728 0.5279069767441729 0
334 0.7209302325581404 0.5209302325581404 0
335 0.7139534883720864 0.5139534883720864 0
336 0.7069767441860535 0.5069767441860535 0
337 0.9965116279069883 0.7965116279069884 0
338 0.9895348837209311 0.7895348837209312 0
339 0.9825581395348825 0.7825581395348825 0
340 0.9755813953488325 0.7755813953488325 0
341 0.9686046511627885 0.7686046511627885 0
342 0.9616279069767689 0.761627906976769 0
343 0.9546511627907439 0.754651162790744 0
344 0.947674418604735 0.747674418604735 0
345 0.9406976744187076 0.7406976744187076 0
346 0.9337209302326932 0.7337209302326932 0
347 0.9267441860466756 0.7267441860466757 0
348 0.9197674418606274 0.7197674418606275 0
349 0.9127906976745683 0.7127906976745684 0
350 0.9058139534885454 0.7058139534885455 0
351 0.8988372093024863 0.6988372093024864 0
352 0.8918604651164467 0.6918604651164467 0
353 0.8848837209304015 0.6848837209304015 0
354 0.877906976744353 0.6779069767443531 0
355 0.8709302325583079 0.670930232558308 0
356 0.8639534883722561 0.6639534883722561 0
357 0.8569767441862214 0.6569767441862214 0
358 0.8500000000001873 0.6500000000001873 0
359 0.8430232558141275 0.6430232558141276 0
360 0.836046511628092 0.636046511628092 0
361 0.8290697674420354 0.6290697674420355 0
362 0.8220930232559995 0.6220930232559996 0
363 0.8151162790699535 0.6151162790699536 0
364 0.8081395348838916 0.6081395348838916 0
365 0.8011627906978621 0.6011627906978622 0
366 0.7941860465118109 0.594186046511811 0
367 0.7872093023257491 0.5872093023257492 0
368 0.7802325581396758 0.5802325581396759 0
369 0.7732558139536131 0.5732558139536131 0
370 0.7662790697675284 0.5662790697675284 0
371 0.7593023255814626 0.5593023255814626 0
372 0.7523255813953905 0.5523255813953906 0
373 0.7453488372093153 0.5453488372093154 0
374 0.7383720930232487 0.5383720930232487 0
375 0.7313953488371978 0.5313953488371979 0
376 0.724418604651153 0.5244186046511531 0
377 0.7174418604651123 0.5174418604651123 0
378 0.710465116279079 0.5104651162790791 0
379 0.7034883720930245 0.5034883720930245 0
380 0.706976744186033 0.493023255813967 0
381 0.7139534883720918 0.4860465116279081 0
382 0.7209302325581091 0.4790697674418908 0
383 0.7279069767441689 0.472093023255831 0
384 0.7348837209301998 0.4651162790698001 0
385 0.7418604651162144 0.4581395348837856 0
386 0.7488372093022609 0.451162790697739 0
387 0.7558139534882675 0.4441860465117324 0
388 0.762790697674308 0.4372093023256919 0
389 0.7697674418603347 0.4302325581396652 0
390 0.7767441860463604 0.4232558139536395 0
391 0.7837209302324188 0.4162790697675811 0
392 0.7906976744184444 0.4093023255815555 0
393 0.7976744186044894 0.4023255813955106 0
394 0.8046511627905347 0.3953488372094653 0
395 0.8116279069765623 0.3883720930234377 0
396 0.81860465116262 0.38139534883738 0
397 0.8255813953486364 0.3744186046513636 0
398 0.8325581395346817 0.3674418604653183 0
399 0.8395348837207129 0.360465116279287 0
400 0.8465116279067396 0.3534883720932603 0
401 0.8534883720927913 0.3465116279072087 0
402 0.8604651162788264 0.3395348837211736 0
403 0.8674418604648926 0.3325581395351075 0
404 0.8744186046509422 0.3255813953490577 0
405 0.8813953488369876 0.3186046511630124 0
406 0.888372093023057 0.3116279069769431 0
407 0.8953488372090913 0.3046511627909086 0
408 0.9023255813951601 0.2976744186048399 0
409 0.9093023255812065 0.2906976744187935 0
410 0.9162790697672761 0.2837209302327238 0
411 0.923255813953347 0.276744186046653 0
412 0.9302325581394051 0.2697674418605949 0
413 0.9372093023254841 0.262790697674516 0
414 0.9441860465115404 0.2558139534884597 0
415 0.951162790697609 0.2488372093023911 0
416 0.9581395348836763 0.2418604651163236 0
417 0.9651162790697339 0.2348837209302662 0
418 0.9720930232557936 0.2279069767442064 0
419 0.9790697674418372 0.2209302325581629 0
420 0.9860465116278968 0.2139534883721032 0
421 0.9930232558139407 0.2069767441860594 0
422 0.7034883720930178 0.4965116279069822 0
423 0.7104651162790624 0.4895348837209376 0
424 0.7174418604651049 0.482558139534895 0
425 0.7244186046511367 0.4755813953488633 0
426 0.7313953488371847 0.4686046511628152 0
427 0.7383720930232088 0.4616279069767911 0
428 0.7453488372092413 0.4546511627907587 0
429 0.7523255813952576 0.4476744186047423 0
430 0.7593023255812876 0.4406976744187124 0
431 0.7662790697673197 0.4337209302326803 0
432 0.7732558139533509 0.4267441860466492 0
433 0.7802325581393956 0.4197674418606043 0
434 0.7872093023254327 0.4127906976745672 0
435 0.7941860465114691 0.4058139534885309 0
436 0.8011627906975071 0.3988372093024929 0
437 0.8081395348835491 0.391860465116451 0
438 0.8151162790695938 0.3848837209304061 0
439 0.8220930232556263 0.3779069767443737 0
440 0.8290697674416588 0.3709302325583412 0
441 0.8360465116276925 0.3639534883723076 0
442 0.8430232558137253 0.3569767441862747 0
443 0.8499999999997558 0.3500000000002442 0
444 0.8569767441858108 0.3430232558141891 0
445 0.8639534883718575 0.3360465116281425 0
446 0.8709302325579169 0.3290697674420832 0
447 0.8779069767439652 0.3220930232560348 0
448 0.8848837209300182 0.3151162790699819 0
449 0.8918604651160759 0.3081395348839241 0
450 0.8988372093021302 0.3011627906978699 0
451 0.9058139534881832 0.2941860465118169 0
452 0.9127906976742413 0.2872093023257588 0
453 0.9197674418603072 0.2802325581396928 0
454 0.9267441860463743 0.2732558139536256 0
455 0.9337209302324436 0.2662790697675563 0
456 0.9406976744185155 0.2593023255814845 0
457 0.947674418604574 0.252325581395426 0
458 0.9546511627906449 0.2453488372093552 0
459 0.9616279069767054 0.2383720930232946 0
460 0.968604651162763 0.2313953488372371 0
461 0.9755813953488144 0.2244186046511857 0
462 0.9825581395348656 0.2174418604651344 0
463 0.9895348837209261 0.2104651162790739 0
464 0.996511627906969 0.2034883720930309 0
465 1.28877588578445 0.5236596067145312 0
466 1.246074931902768 0.564239843867007 0
467 1.204879247003553 0.6072048283980754 0
468 1.163256235918487 0.6493027475454034 0
469 1.128941162826528 0.6842921587093308 0
470 1.093544307518362 0.7191257028665353 0
471 1.058193227880485 0.7521467162522317 0
472 1.029007891736272 0.7815660312710222 0
473 0.711399822764304 0.4765161018341032 0
474 0.7531554161193547 0.4345621513943246 0
475 0.7951207529966994 0.392795171601675 0
476 0.8367494211387401 0.3507029095112829 0
477 0.8718649390431442 0.3160509855552144 0
478 0.9066225380047657 0.2796004640484263 0
479 0.940036056851986 0.2455339155962565 0
480 0.9698549365392932 0.2191108154771985 0
481 1.291408716529398 0.4750400256522523 0
482 1.247741331327945 0.4350832642411678 0
483 1.205410364060555 0.3931497699634438 0
484 1.163018781886754 0.3509347064850481 0
485 1.129937222209904 0.3148221000589591 0
486 1.09509153949844 0.2800771348048258 0
487 1.060699631029147 0.2451222263419798 0
488 1.030460642351905 0.2183765669502831 0
489 0.7108746459805718 0.5239204102861906 0
490 0.7532750823669586 0.5656012253173148 0
491 0.7928509252715267 0.6079149867310729 0
492 0.8367437640821876 0.6493027475460706 0
493 0.8712230298804242 0.6842640004463219 0
494 0.9061231926592717 0.7208690656206632 0
495 0.9408194791065081 0.7563730086829313 0
496 0.9669788823090052 0.7830238247655862 0
497 1.268294348476124 0.4563209696411358 0
498 0.7323361358524508 0.5444080501940556 0
499 0.7743640402381105 0.586846420641068 0
500 0.7319675816295974 0.4531433485768243 0
501 1.267669944677658 0.5444141307239263 0
502 0.8165218833121819 0.6269491562668931 0
503 1.2258094795613 0.4137254041596553 0
504 0.7737153797337515 0.4142123830140199 0
505 1.226989521886707 0.5859237305229708 0
506 0.8151358093122291 0.371111882927625 0
507 1.18394901444495 0.3718649390432926 0
508 1.184948881356841 0.6285102624077876 0
509 0.08460094988037048 0.5461884994066514 0
510 1.924399102892733 0.4547410593214224 0
511 1.550466852077886 0.9148827090599646 0
512 0.4417278799029787 0.09889836626390995 0
513 1.540767797998059 0.07886628248424907 0
514 0.4542098498645973 0.922254978873832 0
515 1.342497202326273 0.9194082739540954 0
516 0.6424126438502428 0.07653388473107366 0
517 1.348748534122363 0.09009098556857158 0
518 0.6553246160135302 0.9323824832985583 0
519 0.0818987815586458 0.3572349339451446 0
520 1.916095966789217 0.646397071632151 0
521 0.2515112035312755 0.913665550018212 0
522 1.737251432607217 0.08423524329936316 0
523 0.8514048246259092 0.6637468540505641 0
524 0.8506060021876301 0.3362253711913055 0
525 1.149065293514567 0.3369812181129237 0
526 1.148759855827441 0.6639417670499592 0
527 0.8862150575626112 0.697011906181114 0
528 1.11418157258495 0.6979025028167041 0
529 0.8856589070059006 0.2997301357167377 0
530 1.116023543422342 0.2997947546461536 0
531 1.74711328505183 0.8996791776900138 0
532 0.2505674108373994 0.09829913053583547 0
533 1.137775996242932 0.9263190496688287 0
534 0.8401675617830995 0.0805746174332512 0
535 1.149999999997762 0.08660254037866248 0
536 0.8500000000035366 0.9133974596212147 0
537 0.08660254037784321 0.7500000000003465 0
538 1.928735292639649 0.251592302878055 0
539 1.907503797750874 0.8388381895975591 0
540 0.09431509671012613 0.1497846267610007 0
541 0.7648782188191198 0.9221375088109616 0
542 0.8010467036796624 0.8540198804752447 0
543 0.8692843989063228 0.8592277812594313 0
544 0.8308890473202672 0.8079841539902167 0
545 0.90646365987875 0.8797127628699093 0
546 0.9243122183034455 0.8396133089564098 0
547 0.9544392119619352 0.8735029151739037 0
548 0.9714101913245898 0.835968523248894 0
549 0.9989604472517041 0.8657623080617763 0
550 1.010505381346268 0.8043837020847341 0
551 0.988018752921541 0.8041185086417354 0
552 0.9984435031235128 0.8127025340218568 0
553 1.013406616896961 0.8174482427427915 0
554 1.027776383718739 0.8068582122928776 0
555 1.032554407896184 0.8301976388200456 0
556 1.053410672708282 0.811337280139877 0
557 1.059789243973437 0.843791458787442 0
558 1.086258737947284 0.8236909516636406 0
559 1.076909564461785 0.7907777781246247 0
560 1.10921425444038 0.8008584613016158 0
561 1.102787871878738 0.7736968710276477 0
562 1.131834772833158 0.7800361194851804 0
563 1.072637932501633 0.7400797929662692 0
564 1.1219073651812 0.7513654299122041 0
565 1.153099795991962 0.7588023131787403 0
566 1.163192760963147 0.7903387173867392 0
567 1.188091720267139 0.7612519366714924 0
568 1.198701659575406 0.800887937848682 0
569 1.226293674228528 0.7711535345218987 0
570 1.216444489612813 0.7386920029252459 0
571 1.252226137142901 0.7422915019861782 0
572 1.235870252059827 0.7085167839909463 0
573 1.274881926418648 0.7136355746887331 0
574 1.263695319716164 0.6790422891773709 0
575 1.297624559938348 0.6859320011221978 0
576 1.28499528622511 0.6539154061352397 0
577 1.317364913783232 0.660969485432331 0
578 1.331944299859913 0.6932137315068082 0
579 1.351937250015471 0.6595768426679378 0
580 1.369771989029092 0.6998192671731804 0
581 1.394078443516733 0.6676318691807024 0
582 1.379144842588279 0.6304281935232662 0
583 1.417796493085582 0.6351961501447332 0
584 1.402123465887408 0.5988742241301529 0
585 1.442114488845553 0.6036529871358105 0
586 1.42544776428018 0.56582069726481 0
587 1.468272347335753 0.5740779623606898 0
588 1.45019048407697 0.534990349110575 0
589 1.494382517172818 0.5366977438262313 0
590 1.467980113427354 0.4953383421740936 0
591 1.512466295766105 0.5831290249407466 0
592 1.522143527039002 0.4983879293610656 0
593 1.501285766493148 0.4533646097369062 0
594 1.554227892289472 0.4573402883749039 0
595 1.451662400487802 0.4483835951956408 0
596 1.479837945828913 0.4087655189431789 0
597 1.432100083704078 0.4055039702452179 0
598 1.43656172656254 0.6733847231343044 0
599 1.458200247084553 0.3647065828252562 0
600 1.406278648383014 0.3640167497677789 0
601 1.303998850380293 0.6326348331856086 0
602 1.436694093508624 0.3206687216217672 0
603 1.387305146958855 0.3188061849598261 0
604 1.48979801085762 0.3209479528955506 0
605 1.361230986585298 0.35771476039011 0
606 1.341828263719188 0.3180762526565961 0
607 1.406972075679015 0.5323287330348707 0
608 1.319195338271865 0.353235993738855 0
609 1.301537521406132 0.3179526784293079 0
610 1.333751950031773 0.3863904723692394 0
611 1.575901227026807 0.5071230490537694 0
612 1.612157655188406 0.4597236402547517 0
613 1.634780083323239 0.5202059287676947 0
614 1.290239090025102 0.7485622864655302 0
615 1.320434111132064 0.2829965429381425 0
616 1.281071808130538 0.2851918353335651 0
617 1.262595674074884 0.3160877975016065 0
618 1.240044281513116 0.2871764083174019 0
619 1.259291574360281 0.2532249182308759 0
620 1.220945009220486 0.2544858218104502 0
621 1.675407936286931 0.4678315741925682 0
622 1.647486756077451 0.4060415071976681 0
623 1.304234132428882 0.384520810751743 0
624 1.315522771784426 0.4093239583392553 0
625 1.236509855707491 0.2201185718950403 0
626 1.196712168138369 0.2265488432863994 0
627 1.282129472652282 0.2138068886520667 0
628 1.411635761957446 0.2744218321178953 0
629 1.230930367670121 0.3185695240333327 0
630 1.245319775527287 0.3415323766133667 0
631 1.701353975503392 0.5293867173598811 0
632 1.657683119924819 0.5817358232429326 0
633 1.279198957705939 0.6249003868746049 0
634 1.295090766670248 0.6069018226366838 0
635 1.408389559133498 0.440353707589593 0
636 1.229908481747166 0.6763042433799566 0
637 1.185563487484987 0.2615326304509943 0
638 1.161358691217418 0.2347076658194707 0
639 1.717504047421655 0.4133782147985515 0
640 1.685830490912052 0.3461729286086247 0
641 1.290175855772944 0.4064078554177837 0
642 1.297997399290767 0.4293700114642589 0
643 1.323328796128837 0.4323198716167518 0
644 1.253042342060666 0.1749123232659187 0
645 1.143553026917302 0.7322744500226224 0
646 1.362599456067769 0.5906954351331165 0
647 1.270753313674438 0.6005612573670897 0
648 1.256967423549589 0.6177663872635113 0
649 1.285269287180314 0.5826852217225973 0
650 1.72878223441057 0.593624932696284 0
651 1.679761022731116 0.652643890379376 0
652 1.241560620936542 0.8134350509288029 0
653 1.216488877912102 0.3457506534717625 0
654 1.205366313644028 0.3228670012854463 0
655 1.231498152037279 0.3635171673719946 0
656 1.15152595661695 0.2639787094987166 0
657 1.128498030882486 0.2439927495654715 0
658 1.139137580113046 0.2116307002426601 0
659 1.106529150246693 0.2226441994664106 0
660 1.166187185063908 0.2872517038360027 0
661 1.116402053174987 0.1891561548016682 0
662 1.085211711135378 0.1966178445127149 0
663 1.094168967132164 0.1651400887006448 0
664 1.060740630927999 0.1736670263787207 0
665 1.044259426747761 0.7661198918638125 0
666 1.279408790092738 0.3860253628419011 0
667 1.30891449781585 0.5873843155679885 0
668 1.300725597679658 0.5673682893166274 0
669 1.321657900656926 0.5702680603653808 0
670 1.313199133872187 0.5514940908672882 0
671 1.334223928427183 0.5535089585054493 0
672 1.325062169455157 0.5348179947631578 0
673 1.302553665607789 0.5095304097938023 0
674 1.31188784860195 0.5025260439420961 0
675 1.347499135176209 0.5350866603386933 0
676 1.306966393740889 0.4917128463696756 0
677 1.321763862294663 0.4936393702629633 0
678 1.31513226521273 0.4801083445952317 0
679 1.332637143374803 0.4772997988797433 0
680 1.070570853517766 0.1376796730549005 0
681 1.035923583590742 0.1473290540795369 0
682 1.762525506326962 0.3542145110964789 0
683 1.730356814315784 0.2832415853157614 0
684 1.651015745117941 0.2780030294854395 0
685 1.267300763916152 0.4045519453250919 0
686 1.148873949737212 0.1788634199811598 0
687 1.761660210883354 0.6640799206767012 0
688 1.707621272789182 0.724392957365628 0
689 1.629578136303502 0.7115934013065093 0
690 1.65484322775595 0.7823780746570655 0
691 1.581481918699522 0.7639440606207458 0
692 1.559657530895308 0.6979737222225524 0
693 1.506208897743188 0.7416235949943152 0
694 1.772168067569622 0.5386310453837206 0
695 1.19464746577013 0.3409642791511683 0
696 1.184219039844745 0.3251350053933599 0
697 1.10380353326864 0.248623736919368 0
698 1.074258011142931 0.2585252467799166 0
699 1.251576496426607 0.5981172222034036 0
700 1.238524589145944 0.6128433487318184 0
701 1.242547500489683 0.6309441875238464 0
702 1.223683933546557 0.6231159887971582 0
703 1.08213433672733 0.2256203895410397 0
704 1.063032782481955 0.2119784611353688 0
705 1.7835039706808 0.7405555956778169 0
706 1.295431585789432 0.5496546131408021 0
707 1.338805428339106 0.5003919357741025 0
708 1.357207259264315 0.4843529101732689 0
709 1.353387189013407 0.458550972381947 0
710 1.04377197942422 0.2326319348054822 0
711 1.274267271881603 0.3448007174533528 0
712 1.142207656728666 0.288990617045414 0
713 1.154512621680298 0.3066332472160126 0
714 1.256876642179247 0.3842631766562878 0
715 0.8897281965115764 0.8063727337291656 0
716 0.9441610032308481 0.8112137261653237 0
717 1.128070226606993 0.2704673038691751 0
718 0.7361291123980658 0.8581820467023397 0
719 1.027504519630094 0.176277391679862 0
720 1.004176917891856 0.1575165626136872 0
721 0.9888531245708033 0.1965473668163442 0
722 1.009269745939846 0.1208932324474396 0
723 0.9721834249751328 0.1383802523829731 0
724 1.120016205163239 0.8346744630838251 0
725 1.018388361584444 0.2036871054568161 0
726 1.192941988754346 0.2876731242693725 0
727 1.120138307029424 0.7243641023735441 0
728 1.13745526501881 0.7109446755383326 0
729 1.159043901222847 0.7145658515458582 0
730 1.150821906024042 0.6942413984249115 0
731 1.172035055130084 0.6969016320423604 0
732 1.208253559645068 0.6922095299605623 0
733 1.20497781806276 0.6687640093067303 0
734 0.7599225449905016 0.8049041474582818 0
735 0.7074529361398878 0.8069674780264455 0
736 0.7367677237145693 0.7566000736147218 0
737 0.6834588194615583 0.7611201210834432 0
738 0.705693061816778 0.7196985050995057 0
739 0.6621515214692708 0.7207143993138648 0
740 0.6834657668474856 0.6847706042573556 0
741 0.6426729747281684 0.6839991297847191 0
742 0.6653973725091232 0.6473817604861188 0
743 0.6230566913472348 0.6471853693405261 0
744 0.6013292751881287 0.6836441401360767 0
745 0.5821829240667266 0.6462171239163566 0
746 0.6038226775448161 0.6116034876211431 0
747 0.56486527862291 0.609443112073333 0
748 0.5866828587489371 0.5773250890784591 0
749 0.5474632071055726 0.5739880270462664 0
750 0.5756917509634936 0.5390704841790727 0
751 0.5304023926693678 0.5374969269248744 0
752 0.55292312910722 0.5037002039251285 0
753 0.5092831954360265 0.5014215111481035 0
754 0.5122607759684966 0.5687674642138596 0
755 0.5429403000481094 0.4634076736065631 0
756 0.487911159620713 0.4576618050864411 0
757 0.5170899323075624 0.416222056167557 0
758 0.462733683305801 0.4096042452761802 0
759 0.430929164276624 0.4589793103391422 0
760 0.5675540249359532 0.4202528971997067 0
761 0.5465975690074281 0.3754115673311929 0
762 0.5987186204995458 0.3826622121919998 0
763 0.5560136095275428 0.6836626306270435 0
764 0.4041049183107017 0.4048296081986282 0
765 0.4385094452788688 0.3539945367288221 0
766 0.5763637249255913 0.3352089624489462 0
767 0.6300488015069768 0.3438554999958397 0
768 0.3709244174975734 0.4561384383805943 0
769 0.3743688370617893 0.347762494392138 0
770 0.6254135806140434 0.5787129402294831 0
771 0.5925966380993276 0.5062940177357667 0
772 0.7239320551307302 0.6830331064305483 0
773 0.6120845042486813 0.4275380627105603 0
774 0.6351209061168488 0.7575219393115631 0
775 0.6062955686218728 0.2954987016263051 0
776 0.6567964203210326 0.302886497857097 0
777 0.6770729054721901 0.3419617220147131 0
778 0.7008763110699707 0.309691182018816 0
779 0.7156609765253179 0.3468947793950997 0
780 0.7379895263650119 0.3183996419568862 0
781 0.7249578039892424 0.2820423860193016 0
782 0.7605449225550691 0.2902084590633781 0
783 0.7520705256135735 0.2518007429664958 0
784 0.7863699552929617 0.2651551378812823 0
785 0.6957832530385707 0.3734428675785471 0
786 0.7098553698652675 0.2427602998551049 0
787 0.5518341467483255 0.2863698064359601 0
788 0.7429347713330006 0.2076563811424353 0
789 0.7718756931430739 0.3209366059113232 0
790 0.4002147647863036 0.5112644778293218 0
791 0.3374604350429771 0.5095731328043388 0
792 0.3704417563720367 0.5677633709452341 0
793 0.3022063104210539 0.565654100115847 0
794 0.3378872545326876 0.6278865883312568 0
795 0.3064727186144248 0.4524585707797523 0
796 0.412838162275189 0.2920416359850794 0
797 0.3433604801305268 0.2863969478171666 0
798 0.7243904348110581 0.3783530445991233 0
799 0.7108220272082848 0.4025971138422711 0
800 0.2641255806890497 0.6258794634611854 0
801 0.3007304878527808 0.6901813035498926 0
802 0.3757415432329394 0.6909684235424127 0
803 0.5973651396215818 0.2404933056840246 0
804 0.6818376359882655 0.3995525678033528 0
805 0.6946022268774105 0.4234783123908813 0
806 0.5248919158610917 0.2303140480219146 0
807 0.3387535492717498 0.755241493501533 0
808 0.4128302014008712 0.7511335393683878 0
809 0.7352199017158246 0.3998445966727466 0
810 0.7481261753087004 0.3835710234855584 0
811 0.2583091899092142 0.7565008538639382 0
812 0.3836270871614953 0.2214633277694698 0
813 0.7805182830295619 0.7633224281077463 0
814 0.6695228981377739 0.4231588395146753 0
815 0.6824434298852377 0.4438440651672765 0
816 0.6588570307956046 0.4451427446340846 0
817 0.6710148265758134 0.4657307382303378 0
818 0.6972822893112038 0.490497575424677 0
819 0.6891866673565309 0.497634047197278 0
820 0.6931626516671823 0.5081222815450056 0
821 0.6804657151929917 0.5060920334610591 0
822 0.6847470937943345 0.5182178208211186 0
823 0.6688373193885013 0.5164759009747595 0
824 0.6771290319110501 0.5328478284122269 0
825 0.6561819116312688 0.5291082397834072 0
826 0.6505018084367024 0.5060860308210725 0
827 0.6475419192736847 0.4642486401488228 0
828 0.6616856772745601 0.5493168118998367 0
829 0.6829068183438862 0.55257417257775 0
830 0.6691126129355229 0.5684562011820966 0
831 0.6905122087486705 0.572177454823826 0
832 0.6782460029790558 0.5912036186507648 0
833 0.6994894963136133 0.5922692401696515 0
834 0.7121063457979417 0.574643605397043 0
835 0.719025113306077 0.5949820119384756 0
836 0.7078192064624342 0.612339320093543 0
837 0.729176480868409 0.6133401333672588 0
838 0.7385807544821783 0.5950389259275985 0
839 0.7495600364560012 0.6137440367389964 0
840 0.7394925263978537 0.631861050763327 0
841 0.759784751749607 0.6304330451809199 0
842 0.6933035392028533 0.1967656674149265 0
843 0.7306437848201478 0.1568521347774511 0
844 0.7855328191867064 0.1749288247558211 0
845 0.4443291221578821 0.6889127016176474 0
846 0.4835451341487469 0.7491403801431207 0
847 0.2262818828864993 0.5487404046151398 0
848 0.1866356022244611 0.6265679254357548 0
849 0.7064802936597556 0.4440777117880297 0
850 0.5610395927169748 0.1640960480902354 0
851 0.7694168214868355 0.6135661027300419 0
852 0.7784245817144595 0.6297561157000462 0
853 0.7702367210994021 0.6465510059194596 0
854 0.7922405770100577 0.6437588190693151 0
855 0.7819855789078086 0.662387021731723 0
856 0.8018482781426344 0.6607839456569594 0
857 0.7930293956532362 0.6794866698666389 0
858 0.8124046324428763 0.6771083853377898 0
859 0.8049072169394872 0.6970251150403752 0
860 0.8268504399723939 0.6923572581361812 0
861 0.7763514545970241 0.7007112944945956 0
862 0.8171124498880336 0.7156498090479821 0
863 0.8433529417153666 0.7128804636665601 0
864 0.8292711069580836 0.7362980754411916 0
865 0.8559904950160191 0.7348741549946453 0
866 0.6545019297860665 0.4011468173311139 0
867 0.6339181441954818 0.525609613163353 0
868 0.3027734481182777 0.3471065259116711 0
869 0.266309113820375 0.2813175167887552 0
870 0.6768148023415003 0.4929598237744486 0
871 0.715608407406497 0.4258869407199744 0
872 0.2231571093594016 0.3413420973476003 0
873 0.1857812773208466 0.2681737625693513 0
874 0.8475604895646676 0.6929336504650377 0
875 0.693041110749371 0.4604982430820981 0
876 1.245898229140099 0.4041023587019941 0
877 1.393493361332685 0.4037125738881434 0
878 0.3778902973052879 0.8196314045840438 0
879 1.693836151604116 0.2119895479418896 0
880 1.615564761633644 0.2087816910480338 0
881 1.768963228428918 0.2138324191704545 0
882 1.308992817603777 0.4510341650140823 0
883 1.289715608021793 0.4471627051173486 0
884 1.356827878789724 0.5583822001427761 0
885 1.793020973099872 0.4246520595542086 0
886 1.836820657169967 0.3583822545205311 0
887 0.7022107109995429 0.6552317689489807 0
888 1.27585180688184 0.4216937479058308 0
889 0.7611248504632122 0.6644923229150134 0
890 1.20720793183454 0.3596104645077964 0
891 1.217166072148444 0.3769833208551323 0
892 1.206841572282969 0.846654746270191 0
893 1.256963719188839 0.8628642378327179 0
894 1.293402105769063 0.8243017264431584 0
895 1.236178666969777 0.06872226889271366 0
896 1.304228073095592 0.5349830110366103 0
897 1.165826012916619 0.6810703572015107 0
898 0.755295992839393 0.4023387069691726 0
899 0.766052571940554 0.3876390912055053 0
900 0.7614308659598853 0.3694475549374799 0
901 0.7799448995440762 0.375302943085323 0
902 0.7750033826720559 0.356257357487927 0
903 0.7934003472098916 0.3610056556098036 0
904 1.359389488297849 0.5120469850807733 0
905 1.377633592388536 0.4950890444324329 0
906 1.10352127167243 0.7391014722876614 0
907 0.8389520982910539 0.6800431673767483 0
908 1.573055190193848 0.2647095553435965 0
909 1.536026778164073 0.2046057325985768 0
910 1.266943560143316 0.5816734448213852 0
911 1.284133744754095 0.5619311624938496 0
912 0.8444062549119689 0.7575573244798397 0
913 0.8703256553906296 0.7552634061207695 0
914 0.8813146748316147 0.7333152416889182 0
915 0.8943102394676631 0.7533528592558014 0
916 0.9293930925241147 0.7394441167784904 0
917 0.8663776553307808 0.7176220006896781 0
918 0.7579488478709984 0.5991398118576644 0
919 1.219997545461732 0.6536547989625944 0
920 1.198584267721939 0.648135471809979 0
921 1.184101566461279 0.6607845102776706 0
922 0.794962491197445 0.6250394057020917 0
923 0.5844052484608392 0.7357892292841519 0
924 1.23689368654814 0.3906759150006333 0
925 1.336982529266632 0.7373242112667412 0
926 1.387363127964441 0.7424552823905839 0
927 1.363751703822956 0.7772159575869493 0
928 1.410097748172942 0.7899061038717961 0
929 1.424380973725329 0.4763365051555227 0
930 0.7432976901173309 0.4170868651013807 0
931 0.973930754094427 0.1015507877450423 0
932 0.5877342579719836 0.4553650107837587 0
933 0.4329975104094604 0.5585801436851161 0
934 0.7780075772229732 0.1181164123305186 0
935 0.75668053670882 0.3511077858255066 0
936 1.371195776725327 0.5370383319023517 0
937 1.071413900982904 0.928074174345874 0
938 0.7537395217597269 0.584196264395287 0
939 0.7372525722505228 0.5789162384991178 0
940 0.9312877794612373 0.1143974414415219 0
941 0.9286927350502741 0.1621759452436532 0
942 1.308351540395936 0.1649858642490215 0
943 1.330296328716102 0.2283650997388943 0
944 1.314214841392275 0.5143466288643417 0
945 0.640087410535414 0.6148930615800926 0
946 0.7441449933141782 0.7130165758569036 0
947 0.7923457118971694 0.2978551193575072 0
948 0.8153048505898535 0.279571484520569 0
949 0.8179345301874325 0.3091968783515555 0
950 0.8385114809900041 0.2913573465699848 0
951 0.8381483229362171 0.2659501305749528 0
952 0.8599811392329137 0.2763872511427625 0
953 0.8596655248823395 0.2507225816542227 0
954 0.841059347211341 0.2398427602242279 0
955 0.8618458441485016 0.2234362579092914 0
956 0.8851180456686384 0.2401907221323754 0
957 0.8881478501905662 0.209602837497878 0
958 0.8635354610281301 0.1921015066109829 0
959 0.9083840558440023 0.2272816416918637 0
960 0.9273162399523593 0.2583954940455423 0
961 0.8405545465485328 0.314744645643564 0
962 0.825942960637347 0.3311706763409639 0
963 0.8895078294011817 0.1372011373518891 0
964 0.8563809699395329 0.2998384353492366 0
965 0.7990908774141545 0.3260513624465055 0
966 0.8123825639862641 0.3426594253923659 0
967 0.6602253432525289 0.2347415197813355 0
968 1.4631358294172 0.9144832649109329 0
969 1.508454654371439 0.8525038451241582 0
970 0.5409109759370176 0.9182263433261261 0
971 0.5900244617291722 0.8435874469319009 0
972 0.4996795027971414 0.8425379201632914 0
973 1.444572527210036 0.07931778095609901 0
974 1.408425403946811 0.1562920453404984 0
975 0.8188909599216846 0.6585574583249935 0
976 0.810441976758545 0.6450396921593102 0
977 1.256849177499401 0.418039676340338 0
978 1.222916564329812 0.6070962750715259 0
979 0.5692878963357367 0.08037474844173856 0
980 1.60041248387251 0.6358983186375795 0
981 0.6112349891263018 0.5499013084632476 0
982 0.7023702915875658 0.5558079090964394 0
983 0.6967467989856344 0.5388273913513862 0
984 0.713581466246426 0.5425156107444592 0
985 0.7185349304930996 0.5565605079707499 0
986 0.622168789842674 0.5047849398620561 0
987 1.261947443386062 0.4340082417733849 0
988 1.386289742298224 0.5631964192570489 0
989 1.181772999714252 0.6458729918699544 0
990 1.180470865047804 0.7172588304865846 0
991 0.240130457760549 0.1995306043144648 0
992 1.250709413011949 0.5819336727924002 0
993 1.345322943832373 0.6202060756500103 0
994 0.3588364074715373 0.904739008752268 0
995 0.686705542642005 0.4747131728396456 0
996 0.7110952148500477 0.4626478582714154 0
997 0.9627944931622554 0.1763616306627763 0
998 0.9438460381460748 0.1985433700754772 0
999 0.9555858692758737 0.2323300553224638 0
1000 0.9051790552171536 0.2487338225366046 0
1001 0.8908888387370628 0.2602469378047753 0
1002 0.9976838063014581 0.1867858988199963 0
1003 1.661525763112096 0.1417567197248763 0
1004 0.5480786516917764 0.7854031892853645 0
1005 1.078385536420817 0.7671052004684278 0
1006 0.4957082256923537 0.1676445330265901 0
1007 1.178526660258309 0.3398579044353562 0
1008 1.169014161838397 0.3288627329735302 0
1009 1.333316636294041 0.5918530074413229 0
1010 1.293283573619154 0.4622794921993532 0
1011 1.603071760270161 0.3357400026979733 0
1012 1.592865500966277 0.5634944016841783 0
1013 0.4151532319614941 0.622221818466934 0
1014 0.4826594490829579 0.6384665589377609 0
1015 1.184294328401208 0.3555822192058519 0
1016 0.7962797643951629 0.3755952435086927 0
1017 0.6327390823104584 0.1858229852314761 0
1018 0.7007597282321555 0.5174887457467219 0
1019 1.242906900807376 0.417995276754734 0
1020 1.647189759081046 0.9175255773754067 0
1021 0.352440694253414 0.08633804101461487 0
1022 0.08220456826575713 0.451974795511708 0
1023 0.1584186987331718 0.4961380142217857 0
1024 1.921121651711978 0.5505079353976505 0
1025 1.534396349354208 0.6372480237401478 0
1026 1.491293128696504 0.6748196264560253 0
1027 0.4863584543537545 0.2994979841736418 0
1028 0.7242071138818124 0.4410978206120144 0
1029 1.24438994894378 0.6537174250895982 0
1030 1.35784570364708 0.8373384234011838 0
1031 1.053928157761191 0.7901234942256076 0
1032 1.185722686053938 0.6814144935346134 0
1033 0.8736071211358704 0.292949339084823 0
1034 0.09669018772270774 0.6390911665236199 0
1035 1.253594506179534 0.3627474843654541 0
1036 1.171164462262071 0.3105475141320811 0
1037 1.440223283545663 0.7474215523741536 0
1038 1.485021498692826 0.1491999725234251 0
1039 1.280380721826115 0.4579137547620058 0
1040 1.369516017582759 0.4308469746406531 0
1041 1.341555220469544 0.4156247260819915 0
1042 0.7600521329342274 0.4162918370281041 0
1043 0.8849888333156143 0.7164721689960084 0
1044 1.020370784765521 0.06894076443762454 0
1045 0.9856821729319336 0.9188408269949383 0
1046 1.825532585691443 0.595864066897283 0
1047 1.208828609119703 0.1353269268212108 0
1048 0.8592593703517456 0.7837331014136714 0
1049 0.0928891069604631 0.2560214430988592 0
1050 1.917114516300292 0.736882275611587 0
1051 0.8516924425969954 0.6766305489390633 0
1052 1.233183860524621 0.5980225030754968 0
1053 0.1704958972602777 0.405632285452647 0
1054 0.8883587355225224 0.7766245952741981 0
1055 0.9090108180522317 0.76953237732016 0
1056 1.20472335649703 0.904961138741287 0
1057 0.4586297071701189 0.50398698202153 0
1058 0.1495759481762786 0.9031960778006223 0
1059 0.213588425251399 0.8254579756222912 0
1060 1.849353093658485 0.08622904882848656 0
1061 1.299132408682159 0.4826715228951841 0
1062 0.9130780043846409 0.7508100940946593 0
1063 0.903704361065918 0.7363405892574186 0
1064 0.7169616694190599 0.6327553457852368 0
1065 0.7290294285562851 0.6534253766082259 0
1066 1.154019639834851 0.3227712995609149 0
1067 1.594010411752359 0.8400183145684245 0
1068 0.6700421716485451 0.6175152266015769 0
1069 0.9267489065224572 0.7612272911927406 0
1070 0.9543119183487623 0.7690198069847407 0
1071 0.9244437748773069 0.7819211787362413 0
1072 0.7873097159865449 0.3422675565696927 0
1073 0.4552765007026681 0.2344633611419516 0
1074 1.064512447539234 0.2312347197676015 0
1075 1.074993215867718 0.2444945633984502 0
1076 1.087978078203181 0.255188535938271 0
1077 0.8091175022645629 0.3586460981481601 0
1078 0.9606335875761843 0.1965998171574839 0
1079 1.123495690679577 0.2876807263431365 0
1080 1.110488204703017 0.2773467169799967 0
1081 1.486529705886894 0.6301962757090442 0
1082 1.010887750327804 0.1921260023500642 0
1083 1.447222458653032 0.2159866062117377 0
1084 1.506508640799836 0.2654057747247859 0
1085 0.6534132598715564 0.5863841741531086 0
1086 0.8577409037305278 0.3162862813799905 0
1087 1.582907873451064 0.4025016295304564 0
1088 0.5039735973121553 0.6820509560905483 0
1089 0.7315528167682772 0.4287124317193413 0
1090 0.7363759672603822 0.4415873231464412 0
1091 0.9252947137948914 0.2434062596009523 0
1092 0.9305136115854449 0.2215116588087047 0
1093 1.261266780730506 0.6382652309425321 0
1094 1.278238429403411 0.9250393717139624 0
1095 1.543004844520252 0.3542818123968355 0
1096 0.771945798146296 0.5986999336640223 0
1097 0.2309337527750511 0.4625660919551081 0
1098 0.8946870221059802 0.1748542623939603 0
1099 0.840710210353798 0.1549618785663746 0
1100 1.000269421265663 0.8335437271065664 0
1101 0.5359271031320416 0.6443384497472918 0
1102 0.07461924939425142 0.8475015183887449 0
1103 1.926496881633288 0.1519953406016705 0
1104 1.734053973034945 0.8002149833509067 0
1105 1.810965218927082 0.8259284307660724 0
1106 1.129799667276134 0.300964224757296 0
1107 1.833175664613085 0.4949736441452572 0
1108 0.784081433824958 0.6160637239735887 0
1109 0.6350220743856538 0.5540262054260267 0
1110 1.847691437572382 0.9154987547179869 0
1111 0.1528672953594051 0.07916744824097026 0
1112 1.148923320758768 0.6770160918480852 0
1113 0.8140947682540119 0.7609810652133014 0
1114 0.4942473156561028 0.3670192788296912 0
1115 1.433908363404693 0.8466896140267098 0
1116 1.281623433049724 0.5304606423518599 0
1117 0.7193371116106024 0.4705778728530511 0
1118 0.704211165313943 0.4833129378057355 0
1119 1.281674094445571 0.4686392229334921 0
1120 0.718376566950336 0.5304606423519745 0
1121 1.295617781226466 0.5165480137845151 0
1122 1.191908170866246 0.3071702030751422 0
1123 1.527462430737618 0.4076751700778113 0
1124 1.044953250314592 0.1956658483574581 0
1125 1.213984251846029 0.3006164910060517 0
1126 0.7249999352102872 0.5378379497145349 0
1127 1.260693200491626 0.5513908749099394 0
1128 1.271203960290836 0.5559595298629949 0
1129 1.262591778625472 0.5625512485532269 0
1130 1.280978341642481 0.5448367091856235 0
1131 1.27349620433913 0.5365004359871245 0
1132 1.260693200491584 0.448609125089929 0
1133 1.271267112287822 0.4450119574797625 0
1134 0.7391186335539321 0.5515790408647026 0
1135 0.7245614550443746 0.4626648441113579 0
1136 1.253146162483001 0.442609893662779 0
1137 0.9069105365907166 0.2660245036158892 0
1138 1.212623205290337 0.6364321154444796 0
1139 1.197662561744457 0.6332231825558177 0
1140 1.206682430044971 0.6215844419716829 0
1141 0.7602370320666926 0.5723211074683682 0
1142 0.7607320036662373 0.427471526506949 0
1143 1.241416813710775 0.5734074796819087 0
1144 1.239305827866175 0.5859791829698171 0
1145 1.25371645630562 0.5583676190959381 0
1146 0.745975281736641 0.5591014762709289 0
1147 0.736299162885947 0.5633120837293013 0
1148 0.7812834970732555 0.5935647193933996 0
1149 0.7811672646246277 0.4067486599737652 0
1150 0.7693602920979554 0.4034067294715042 0
1151 0.7804537035242043 0.3929982684127539 0
1152 0.7665198219276439 0.5798495138185128 0
1153 1.220087888880054 0.5942815329220692 0
1154 1.212138923249126 0.6017083167250548 0
1155 1.218832735375246 0.4067486599735963 0
1156 1.22946480809329 0.4030933314416166 0
1157 1.219859717143625 0.3933458661860818 0
1158 1.211146144711228 0.4009744406199675 0
1159 0.8013299031195118 0.6143761206426405 0
1160 0.8082280391179326 0.6218144756100644 0
1161 1.198194539558533 0.3856740099105199 0
1162 1.191303579061913 0.3779408003860205 0
1163 1.203987315298436 0.3738209656530401 0
1164 0.7881440088109862 0.6002280842126287 0
1165 0.8020974971827428 0.3858184274156465 0
1166 1.197241673182677 0.6132453313813055 0
1167 0.7890227628336932 0.400834001393052 0
1168 1.112148492986926 0.1291251080722326 0
1169 1.08303586303678 0.08869528256234638 0
1170 0.9407335479862025 0.7721296998856216 0
1171 0.6598097930814083 0.4831586036513684 0
1172 1.362507217010609 0.2762662946074743 0
1173 1.082833578741904 0.266266381034736 0
1174 1.097070647765684 0.2666490528271575 0
1175 1.113586128645364 0.2614159120322337 0
1176 0.8082758544032154 0.3784988651295855 0
1177 1.177816102713025 0.6353322603260922 0
1178 1.169995526073367 0.6420885493282142 0
1179 0.8226993329904334 0.3646116388935267 0
1180 1.190925758631468 0.6211583167701644 0
1181 0.8202717473316136 0.6358785515882142 0
1182 1.176019866807019 0.3654438148072812 0
1183 1.170555673117925 0.358117310821909 0
1184 0.6642802673455306 0.8645991289209224 0
1185 0.843789133611615 0.3437528119603208 0
1186 0.8400911027734688 0.3331143585879054 0
1187 1.156268161122998 0.6564728982639054 0
1188 1.166880739610121 0.6599039954230786 0
1189 0.8296793113319391 0.3575949282076186 0
1190 0.826171756647923 0.3471019892065009 0
1191 0.8294859790697169 0.6422755048590801 0
1192 0.8437592856197915 0.656440412764562 0
1193 0.8579114506710399 0.3300044739273255 0
1194 1.140977600997229 0.669167421179955 0
1195 0.8591784877649854 0.6690513299986541 0
1196 1.156267506596468 0.343732493403162 0
1197 1.141777862212553 0.3287725656708982 0
1198 1.142338976266868 0.3170271496718587 0
1199 1.135111805143159 0.6769722702585114 0
1200 1.121080624278876 0.6893601257803459 0
1201 1.121158316770407 0.309074241368761 0
1202 0.8658755517121093 0.3240962551493392 0
1203 0.8648881948575023 0.676972270259123 0
1204 0.388650594473378 0.1523106239795351 0
1205 0.3208690179024314 0.165326322269327 0
1206 1.804514975280124 0.2857771105561935 0
1207 1.103498891247842 0.2872675987068848 0
1208 0.8784792007018045 0.6919025781738424 0
1209 0.8686340794721155 0.6945477759843118 0
1210 0.8788416832291962 0.3090742413691525 0
1211 0.8876483719469063 0.2875508078270957 0
1212 0.8941507226688827 0.2955501067501129 0
1213 1.107475675481987 0.7051500940858714 0
1214 1.120200443836374 0.7079591796968376 0
1215 0.8927951716016755 0.704879247003301 0
1216 1.74047432296993 0.475845320050597 0
1217 0.91965072161703 0.7365922056207761 0
1218 0.9138026318126949 0.7266673488440226 0
1219 0.8951805955320297 0.723770611350472 0
1220 1.06571110184048 0.2533493375365902 0
1221 0.2262256751496641 0.6880876120407579 0
1222 1.085855649674593 0.7239951845577081 0
1223 0.9147540213323296 0.2746607720392972 0
1224 0.9198817225799552 0.2669914078067875 0
1225 1.100611613094899 0.7122395200709183 0
1226 1.104373587484513 0.7229782386465833 0
1227 0.8990806909593944 0.2878172377743817 0
1228 0.8944346061594456 0.2758299549970225 0
1229 0.8984526166809453 0.7129364999912543 0
1230 0.3442570123105808 0.4011115602533538 0
1231 1.194682276497955 0.3655535041662297 0
1232 0.2998148454567439 0.8292060477237142 0
1233 1.079677834789464 0.7325003021716927 0
1234 1.086161814599921 0.7416520069004161 0
1235 1.131656962442759 0.6951372405870725 0
1236 0.9490334542045968 0.7613649682269608 0
1237 0.9540799780313625 0.7812233898765003 0
1238 1.065678900718757 0.746841691416021 0
1239 1.052161530339633 0.2369069887783043 0
1240 0.9346556367179455 0.7467397121195055 0
1241 1.923988032230142 0.3522732378158806 0
1242 1.098241143111562 0.871832438996297 0
1243 0.962516016202942 0.7740952647904815 0
1244 0.9580668541278927 0.7953575907818151 0
1245 0.973990337782552 0.7913281259876037 0
1246 0.9696689864176827 0.8095123186375444 0
1247 0.9348084718872522 0.2531880640811454 0
1248 0.6465326492176896 0.8046962512431275 0
1249 0.2806710199480013 0.5077984600540372 0
1250 1.169332278421025 0.7382598212044313 0
1251 0.6917438160320698 0.6291263094471478 0
1252 0.1809654766722419 0.7535081796324481 0
1253 0.7854314786122953 0.2242525266843746 0
1254 1.330603997763238 0.4530080865542107 0
1255 0.880219497670657 0.2751901778784996 0
1256 1.040141689262608 0.7772061393221535 0
1257 1.051390874910268 0.7606932004913993 0
1258 1.057512017459227 0.7724375201407088 0
1259 0.6187618902931791 0.4553150454908388 0
1260 1.291539494409174 0.5349502010444752 0
1261 0.7008372741885521 0.4729302974443776 0
1262 0.6251359851926512 0.7163337675660751 0
1263 1.289201239925468 0.3638249689782748 0
1264 0.5183839808846629 0.6041918363728173 0
1265 0.5352032482282122 0.7272092770860459 0
1266 0.9130745265937599 0.2006734977067222 0
1267 0.9484500730259884 0.2407124354725993 0
1268 1.306334481101729 0.7157335610100021 0
1269 0.7463056423202016 0.4417831359728775 0
1270 0.7122927767320913 0.09819472204548653 0
1271 0.8327719746861844 0.6593077709158793 0
1272 0.8272112900259442 0.2087569351396389 0
1273 1.023483898166 0.7886001772356661 0
1274 0.9755131657090743 0.210815556274875 0
1275 0.9621109617579499 0.2241575383702834 0
1276 0.9480692951481653 0.2202511481308977 0
1277 1.038716306303992 0.224896910251291 0
1278 1.043644494136695 0.2127659574187985 0
1279 1.030757066877907 0.2059398825890066 0
1280 0.7890517056413614 0.3842084006050953 0
1281 1.023065369725153 0.2122409887792464 0
1282 1.842071224659541 0.6906388154671614 0
1283 1.541347867611187 0.5473752609333868 0
1284 0.6698014965950563 0.1411191358896438 0
1285 1.036646857982973 0.7930096438727384 0
1286 1.269662447420083 0.7805652081087074 0
1287 0.6617569688236173 0.3728556968952386 0
1288 0.6321929779249371 0.3781382760363275 0
1289 1.337760307572055 0.5193574121667486 0
1290 1.413597342268113 0.7062671465428012 0
1291 0.9835885030893501 0.1817881106057638 0
1292 0.7501892669370067 0.6489959812854141 0
1293 1.470109552064084 0.7966608633028073 0
1294 1.319066893609579 0.6131488097999966 0
1295 0.6446380884575051 0.424350231133797 0
1296 1.239657017537055 0.427915025981444 0
1297 1.032760670654005 0.8641509253930916 0
1298 1.165892659395652 0.827248420274038 0
1299 1.385154995035027 0.224620259772103 0
1300 0.1513825821463374 0.1990518824639924 0
1301 0.2647913253712532 0.4011811775545273 0
1302 0.6150561423616937 0.1295893604768335 0
1303 1.166676025087258 0.3404008497355959 0
1304 0.4433725721379146 0.8036228945339835 0
1305 1.384983746629704 0.4693377682345885 0
1306 0.9443801285736297 0.06103328962996625 0
1307 0.9755817559224759 0.1965119884806339 0
1308 0.5310802421382405 0.3327015198438865 0
1309 1.138030130559115 0.8066312363062796 0
1310 0.8493808011822399 0.3260750261460182 0
1311 1.341725160047128 0.572941532317609 0
1312 1.343678244191557 0.4380701262551108 0
1313 1.383912513678162 0.5152674715438262 0
1314 1.212420173485129 0.1864192225635348 0
1315 0.7251852119650228 0.5684152487508201 0
1316 1.294644658998254 0.2527170569787089 0
1317 0.7511092494367757 0.6871872947944055 0
1318 0.7722664200325144 0.7307521796506093 0
1319 1.577532570659537 0.1454971480252495 0
1320 0.9389553354188311 0.9451322791307679 0
1321 0.7415986927275884 0.3645476994978067 0
1322 0.727300168643243 0.4148255896111428 0
1323 0.6827300494957125 0.2734675875585382 0
1324 0.7993608424524478 0.7371694756125294 0
1325 0.7987251639656061 0.7912378177123485 0
1326 1.305842684621223 0.4713664885391403 0
1327 0.7731794118303956 0.6795454176287197 0
1328 0.744850547009885 0.5682123566712568 0
1329 0.8123638696408373 0.2517747912264005 0
1330 0.985562171010598 0.8191691223313194 0
1331 1.255698210903781 0.571516368863177 0
1332 1.016539179157841 0.7957823718110154 0
1333 0.8071111191212959 0.633080016732648 0
1334 0.7196623318131175 0.4527263166719284 0
1335 0.1549792261218912 0.6895304977497759 0
1336 0.7015744495732666 0.5284822977694136 0
1337 1.107063760764813 0.2955831581755559 0
1338 0.8598421755486305 0.6870334947822592 0
1339 1.275034274233133 0.1172626862944845 0
1340 1.627006166158969 0.07239928156122633 0
1341 0.9835737281287829 0.2045631114415802 0
1342 0.7682022288481822 0.4222928237284755 0
1343 0.868108102111909 0.3053174044379355 0
1344 0.7429717205259578 0.4314121321747045 0
1345 1.154616475182016 0.1434184087787904 0
1346 1.087092176456967 0.274691536989105 0
1347 0.6065580381015732 0.4818276517873061 0
1348 0.9070274514348576 0.7875781635696125 0
1349 0.9192685555652849 0.8066583608672703 0
1350 0.8048611817664304 0.3688940193504757 0
1351 1.050973256704288 0.2250691620261411 0
1352 0.4851169421749115 0.5434000723686461 0
1353 1.361687162637008 0.3980466413378735 0
1354 1.305789432066934 0.8737904066690236 0
1355 0.8764854980664911 0.7037772697870314 0
1356 1.273511693414702 0.4640166499324671 0
1357 0.9393663293355562 0.2344684130441419 0
1358 1.677160773131288 0.8482561293595846 0
1359 0.7296977738852192 0.554023156347346 0
1360 1.297053791189383 0.5258404084766828 0
1361 0.6668941325445752 0.5027914935306642 0
1362 1.280968006325934 0.4364049888513243 0
1363 1.499660695805791 0.3712754074277265 0
1364 1.153564279185761 0.8686934383027761 0
1365 1.23275689041449 0.4206591080483426 0
1366 0.8591671541962298 0.7027095810803765 0
1367 1.134512337236302 0.323627197647045 0
1368 1.232240107111465 0.5783644042162058 0
1369 0.7615456256633141 0.0542830693439204 0
1370 1.305107721431237 0.5190612098032826 0
1371 1.172681750797579 0.2022069640348681 0
1372 1.02567349402325 0.1944548885151519 0
1373 0.7649036059885552 0.5897463888753109 0
1374 1.065858307612251 0.7580696646699741 0
1375 1.207522196234958 0.3831754781836135 0
1376 1.189782085777687 0.7004807412657228 0
1377 0.8616145211731083 0.8169017939221521 0
1378 0.6342237065048701 0.482570151960244 0
1379 1.854426415019891 0.2006171803859344 0
1380 0.4708528555886852 0.5897004212468601 0
1381 0.5993723213941601 0.7920433616420948 0
1382 0.1505254642894421 0.5713452020405904 0
1383 1.318798106726499 0.4649072646299344 0
1384 0.6952207760125144 0.4815869211523999 0
1385 1.139091031439051 0.6855318319655823 0
1386 1.318647263325153 0.7842179688787116 0
1387 1.270973423649636 0.5693861627195385 0
1388 1.095710997803216 0.7542248407996882 0
1389 1.460282262748923 0.7077550163281578 0
1390 0.9833776519252064 0.1654075334692828 0
1391 0.6890577462490208 0.6087889406425064 0
1392 0.8203623339591437 0.3552460548897962 0
1393 0.8275072089029833 0.6512670076478939 0
1394 0.8271127060300469 0.6710752563460884 0
1395 0.8209049078354802 0.6456434825829525 0
1396 1.791019275602869 0.1461580589879342 0
1397 1.264271345789461 0.6574905098722862 0
1398 0.9821495689127272 0.7968057441417487 0
1399 1.297310243101096 0.3431317061352752 0
1400 1.173201413555501 0.6515905588888642 0
1401 1.173009666481227 0.6698401202777157 0
1402 1.125241987642661 0.1611406360668991 0
1403 0.8409488886416634 0.6678740017321507 0
1404 1.159008525374308 0.3345497187572253 0
1405 0.9243062417222144 0.749396346598291 0
1406 0.07353351151835147 0.9264664884816484 0
1407 1.926466488481707 0.0735335115181745 0
1408 1.228989006748018 0.6393788507248265 0
1409 0.1547756732660048 0.3353317950247568 0
1410 1.159944626119529 0.6680408716773757 0
1411 0.8345488749618188 0.3411685491213948 0
1412 1.403599232469788 0.4998489593142972 0
1413 0.6093843453091135 0.5248342745258344 0
1414 0.7047417291060178 0.9133026507647712 0
1415 0.07320508075713184 0.07320508075729706 0
1416 1.926794919242905 0.9267949192429463 0
1417 1.213698609513488 0.6127068032099303 0
1418 1.31474192196368 0.5247575651483892 0
1419 0.9168211655115733 0.2563560492327483 0
1420 1.00687958293173 0.1771393933089646 0
1421 1.044654609351232 0.1108746268817192 0
1422 0.5789184291169623 0.4844134118986231 0
1423 0.7404573752063026 0.4497597007878318 0
1424 0.6284272241833473 0.4027671198807597 0
1425 0.6870761022111542 0.4870900070583747 0
1426 0.7235685329662437 0.5470072385165411 0
1427 1.32553788298663 0.5076634973286644 0
1428 1.534179092659227 0.7999055462039938 0
1429 1.063484593714981 0.1944822950960656 0
1430 0.7939996767819015 0.7162615747692183 0
1431 1.430572940730566 0.5098127042849592 0
1432 1.453751291942235 0.6400673738720692 0
1433 0.7412943677382788 0.3425749259051138 0
1434 0.9613165954660408 0.2095804785386692 0
1435 1.241381427859778 0.3761567314432838 0
1436 1.380907072865656 0.3799530870796126 0
1437 1.140554651116182 0.3055514123961996 0
1438 0.3105559832331548 0.2317238758518954 0
1439 0.4267977259152957 0.8585572413814838 0
1440 0.7997102046499225 0.3495827210339226 0
1441 1.72961606320477 0.1571798381892356 0
1442 1.059216413969144 0.8825300502223627 0
1443 1.534569143281295 0.3038196315660585 0
1444 1.18831874401651 0.6373822234677822 0
1445 0.6495230966446195 0.5661898840675503 0
1446 1.229359811147453 0.3801358001714251 0
1447 0.9384863077082445 0.7930108493614377 0
1448 1.110559925385439 0.714538226974751 0
1449 0.7520417926726216 0.4253649024410925 0
1450 0.7250187833484547 0.5820337629544551 0
1451 0.1942285473535376 0.1426665495050992 0
1452 1.356195360443248 0.1728708509338177 0
1453 0.7413353560948313 0.6697192350860708 0
1454 0.7933061883533603 0.6158485592623484 0
1455 1.291437678516428 0.06916720341195062 0
1456 1.092189077623214 0.7298921512384329 0
1457 1.855512948356018 0.4245740224119188 0
1458 0.7690822869750301 0.3404988057289438 0
1459 0.7553844821860429 0.3347035530655547 0
1460 1.191184773519122 0.7348933054887771 0
1461 1.553373832501186 0.5944039010470229 0
1462 1.399477419759326 0.9035839152585844 0
1463 0.8751746092383222 0.2605475341225271 0
1464 1.873997230419219 0.3043747128480008 0
1465 1.091087662862712 0.2393142850527079 0
1466 0.9483256931659855 0.8326733647361273 0
1467 0.7812870807689762 0.6050062584507924 0
1468 0.8984806653783934 0.08317908696202793 0
1469 0.6921914204992883 0.5271728168201734 0
1470 0.7096534101974468 0.5322070549188074 0
1471 1.235367261603311 0.4119150958212685 0
1472 1.077405581609432 0.7513288662034661 0
1473 1.112114018163519 0.2895345909703455 0
1474 0.6371778361125571 0.4454580333946375 0
1475 0.8946048422836921 0.8359101641738262 0
1476 1.180550451736643 0.2981606363281496 0
1477 1.458380263649148 0.2823651697331958 0
1478 1.199464176083187 0.3534922241005617 0
1479 1.029180762403653 0.9073991076268122 0
1480 1.248492455968422 0.4255907933748567 0
1481 0.5092940755983997 0.1055678318308681 0
1482 0.7514506358093556 0.5741307595396214 0
1483 0.6352251520705559 0.2684161121769505 0
1484 1.180869139472761 0.1706891548342035 0
1485 0.8133188016798331 0.3279229952965149 0
1486 1.217584946782218 0.3642576719371046 0
1487 0.8322869582064029 0.7803012699261536 0
1488 0.9946532735280922 0.173366819592604 0
1489 0.1388018177427873 0.8081022203931008 0
1490 1.201935326381694 0.7166484631420107 0
1491 1.271354317485437 0.3685738482386048 0
1492 0.673594726104216 0.4804336376779574 0
1493 1.259995695814078 0.5905713992960696 0
1494 0.6035167584143113 0.9059000208218531 0
1495 0.4377063891190318 0.1782416718618641 0
1496 1.324263447418537 0.5203798171825674 0
1497 0.8381539279670189 0.8457323117086901 0
1498 1.32775766666467 0.6399128043183655 0
1499 1.212536826613317 0.278489709076283 0
1500 1.852231745663718 0.7665686614240393 0
1501 1.172614293750291 0.3489785981367522 0
1502 1.117191008210662 0.7029308412567709 0
1503 1.122919267513855 0.6965198717018883 0
1504 1.125928703139567 0.701548210141955 0
1505 1.745221222646962 0.6288524266864925 0
1506 1.777157410051006 0.5947444997967835 0
1507 1.793596398287399 0.6299719937869921 0
1508 1.060185392381575 0.03447038221881227 0
1509 1.091517931517205 0.04434764128117319 0
1510 1.05170332390115 0.07881802349998546 0
1511 1.274337535151119 0.4571173622015708 0
1512 1.269780730381973 0.4506664635604491 0
1513 1.275823917056968 0.4514628561208841 0
1514 0.8796330140708855 0.2963397374007803 0
1515 0.8822502951175484 0.3044021885429451 0
1516 0.8762244021825333 0.3010117902269878 0
1517 1.077647550441301 0.7789414892965263 0
1518 1.067210790960506 0.7816076491326667 0
1519 1.067948776940022 0.7697713603045683 0
1520 1.491624618408553 0.2102961694051573 0
1521 1.521267709481954 0.2350057536616814 0
1522 1.476865549726434 0.2406961904682618 0
1523 1.266350492190621 0.4198667121230844 0
1524 1.268899625133951 0.4278509948396079 0
1525 1.259398310442732 0.4260239590568615 0
1526 1.083673023931354 0.2111191170268773 0
1527 1.072583559604642 0.2187994253382042 0
1528 1.074122246808667 0.2042981528240418 0
1529 1.104594948612918 0.9271966120073514 0
1530 1.084827522047233 0.8999533066710855 0
1531 1.118008569677247 0.8990757443325629 0
1532 1.292346145074276 0.4686597589258028 0
1533 1.286541405487484 0.4718396242928722 0
1534 1.287478834032362 0.4654593575664226 0
1535 1.325365219924083 0.2556808213385184 0
1536 1.346401772863356 0.2523156971731843 0
1537 1.341470664071337 0.2796314187728084 0
1538 0.8074391094113282 0.9177674842160881 0
1539 0.7829624612493911 0.8880786946431032 0
1540 0.8255233518415994 0.8837086700482297 0
1541 0.6869379154483423 0.5358376098818065 0
1542 0.6846602262051692 0.5300103226162001 0
1543 0.6944691097424613 0.5330001040857798 0
1544 0.7112475188071758 0.4695819800527593 0
1545 0.7152161632303251 0.4666128655622332 0
1546 0.7153684671874532 0.4735469873435771 0
1547 0.4916123184729441 0.7958391501532061 0
1548 0.5158118929202616 0.7672717847142425 0
1549 0.5238790772444588 0.8139705547243279 0
1550 1.813098318856478 0.4598128518497329 0
1551 1.786824993791507 0.4854094820979271 0
1552 1.766747648034901 0.4502486898024028 0
1553 1.802671866091353 0.5168023447644889 0
1554 1.756321195269776 0.5072381827171588 0
1555 0.7668837563339894 0.415252110021062 0
1556 0.7647062125160914 0.4098492832498042 0
1557 0.7715378359158535 0.4088095562427621 0
1558 1.750475150990096 0.5661279890400024 0
1559 1.798850326630532 0.5672475561405018 0
1560 1.359713667428746 0.5745388176379462 0
1561 1.352162308057449 0.5818184837253628 0
1562 1.349276519418426 0.5656618662301925 0
1563 0.9083911827252795 0.7435753416760389 0
1564 0.9116775413414739 0.7364663974390974 0
1565 0.9163643630008355 0.7437011498577177 0
1566 1.12828412874474 0.2572300267173233 0
1567 1.120828177626179 0.2659416079507044 0
1568 1.121042079763925 0.2527043307988526 0
1569 0.8925095179487663 0.7348279154731684 0
1570 0.8882476351818223 0.7285429265196951 0
1571 0.8994424782989738 0.7300556003039453 0
1572 1.37124860116383 0.9597041369770477 0
1573 1.3709873110428 0.91149609460634 0
1574 1.399738709880357 0.9517919576292921 0
1575 1.158856570840429 0.2756152066673596 0
1576 1.154197420896287 0.2881211604407083 0
1577 1.146866806672808 0.2764846632720653 0
1578 1.281300887346102 0.5376486757687418 0
1579 1.286581463729449 0.5327054216981675 0
1580 1.286258918025827 0.5398934551150494 0
1581 1.022980512396572 0.8238229407814186 0
1582 1.016411914580924 0.831870682963306 0
1583 1.006838019081312 0.825495984924679 0
1584 0.7061185484764281 0.4747231996392404 0
1585 0.7059662445192999 0.4677890778578965 0
1586 0.6820279686625922 0.463114490656218 0
1587 0.689873326695688 0.4676057079608719 0
1588 0.6788601846089092 0.4702219555349917 0
1589 1.140011993749718 0.2539857295320941 0
1590 1.139798091611971 0.2672230066839458 0
1591 0.9788438696696118 0.8068154136396399 0
1592 0.975909277665205 0.8031590313896465 0
1593 0.9850841609171341 0.800462126391742 0
1594 1.492670162604048 0.07909203172017404 0
1595 1.512894648345442 0.1140331275038371 0
1596 1.464797012951431 0.1142588767397621 0
1597 1.294086627531855 0.4178889334410213 0
1598 1.286924603086304 0.4255318796850448 0
1599 1.283013831327392 0.4140508016618072 0
1600 1.285048164923954 0.4525382299396772 0
1601 1.280491360154807 0.4460873312985555 0
1602 0.2453489342989742 0.1489148674251501 0
1603 0.2857182143699154 0.1318127264025812 0
1604 0.2804997378314902 0.1824284632918959 0
1605 1.015840718760975 0.1668969771467746 0
1606 1.017192051280912 0.1767083924944133 0
1607 1.005528250411793 0.1673279779613259 0
1608 1.242380178475614 0.5980698626394502 0
1609 1.236244844195398 0.5920008430226569 0
1610 1.245441162146391 0.5920482025866103 0
1611 1.307539385065159 0.2678567999584257 0
1612 1.312470493857178 0.2405410783588016 0
1613 0.9263054768736254 0.2509008768232473 0
1614 0.9300515928410718 0.2482971618410488 0
1615 0.9310623559198058 0.2557917790633438 0
1616 0.8191627623118055 0.3369150508666649 0
1617 0.826057358642635 0.3391363327737323 0
1618 0.8192771603170935 0.3448807072994334 0
1619 0.9407765135463553 0.7642513542842765 0
1620 0.9449264666555525 0.758868988454946 0
1621 0.9448835010953996 0.7667473340562911 0
1622 1.289482702808351 0.4328875001577916 0
1623 1.278409906603887 0.4290493683785775 0
1624 0.6741440873138005 0.6043594226261708 0
1625 0.6617277157600507 0.6019497003773427 0
1626 0.665829631425306 0.5887938964019367 0
1627 1.314645121275374 0.5349005028998841 0
1628 1.309484997529636 0.5298702880924997 0
1629 1.319902045709418 0.5297877799557735 0
1630 1.271576285398996 0.4131228466154613 0
1631 1.262074970707777 0.4112958108327149 0
1632 0.8282230055887183 0.3002771124607702 0
1633 0.8395330137692685 0.3030509961067744 0
1634 0.8292445383679826 0.3119707619975597 0
1635 1.551232533061899 0.8462610798462913 0
1636 1.521316873515333 0.8262046956640761 0
1637 1.564094752205793 0.8199619303862091 0
1638 0.6589337944529144 0.5392125258416219 0
1639 0.648353875830107 0.5516715086629317 0
1640 0.6456019930084613 0.5415672226047169 0
1641 0.565467718833095 0.8809068951290135 0
1642 0.5202952393670794 0.8803821317447087 0
1643 0.5448519822631568 0.8430626835475962 0
1644 1.371558810543974 0.5607893096999125 0
1645 1.374444599182997 0.5769459271950828 0
1646 0.8038252812435114 0.2887133019390381 0
1647 0.8166196903886429 0.2943841814360623 0
1648 0.8051401210423009 0.3035259988545314 0
1649 0.5690515567104744 0.8144953181086327 0
1650 0.6767291282305254 0.4547874016988072 0
1651 0.6877422703173044 0.4521711541246873 0
1652 1.431567914709293 0.9572416324554665 0
1653 1.431306624588263 0.9090335900847586 0
1654 1.455193418090653 0.5888654747482501 0
1655 1.477401026611323 0.602137119034867 0
1656 1.464322097366224 0.6169246314224274 0
1657 1.222061905852447 0.7003631569757542 0
1658 1.218902789220761 0.7125826235664785 0
1659 1.205094443013381 0.7044289965512864 0
1660 0.8329012691317239 0.6862002127564648 0
1661 0.8269815730012204 0.6817162572411348 0
1662 0.8330324021605504 0.6755592118614184 0
1663 0.8183968153218977 0.6314138539275536 0
1664 0.8136914332264547 0.6344792841604311 0
1665 0.8118165012167389 0.6300145864997706 0
1666 1.699388597859657 0.1129959815121197 0
1667 1.644265964635533 0.1070780006430513 0
1668 1.682128799383093 0.07831726243029474 0
1669 0.9800184247052224 0.7886873188077483 0
1670 0.9765300526122165 0.7851989467147424 0
1671 1.416209919979597 0.5490747151498403 0
1672 1.405868753289202 0.5645085582609295 0
1673 1.39663090898862 0.5477625761459598 0
1674 1.132730196049251 0.7418199399674132 0
1675 1.121022836105312 0.7378647661428741 0
1676 1.131845666973363 0.7283192761980832 0
1677 1.082919824694693 0.7370761545360545 0
1678 1.085933456206339 0.7311962267050628 0
1679 1.089175446111568 0.7357720790694244 0
1680 0.7895219625112015 0.6205515648378401 0
1681 0.7886938110891591 0.6159561416179685 0
1682 0.7941343397754026 0.6204439824822201 0
1683 0.6527423915222685 0.6311374110331057 0
1684 0.6550647910919796 0.6162041440908348 0
1685 0.6677197720788342 0.6324484935438479 0
1686 0.2286078178307752 0.5056532482851239 0
1687 0.2558023863615262 0.4851822760045726 0
1688 0.2534764514172503 0.5282694323345885 0
1689 1.03457479049944 0.7793860852965879 0
1690 1.03839427362279 0.785107891597446 0
1691 1.032827374859623 0.7872878375718804 0
1692 1.529460753224662 0.8836932770920614 0
1693 1.572238631915122 0.8774505118141945 0
1694 0.7176062310096715 0.3904750792206972 0
1695 0.7298051682634414 0.389098820635935 0
1696 0.7230209644620547 0.4012208552575089 0
1697 1.065418861111488 0.7904506361751161 0
1698 1.055720087610209 0.7812805071831581 0
1699 0.6442270319281791 0.6472835649133224 0
1700 0.6315720509413244 0.6310392154603093 0
1701 0.8548652985230737 0.715251232178119 0
1702 0.8512600479557981 0.7077950223734684 0
1703 0.8627724047635053 0.7101657908850273 0
1704 1.032657539275095 0.8471742821065686 0
1705 1.016515045959834 0.8488473262498291 0
1706 0.6551558007590553 0.4946223172362205 0
1707 0.6633519628129918 0.4929750485910163 0
1708 0.6586979704906388 0.5044387621758684 0
1709 0.7057221147819444 0.3601688234868234 0
1710 0.720025705668188 0.3626239119971115 0
1711 0.7100868439248145 0.3758979560888352 0
1712 1.073323392133282 0.2284275546543206 0
1713 1.063772615010595 0.2216065904514852 0
1714 0.9928410864680255 0.9594204134974691 0
1715 1.007431467667793 0.9131199673108752 0
1716 1.014590381203885 0.9536995538134061 0
1717 1.51052413842845 0.176902852561001 0
1718 1.466121978672929 0.1825932893675814 0
1719 1.125902711148661 0.8702629386495366 0
1720 1.145670137714347 0.8975062439858024 0
1721 1.175774349485279 0.681242425368062 0
1722 1.169417839698923 0.6754552387396131 0
1723 1.179366176267582 0.6756273069061645 0
1724 0.692638554965726 0.5541910408370947 0
1725 0.6898268086647603 0.5457007819645681 0
1726 0.6995585452866001 0.5473176502239128 0
1727 1.21263504060209 0.3932478180747628 0
1728 1.206466280147756 0.3881626240735286 0
1729 1.213690956689291 0.3882606721848477 0
1730 0.3051738055014064 0.90920227938524 0
1731 0.2756630244940097 0.8714357988709631 0
1732 0.3293256264641405 0.8669725282379911 0
1733 1.173461089351202 0.2481201481352325 0
1734 1.168544722050968 0.2627556699748554 0
1735 1.156442323917184 0.2493431876590937 0
1736 1.33162057056902 0.465153942716977 0
1737 1.325717625050651 0.4711035317548388 0
1738 1.324701052244868 0.4589576755920725 0
1739 0.8131215147702522 0.1649453516610979 0
1740 0.8339607501898711 0.1818594068530068 0
1741 0.8063720546063253 0.19184287994773 0
1742 1.0470349235119 0.7836648167738806 0
1743 1.048826853360918 0.7748218297314311 0
1744 1.277237272990805 0.540668572586374 0
1745 1.277559818694427 0.5334805391694921 0
1746 1.03570695049351 0.964037087172937 0
1747 1.050297331693278 0.9177366409863431 0
1748 1.160349903372103 0.2969424755260076 0
1749 1.148360139204482 0.2978119321307133 0
1750 1.212487681762246 0.6612094041346623 0
1751 1.20178104289235 0.6584497405583547 0
1752 1.209290906591835 0.6508951353862866 0
1753 0.8063213843191197 0.2165047309120068 0
1754 0.8197875798333907 0.2302658631830197 0
1755 0.7988976741265663 0.2380136589553875 0
1756 0.7051641326160303 0.5406715010479227 0
1757 0.7079758789169959 0.5491617599204492 0
1758 1.124999999997696 0.04330127018933124 0
1759 1.116517931517271 0.08764891147050444 0
1760 1.718625716303214 0.04211762164968158 0
1761 1.66350308307909 0.03619964078061316 0
1762 1.32855003725915 0.1275384249087965 0
1763 1.352471947282806 0.1314809182511947 0
1764 1.332273450419592 0.1689283575914196 0
1765 1.128796786024117 0.7176543889559384 0
1766 1.140504145968056 0.7216095627804775 0
1767 1.254844387357003 0.4345457530072764 0
1768 1.248116893648183 0.4303370288080123 0
1769 1.255219949677242 0.4297995175741208 0
1770 0.8791112415670551 0.1834778845024716 0
1771 0.852122835690964 0.1735316925886788 0
1772 0.8676986162298891 0.1649080704801674 0
1773 1.382361460977588 0.5947848296316347 0
1774 1.394206604092816 0.5810353216936008 0
1775 0.1923502908098356 0.5224392094184628 0
1776 0.1946762257541115 0.4793520530884469 0
1777 0.9219784816696222 0.7429942761095336 0
1778 0.9186921230534277 0.7501032203464751 0
1779 1.355297224138861 0.471451941277608 0
1780 1.369185467821556 0.4639443703082677 0
1781 1.371095502947009 0.4768453392039287 0
1782 0.768587908038864 0.8561009635887922 0
1783 0.7480258286942837 0.8315430970803107 0
1784 0.780484624335082 0.8294620139667632 0
1785 1.175875336274447 0.2743921671434985 0
1786 0.6744315696783044 0.6660761823717372 0
1787 0.6838040417543331 0.6513067647175498 0
1788 0.6928382389235143 0.6700011866031681 0
1789 1.490369321550929 0.5786034936507182 0
1790 1.4994980008265 0.6066626503248954 0
1791 1.211848404873321 0.3526805589897795 0
1792 1.203336053958864 0.3565513443041791 0
1793 1.207976526997645 0.3496214387861621 0
1794 1.238125071598704 0.3300509503233497 0
1795 1.230904326719695 0.3436415150425646 0
1796 1.223709622791112 0.3321600887525477 0
1797 1.309878452106654 0.3969223845454992 0
1798 1.302849313778685 0.4078659068785195 0
1799 1.297204994100913 0.3954643330847634 0
1800 1.095870430691036 0.2096310219895627 0
1801 1.094331743487011 0.2241322945037252 0
1802 0.8686525849238169 0.7340946983417818 0
1803 0.8611840751733999 0.7262480778421616 0
1804 0.8738461650811977 0.7254686211892981 0
1805 0.9371798248657599 0.210027514442091 0
1806 0.9459576666471201 0.2093972591031875 0
1807 0.9392914533668051 0.2208814034698012 0
1808 0.7416730385122625 0.3917078100791526 0
1809 0.7517110840740466 0.3929548652273655 0
1810 0.7452579472776089 0.4010916518209596 0
1811 1.257546802934531 0.438309067718082 0
1812 1.250443746905473 0.4388465789519734 0
1813 0.1416628949735844 0.6328295459796873 0
1814 0.1236078260060749 0.6052181842821052 0
1815 0.1685805332569516 0.5989565637381726 0
1816 0.6800179251274682 0.5427110004949884 0
1817 0.9525813168060577 0.2040619243070732 0
1818 0.954692945307103 0.2149158133347835 0
1819 1.389083926202171 0.5346835324686112 0
1820 1.378742759511776 0.5501173755797003 0
1821 1.325623904708072 0.830820074922171 0
1822 1.306024684547108 0.8042598476609351 0
1823 1.338246483486116 0.8107781961399477 0
1824 0.8492463101114589 0.2838722988563737 0
1825 0.8581810545862234 0.2881128432459996 0
1826 0.8474462254647686 0.2955978909596107 0
1827 1.520383898998371 0.03943314124212453 0
1828 1.47228626360436 0.0396588904780495 0
1829 1.326473644151819 0.3698132330540472 0
1830 1.318993041230328 0.3854556415604912 0
1831 1.311714735350374 0.368878402245299 0
1832 1.740583629043388 0.8499470805204603 0
1833 1.772509595981014 0.8130717070584895 0
1834 1.779039251989456 0.862803804228043 0
1835 0.8159678754999649 0.8310020172327307 0
1836 0.7998859338226343 0.8226288490937965 0
1837 0.8148071056429367 0.7996109858512825 0
1838 0.7404563585143737 0.7348083247358127 0
1839 0.7582057066733463 0.7218843777537565 0
1840 0.7545170718735419 0.7436761266326656 0
1841 1.141239434233401 0.694689319505992 0
1842 1.135373996940905 0.6903345362763273 0
1843 1.144956468731547 0.689886615195247 0
1844 0.8878124571496389 0.7433340504723598 0
1845 0.8990073002667905 0.74484672425661 0
1846 1.219081020696117 0.6842568866702594 0
1847 1.206615688853914 0.6804867696336463 0
1848 1.217443149904963 0.6725341263433435 0
1849 1.201962051613824 0.6174148866764942 0
1850 1.198804094338219 0.6213713793709237 0
1851 1.194083715907073 0.617201824075735 0
1852 0.6785705942705965 0.6382540349666332 0
1853 0.6969772635158064 0.6421790391980642 0
1854 0.7379166633663505 0.5869775822133582 0
1855 0.7317997689153165 0.5885363444410268 0
1856 0.7311356777994887 0.5804750007267865 0
1857 0.8734748926705527 0.307195822903544 0
1858 0.8708576116238897 0.2991333717613792 0
1859 0.6889746082710804 0.3258264520167646 0
1860 0.7082686437976443 0.3282929807069579 0
1861 0.6963669409987541 0.3444282507049065 0
1862 0.8596421994549297 0.886312620440323 0
1863 0.8440769639852778 0.8795648856649524 0
1864 0.8537191634366709 0.8524800464840607 0
1865 1.353961199950071 0.6054507553915633 0
1866 1.339319790063207 0.6060295415456666 0
1867 1.347958046180905 0.5912742212872197 0
1868 1.629047801898665 0.6088170709402561 0
1869 1.596638992419394 0.5996963601608789 0
1870 1.625274310445548 0.5726151124635555 0
1871 0.4017196333907486 0.5631717573151751 0
1872 0.4240753711854772 0.5904009810760251 0
1873 0.3927974941667654 0.5949925947060841 0
1874 0.6885228283813241 0.4336611887790789 0
1875 0.700541260268583 0.4337780120894555 0
1876 0.6944618617724967 0.4439608884776531 0
1877 1.11751359056459 0.2333184745159411 0
1878 1.116150782075563 0.2463082432424198 0
1879 1.105166341757667 0.2356339681928893 0
1880 0.8196003158233407 0.8498760960919673 0
1881 0.8013412768843013 0.6443992556143127 0
1882 0.7996758480656767 0.6384194179009816 0
1883 0.8087765479399205 0.6390598544459791 0
1884 1.067846423448432 0.244808394870215 0
1885 1.070352158854099 0.2489219504675202 0
1886 1.063205366434814 0.249235781939285 0
1887 0.471526037467528 0.8230804073486375 0
1888 0.4634588531433307 0.7763816373385521 0
1889 0.7801993015341402 0.3841506057490384 0
1890 0.7844983025927188 0.3797556718452091 0
1891 0.7847527045827829 0.3886033345089246 0
1892 0.6997607022045633 0.4522879774350639 0
1893 0.8496717183656928 0.7238773093306027 0
1894 1.062606039284191 0.2381784730547906 0
1895 1.069752831703476 0.2378646415830258 0
1896 1.306760085537596 0.4193469849017571 0
1897 0.8484677582440329 0.3072915404964003 0
1898 0.7483451343525355 0.7807521105365018 0
1899 0.7586430033720657 0.7599612508612341 0
1900 0.7702204140100317 0.784113287783014 0
1901 0.7033026401234277 0.3880199907104091 0
1902 1.324637360908099 0.3978572153542473 0
1903 0.7027121270428476 0.4130377131165762 0
1904 0.7132152173073909 0.4142420272811228 0
1905 0.7051053171419537 0.4246826265554279 0
1906 0.7280873477557048 0.4471205845944193 0
1907 0.7302915405710972 0.4413425718792278 0
1908 0.7341717744449898 0.4473653358616327 0
1909 0.8269081657899288 0.2854644155452769 0
1910 1.04833210725937 0.1604980402291288 0
1911 1.044122575279046 0.1749722090292913 0
1912 1.031714051610418 0.1618032228796994 0
1913 0.6450500279133753 0.52735892647338 0
1914 0.6344701092905678 0.5398179092946898 0
1915 0.7793238544780539 0.7980709825853152 0
1916 1.238408963782283 0.3525247719926807 0
1917 1.223993514974691 0.3546339104218786 0
1918 1.205568171841116 0.3433574663114654 0
1919 1.197055820926659 0.347228251625865 0
1920 0.8453733755270372 0.200429220875311 0
1921 1.054451446184747 0.766565360316054 0
1922 1.05862459126126 0.7593814325806867 0
1923 1.061685162535739 0.7652535924053414 0
1924 1.299563129120188 0.4668229903692467 0
1925 1.298625700575311 0.4732032570956963 0
1926 1.045287507872082 0.791566569049173 0
1927 0.7000696979266179 0.5075495128655296 0
1928 0.6965813258335911 0.5040611407725029 0
1929 0.9362693865981744 0.1803596576595652 0
1930 0.9284602823699173 0.1996084338910997 0
1931 0.920883630822017 0.1814247214751877 0
1932 1.291692907314535 0.141124275271753 0
1933 1.311891404177748 0.103676835931528 0
1934 1.215502930927427 0.3971601534030246 0
1935 1.208278254385892 0.3970621052917056 0
1936 0.8250000000034327 0.9566987298106073 0
1937 0.7824391094112242 0.9610687544054808 0
1938 1.278011300427376 0.5916232395448435 0
1939 1.268848436908877 0.5911173510942374 0
1940 1.276106423661815 0.5821793332719912 0
1941 1.170089312050234 0.3197051235528057 0
1942 1.161516900836624 0.3258170162672225 0
1943 1.162592051048461 0.316659406846498 0
1944 1.112714318426815 0.7452334510999328 0
1945 1.111829789350927 0.7317327873306028 0
1946 0.749296841478362 0.4097127860352766 0
1947 0.7392587959165777 0.4084657308870637 0
1948 1.287144862188094 0.6159011047556444 0
1949 1.274976135690189 0.6127308221208473 0
1950 1.282922040172343 0.6037315400018868 0
1951 1.210927595778065 0.3343088273786044 0
1952 1.200006889707079 0.3319156402183073 0
1953 1.295270562605779 0.4788557742737182 0
1954 1.302487546651691 0.4770190057171622 0
1955 0.6864280792553804 0.3577022947966301 0
1956 0.9533202656541651 0.1874525003691268 0
1957 0.9617140403692199 0.1864807239101301 0
1958 0.9522398128611296 0.1975715936164806 0
1959 0.7893578335950655 0.2815051286193948 0
1960 0.8008374029414076 0.2723633112009257 0
1961 0.609763077288844 0.7466555842978575 0
1962 0.6172466137555044 0.7747826504768289 0
1963 0.5918887849274996 0.7639162954631233 0
1964 0.5383630313047086 0.2583419272289373 0
1965 0.5190963005510401 0.292933895304801 0
1966 0.5056251851074232 0.2649060160977782 0
1967 0.8085127038007935 0.3176241203990305 0
1968 0.795718294655662 0.3119532409020064 0
1969 0.7367758675682349 0.5711141611142095 0
1970 0.740574854947916 0.565762220200279 0
1971 0.7410515596302039 0.5735642975851873 0
1972 0.8967510507563203 0.2337361819121195 0
1973 0.9067815555305779 0.2380077321142341 0
1974 0.895148550442896 0.24446227233449 0
1975 1.413785615083794 0.5823474606974814 0
1976 0.7087877542549017 0.4533627850297225 0
1977 0.7020681627997094 0.4615730506767567 0
1978 1.249782785887995 0.6937795365841586 0
1979 1.232889366903497 0.6924105136854515 0
1980 1.246801900731665 0.6776732662786638 0
1981 1.303495108447272 0.4402020882391706 0
1982 1.299354212812785 0.4490984350657155 0
1983 1.29385650365628 0.4382663582908037 0
1984 1.263860368612014 0.6091638223153004 0
1985 1.254271959988098 0.6079418047334575 0
1986 1.261164905050523 0.5993392397852466 0
1987 0.7763923515310382 0.7470373038791778 0
1988 1.319130651663672 0.543156042815223 0
1989 1.308713603483889 0.5432385509519493 0
1990 1.224953013604449 0.6649795211712755 0
1991 0.8090875695030364 0.09934551488188489 0
1992 0.8404388860684487 0.1177682479998129 0
1993 0.8093588937883855 0.1365391454484466 0
1994 1.340213162428581 0.3554753770644825 0
1995 1.347491468308535 0.3720526163796747 0
1996 1.38130866950912 0.4822134063335107 0
1997 1.394291489549746 0.4845933637744428 0
1998 1.390616412429162 0.4974690018733651 0
1999 1.05643058068439 0.241014607560142 0
2000 1.058336988939434 0.2340708542729529 0
2001 1.246763020872502 0.3173286607674696 0
2002 1.253957724801085 0.3288100870574866 0
2003 0.7072383186927538 0.5652257572467412 0
2004 0.7104526110403326 0.5561842085335946 0
2005 0.7153206381455206 0.5656020566838964 0
2006 0.9504380800127035 0.1502780988133131 0
2007 0.9674889590686941 0.1573709415228747 0
2008 0.9457436141062647 0.1692687879532147 0
2009 0.707356608302121 0.5157211170594042 0
2010 0.7038682362091044 0.5122327449663877 0
2011 0.7482648011765883 0.5970893688926315 0
2012 0.7461601381209526 0.5896175951614429 0
2013 0.7558441848153626 0.5916680381264757 0
2014 0.09064556880153911 0.5926398329651357 0
2015 0.1175632070849063 0.5587668507236209 0
2016 1.120169375432899 0.7161616410351909 0
2017 1.128827854427592 0.7094519276175851 0
2018 0.8332487535929398 0.322957660992264 0
2019 0.8403228246610008 0.3239295021157347 0
2020 0.8330170317054079 0.3321425174644346 0
2021 0.8372054647685307 0.6926454543006095 0
2022 0.8432562939278607 0.686488408920893 0
2023 1.065315157476024 0.9053021122841184 0
2024 1.078728778540353 0.8771812446093299 0
2025 1.360798703735018 0.8072771904940665 0
2026 1.341199483574054 0.7807169632328305 0
2027 0.8057367207002093 0.3343553939194357 0
2028 0.8060463843180933 0.3461210732131442 0
2029 0.7994005410320385 0.337817041740214 0
2030 1.251142954719278 0.5900254474979019 0
2031 1.245007620439062 0.5839564278811087 0
2032 0.7036989109891079 0.683901855343952 0
2033 0.7130713830651365 0.6691324376897645 0
2034 0.8895051145821433 0.7009455765922075 0
2035 0.8846403348340833 0.7043282583951662 0
2036 0.8813502778145512 0.7003945879840727 0
2037 1.278738309844548 0.4054799003714378 0
2038 0.3683633523884126 0.8621852066681559 0
2039 0.3388525713810159 0.824418726153879 0
2040 1.202361678249902 0.9524805693706435 0
2041 1.241480892950221 0.9150002552276247 0
2042 1.239119214703093 0.9625196858569812 0
2043 1.251319977794 0.3016321029095042 0
2044 1.235487324591619 0.3028729661753673 0
2045 1.284792322932841 0.3962166091298425 0
2046 1.273354777004445 0.3952886540834965 0
2047 0.5831363227177495 0.4014575546958533 0
2048 0.6054015623741136 0.40510013745128 0
2049 0.5898192645923173 0.4238954799551335 0
2050 1.202172495894714 0.6274038122637503 0
2051 1.194294160187963 0.627190749662991 0
2052 0.6945794143321318 0.7022345546784307 0
2053 0.7148125584737541 0.7013658057650269 0
2054 0.8219387454123896 0.3201837773462597 0
2055 1.463927427629522 0.6741021747951649 0
2056 1.445156509252387 0.6567260485031868 0
2057 1.47252221031937 0.6574435001640473 0
2058 0.7697766014431436 0.0861997408372195 0
2059 0.8008565937232068 0.0674288433885858 0
2060 1.262088703047699 0.3944075609906899 0
2061 1.256599496528125 0.404327152013543 0
2062 1.251387435659673 0.394182767679141 0
2063 1.668722071327967 0.6171898568111542 0
2064 1.640086753301813 0.6442711045084777 0
2065 1.168930534023352 0.6889859946219355 0
2066 1.178878870592011 0.6891580627884869 0
2067 0.9629247016432625 0.8547357192113989 0
2068 0.9513824525639603 0.8530881399550154 0
2069 0.9598679422452876 0.8343209439925107 0
2070 1.097445598065676 0.243969010986038 0
2071 1.098808406554703 0.2309792422595592 0
2072 0.7492672244600405 0.3043040505101322 0
2073 0.7662103078490715 0.3055725324873506 0
2074 0.754932609754043 0.3196681239341047 0
2075 0.9337841928144827 0.758800149937836 0
2076 0.9337412272543298 0.7666784955391811 0
2077 1.404682360177517 0.4728371366950556 0
2078 1.413990103097559 0.48809273223491 0
2079 1.168887998122853 0.9631595248344144 0
2080 1.171249676369981 0.9156400942050579 0
2081 1.122911605349238 0.3003794897017248 0
2082 1.12547899202327 0.3050192330630285 0
2083 1.118590930096374 0.3044344980074573 0
2084 0.7258149567213574 0.4529348326243763 0
2085 0.7219347228474648 0.4469120686419714 0
2086 1.191342917091609 0.6544599910438248 0
2087 1.182937283087765 0.6533287510738125 0
2088 1.190178633718095 0.6470042318399667 0
2089 1.11975961705096 0.2937377404946451 0
2090 1.126647678977856 0.2943224755502163 0
2091 0.7821107025201217 0.3093958626344152 0
2092 0.7854832852786142 0.3234939841789143 0
2093 0.7602482239556012 0.7068639351757495 0
2094 0.7476271213754769 0.7001019353256546 0
2095 0.7637303520168999 0.6939492946445005 0
2096 0.5552471624920313 0.4418302854031349 0
2097 0.5776441414539684 0.4378089539917327 0
2098 0.5653372790100466 0.4593863421951609 0
2099 0.4985971775283697 0.4795416581172723 0
2100 0.4839564513030727 0.5027042465848168 0
2101 0.4732704333954159 0.4808243935539855 0
2102 1.559150184328798 0.1121817152547493 0
2103 1.531277034676182 0.1473485602743373 0
2104 0.797044427576346 0.6522713823631372 0
2105 0.8061451274505897 0.6529118189081349 0
2106 0.870083780890379 0.0402873087166256 0
2107 0.8992403326880259 0.04158954348101396 0
2108 0.8693241135807465 0.08187685219763957 0
2109 0.866794130184392 0.2846682951137928 0
2110 0.8649940455377017 0.2963938872170298 0
2111 1.135138941667829 0.2797289604572946 0
2112 0.6434226109140047 0.3233709989264684 0
2113 0.6669346628966113 0.3224241099359051 0
2114 0.6535608534895835 0.3429086110052764 0
2115 1.396660530666199 0.08470438326233529 0
2116 1.426498965578423 0.1178049131482987 0
2117 1.378586969034587 0.123191515454535 0
2118 1.1188879981232 0.9631595248344144 0
2119 1.085706950493185 0.964037087172937 0
2120 1.218512894646034 0.3851645935206071 0
2121 1.212344134191701 0.3800793995193729 0
2122 1.14753363639824 0.3060923298061061 0
2123 1.141381153922424 0.2972710147208067 0
2124 0.9307022716202014 0.753983501656123 0
2125 0.9377375579122268 0.7515563604012184 0
2126 1.208828588679427 0.2405173325484248 0
2127 1.203254248352736 0.2580092261307222 0
2128 1.191137827811678 0.2440407368686968 0
2129 0.9518275822120195 0.2262906017266808 0
2130 0.947476099305715 0.2333992341833029 0
2131 0.9437178122418608 0.2273597805875198 0
2132 1.243745872806771 0.5688236617744579 0
2133 1.250886571403274 0.567878106365092 0
2134 1.248557512307278 0.5724619242725428 0
2135 1.306962365775922 0.5594311900919577 0
2136 1.298078591734545 0.5585114512287148 0
2137 1.304315359830809 0.5505743520040451 0
2138 0.6287952414370553 0.2376174127326801 0
2139 0.6150521109660201 0.2131581454577504 0
2140 0.6464822127814936 0.2102822525064058 0
2141 0.8631580752033243 0.7450687805577074 0
2142 0.8758201651111222 0.7442893239048438 0
2143 1.351529625152243 0.337895506523353 0
2144 1.330511800995526 0.3356561231977255 0
2145 1.24139595784412 0.3973891368513137 0
2146 1.237681518616694 0.4035978450718054 0
2147 1.233179247320715 0.3968846232211249 0
2148 0.7212303927656737 0.7381492893571138 0
2149 0.7249190275654781 0.7163575404782047 0
2150 1.228050212427217 0.6025593890735113 0
2151 1.221502226604933 0.6006889039967975 0
2152 1.226635874702338 0.5961520179987829 0
2153 1.294497068302702 0.6432751196604242 0
2154 1.282097121965525 0.6394078965049224 0
2155 1.291598904043116 0.6287676100301067 0
2156 0.3541645054523622 0.5978249796382454 0
2157 0.3765202432470909 0.6250542033990953 0
2158 0.8515486336114523 0.6701887014948137 0
2159 0.8463206656193294 0.6722522753356071 0
2160 0.8461768566337863 0.6658104278913575 0
2161 1.090936406201569 0.7479384238500522 0
2162 1.086558289706324 0.7527768535015771 0
2163 1.081783698104677 0.7464904365519411 0
2164 1.052846940621295 0.1846664373680894 0
2165 1.036228884972343 0.18597162001866 0
2166 0.8196275362076351 0.6847328217369855 0
2167 0.8197586692364616 0.6740918208419391 0
2168 1.556779674411805 0.1750514403119132 0
2169 0.9049137768625948 0.7286048274390409 0
2170 0.9099629122359834 0.7237682072323429 0
2171 0.9087534964393065 0.7315039690507206 0
2172 1.180157097604114 0.3605130170065665 0
2173 1.173287769962472 0.3617805628145951 0
2174 1.177425000759567 0.3568497650138804 0
2175 1.292997442429986 0.5750267555196124 0
2176 1.284701515967204 0.5723081921082234 0
2177 1.292429671216876 0.5646497259052385 0
2178 1.286832147722634 0.4600966234806795 0
2179 1.281027408135843 0.463276488847749 0
2180 0.8351016908438802 0.7026188609013706 0
2181 0.845456715640017 0.7029070570657989 0
2182 0.5934633700448977 0.5444858963211601 0
2183 0.5925380481363035 0.5319523793524535 0
2184 0.6103096672177076 0.5373677914945409 0
2185 1.086610999795021 0.2324673372968738 0
2186 0.9393757151326902 0.8565581120651568 0
2187 0.9363189557347155 0.8361433368462685 0
2188 1.174999999997828 0.04330127018933124 0
2189 1.218089333483835 0.03436113444635683 0
2190 1.19308933348377 0.07766240463568808 0
2191 0.8750000000036406 0.9566987298106073 0
2192 0.8200837808905247 0.0402873087166256 0
2193 1.089848718170261 0.7822373245761363 0
2194 1.090586704149777 0.7704010357480378 0
2195 0.5092932761074997 0.6414025043425264 0
2196 0.5005217149838104 0.621329197655289 0
2197 0.5271555420083522 0.6242651430600545 0
2198 0.4594201619486685 0.4583205577127917 0
2199 0.4447794357233714 0.4814831461803362 0
2200 1.134556113730785 0.7030409580627026 0
2201 0.7505036656085928 0.8901597777566506 0
2202 1.353444311737029 0.5235668227097333 0
2203 1.342629721374132 0.5272220362527209 0
2204 1.348574897934952 0.5157021986237609 0
2205 0.7576740628868102 0.4093152719986383 0
2206 0.7623281424686742 0.4028727182203384 0
2207 1.144928361049952 0.2393502076924711 0
2208 0.8756832443231976 0.7170470848428432 0
2209 0.8831517540736145 0.7248937053424633 0
2210 0.7013092772733061 0.5734105301104344 0
2211 0.6964412501681181 0.5639926819601326 0
2212 0.7594884289714183 0.6136550697345191 0
2213 0.7537544421634998 0.6064419242983303 0
2214 0.763682834678917 0.6063529572938531 0
2215 0.3015040525454067 0.09231858577522517 0
2216 0.3366548560779227 0.125832181641971 0
2217 0.5841441945314105 0.5226822509574196 0
2218 0.6009904917042206 0.5155641461308005 0
2219 1.416385266429414 0.4583451063725579 0
2220 1.396686652881601 0.4548457379120907 0
2221 1.19453969226202 0.6647742597922004 0
2222 1.313610809645867 0.7429432488661357 0
2223 1.327814896295892 0.7607710900727265 0
2224 1.304443176675127 0.766390127672121 0
2225 0.8806277465413883 0.2902500734559593 0
2226 0.8866536394764034 0.2936404717719167 0
2227 1.290180026925281 0.5947935221796405 0
2228 1.074625613505324 0.2515099050891834 0
2229 1.081485647035449 0.2498415496683606 0
2230 1.081118044673056 0.2568568913590938 0
2231 0.8302459177995829 0.3361696127311793 0
2232 0.8303603158048709 0.3441352691639478 0
2233 1.25137370331975 0.411071017521166 0
2234 1.103947429578472 0.7310398554671224 0
2235 1.112255947256968 0.7236711705100637 0
2236 1.108809181492208 0.7527951353559461 0
2237 1.099616134737823 0.7466631565436748 0
2238 0.7362583050598792 0.3809620340423409 0
2239 0.9220687027319663 0.2573757716391453 0
2240 0.9210579396532323 0.2498811544168503 0
2241 1.459821256957578 0.4718609686848672 0
2242 1.446180543576342 0.4858374236648082 0
2243 1.438021687106566 0.4623600501755818 0
2244 1.282066597740508 0.3170202379654572 0
2245 1.287902396643868 0.3313766979413303 0
2246 1.268431472978243 0.3304442574774796 0
2247 0.9718296621001173 0.800420222312574 0
2248 0.9780699533476396 0.7940669350646762 0
2249 1.108694830957002 0.2550198244758008 0
2250 1.289782665271764 0.5557928878173258 0
2251 1.282556043198288 0.5533839358397366 0
2252 1.288204963715956 0.5472456611632128 0
2253 1.237149215345473 0.6650108342347774 0
2254 1.254042634329972 0.6663798571334845 0
2255 1.21057669372344 0.3754021432540862 0
2256 1.210786131040327 0.3690393187950723 0
2257 1.217375509465331 0.3706204963961184 0
2258 1.299994824777422 0.4923680510918155 0
2259 1.303483196870445 0.4958564231848378 0
2260 1.605340655175023 0.513664488910732 0
2261 1.613822792144758 0.5418501652259364 0
2262 1.584383363996542 0.5353087253689739 0
2263 1.299544808525271 0.6197683279111462 0
2264 0.7932002967003497 0.3341594595080991 0
2265 0.7795927045648094 0.3316020812405079 0
2266 1.231104261346251 0.6179796687644883 0
2267 1.223300248938185 0.615106131934342 0
2268 1.230720576737878 0.6099698119016721 0
2269 1.276946207620409 0.4609652023472364 0
2270 1.270903020945413 0.4601688097868014 0
2271 0.8449676738653864 0.3204098358947911 0
2272 0.8447359519778543 0.3295946923669618 0
2273 1.299829829442512 0.5423188120887061 0
2274 1.355535619026152 0.4232358503613223 0
2275 1.351621191553276 0.4068356837099325 0
2276 1.365601590109883 0.4144468079892633 0
2277 0.2325498143913373 0.8695617628202517 0
2278 0.2567016353540714 0.8273320116730027 0
2279 1.532933214319248 0.7197986586084337 0
2280 1.498751013219846 0.7082216107251702 0
2281 1.525475329795906 0.6863966743392889 0
2282 0.7709588042909669 0.4182526033712477 0
2283 0.7641271808912048 0.4192923303782898 0
2284 1.065160118585033 0.8010575291322508 0
2285 1.053669415234737 0.8007303871827423 0
2286 0.8153568620450793 0.6404591218737622 0
2287 0.7190610979257639 0.408711351726707 0
2288 0.72145428802487 0.4203562651655586 0
2289 0.7570893736246271 0.3856050573455319 0
2290 0.7606742823899735 0.3949888990873389 0
2291 1.506801340747543 0.9146829869854487 0
2292 1.485795241894319 0.8834935550175456 0
2293 0.6867095135462784 0.5623758137007879 0
2294 0.7516749115257791 0.4166893510647424 0
2295 1.144138585521426 0.702593036981622 0
2296 1.184121671423079 0.3637235791245722 0
2297 1.179984440625984 0.3686543769252869 0
2298 0.7440703954690897 0.6043914813332975 0
2299 1.010185392381455 0.03447038221881227 0
2300 1.44188124209594 0.4269437827204293 0
2301 1.43002597981065 0.4443686513926169 0
2302 1.420244821418788 0.4229288389174054 0
2303 0.9326653853234387 0.2444700875986044 0
2304 0.9374222643696191 0.2493609898387009 0
2305 1.278121355414974 0.5760356922210679 0
2306 1.277553584201865 0.565658662606694 0
2307 0.5662419500763078 0.7605962092847582 0
2308 0.5737254865429682 0.7887232754637297 0
2309 0.6694149371479037 0.3574087094549758 0
2310 0.645902885165297 0.3583555984455391 0
2311 1.076300510301123 0.2680169114475386 0
2312 1.07978888239415 0.271505283540566 0
2313 0.7734574389240154 0.2776817984723302 0
2314 0.7764453172261192 0.2940317892104427 0
2315 0.7853325793622585 0.6367574673846806 0
2316 0.7866935364559522 0.627397760701069 0
2317 0.7936015341037513 0.6343991123857033 0
2318 1.365541046301875 0.6450025180956021 0
2319 1.348630096923922 0.6398914591589741 0
2320 1.362233893210326 0.6253171345866382 0
2321 1.224332112092862 0.3702502441135634 0
2322 1.230428981592366 0.3718264837717098 0
2323 1.223262941647949 0.3785595605132787 0
2324 1.162838541971184 0.3085903806740469 0
2325 1.154266130757574 0.3147022733884637 0
2326 0.7729987357423151 0.3814710171454141 0
2327 0.7732531377323791 0.3903186798091296 0
2328 0.6969611899496688 0.5128055136458638 0
2329 0.6047706168267453 0.7260614984251135 0
2330 0.63012844565475 0.7369278534388191 0
2331 0.7812530077697087 0.6229099198368174 0
2332 0.7194329187174913 0.3140454119878511 0
2333 0.726825251445165 0.332647210675993 0
2334 0.4975604129008075 0.920240661099979 0
2335 0.4769446763308693 0.8823964495185617 0
2336 1.293485540099303 0.5423024070926387 0
2337 1.829354125152264 0.5454188555212701 0
2338 0.6467503352034851 0.6006386178666006 0
2339 1.230086691205664 0.5919731167992337 0
2340 1.223538705383381 0.59010263172252 0
2341 1.523431322560157 0.6101885243404472 0
2342 1.510463027620551 0.633722149724596 0
2343 0.6423627574707862 0.4943280913906583 0
2344 0.6470167497931392 0.4828643778058062 0
2345 0.8010368051593704 0.6290597112173699 0
2346 1.291304664768335 0.3015722568814365 0
2347 1.271833741102711 0.3006398164175857 0
2348 0.583326343544473 0.4698892113411909 0
2349 0.5609293645825359 0.4739105427525931 0
2350 0.7336877405651947 0.8059358127423637 0
2351 0.7221103299272286 0.7817837758205837 0
2352 1.102789872100729 0.2787119258924112 0
2353 1.096081093632062 0.2733630938159917 0
2354 1.10377942623435 0.2719978849035771 0
2355 1.168675823662989 0.2988996089840419 0
2356 1.072121922016534 0.7625874325692009 0
2357 1.047966754881926 0.2347694617918933 0
2358 1.047372618064254 0.2288505484158116 0
2359 1.051567393521961 0.2309880754022227 0
2360 0.8121266557883959 0.3648789905378925 0
2361 0.8159084176274982 0.3616288685208434 0
2362 0.8189175711513312 0.3678617609105758 0
2363 1.136138099238386 0.3159246248654089 0
2364 1.135245936663043 0.3101867562275793 0
2365 1.141446813691525 0.3112892810340292 0
2366 0.5999093811103324 0.4414515367471595 0
2367 0.6225765666608918 0.5377554608133003 0
2368 0.6231285317559778 0.5519637569446372 0
2369 1.247746006347767 0.6153048679976649 0
2370 1.245050542786276 0.605480285467611 0
2371 0.9167266767148625 0.7316297772323994 0
2372 1.365292632511588 0.5245426584915625 0
2373 1.359347455950768 0.5360624961205225 0
2374 0.6788363656955017 0.3062888399379565 0
2375 1.235854224835283 0.6054329259036576 0
2376 1.268083190627764 0.6213333870690581 0
2377 0.5416409499599943 0.7563062331857051 0
2378 0.5598042483445257 0.7314992531850989 0
2379 0.5952527681468767 0.5944642883498011 0
2380 0.6060482196814903 0.5780190146539711 0
2381 0.6146181290794297 0.5951582139253131 0
2382 1.298286785563416 0.7321479237377662 0
2383 1.32165850518418 0.7265288861383716 0
2384 0.8103696190321594 0.6596707019909764 0
2385 0.8146664683401148 0.6517985752421518 0
2386 0.4708174775282113 0.2669806726577967 0
2387 0.4900842082818799 0.2323887045819331 0
2388 0.7101132715880638 0.7588600973490824 0
2389 0.6945759406391682 0.7404093130914744 0
2390 1.22615737083632 0.7236043934580961 0
2391 1.209189907997254 0.7276702330336283 0
2392 0.7546723941028042 0.6220885409599581 0
2393 0.7646007866182213 0.6219995739554809 0
2394 0.6134396844460255 0.6293944284808346 0
2395 0.621955044040115 0.6132482746006178 0
2396 0.2171795025570433 0.171098576909782 0
2397 0.2223979790954685 0.1204828400204674 0
2398 1.171584983434108 0.3535479544793306 0
2399 1.178454311075749 0.3522804086713021 0
2400 1.356597130887158 0.434458550447882 0
2401 1.34261673233055 0.4268474261685512 0
2402 1.396791897670935 0.3414114673638025 0
2403 1.383754817484156 0.3608657550789445 0
2404 1.374268066772077 0.3382604726749681 0
2405 1.097098282833151 0.2889826365626723 0
2406 1.100586654926165 0.2924710086556861 0
2407 0.8453222704440246 0.6783368581579058 0
2408 0.8496264660808315 0.6847820997020505 0
2409 0.8570609368350304 0.3080623583646135 0
2410 0.8491477251395303 0.3155154635117773 0
2411 0.7110443505331263 0.4349823262540021 0
2412 1.419189366043546 0.3847603600064984 0
2413 1.412796722518382 0.4046082720666807 0
2414 1.39988600485785 0.3838646618279612 0
2415 1.053993016398274 0.2038221547464135 0
2416 1.053338638309325 0.2123722092770837 0
2417 1.044298872225643 0.2042159028881283 0
2418 0.8944776677111839 0.9292648693759913 0
2419 0.9194776677112879 0.972566139565384 0
2420 0.6271523645373513 0.8540932879264116 0
2421 0.6338985128799209 0.8852495748713878 0
2422 0.5967706100717418 0.874743733876877 0
2423 0.8823179474291463 0.7543081326882854 0
2424 0.6182785554734309 0.8241418490875142 0
2425 0.6554064582816101 0.834647690082025 0
2426 1.301138195611465 0.4566568286067177 0
2427 1.3074177511125 0.4612003267766113 0
2428 0.6839222916430244 0.7202064522066853 0
2429 0.6728086441583783 0.7027425017856102 0
2430 0.7312188921077728 0.5736657436249689 0
2431 0.7307421874254849 0.5658636662400607 0
2432 0.975547460815775 0.2036637723777545 0
2433 0.9684148805875575 0.2101980174067721 0
2434 0.9684491756942584 0.2030462335096516 0
2435 0.4933165231975566 0.6602587575141546 0
2436 0.5199503502220985 0.66319470291892 0
2437 1.829328328249732 0.8707135927420296 0
2438 1.797402361312106 0.9075889662040004 0
2439 0.4297411770596881 0.6555672600422907 0
2440 0.448906340522226 0.6303441887023475 0
2441 0.4634942856204201 0.6636896302777042 0
2442 1.361451603298083 0.4446989735113001 0
2443 1.377249882106232 0.4500923714376208 0
2444 1.22250363804474 0.1020245978569622 0
2445 1.179414304558732 0.1109647335999366 0
2446 1.249878039153389 0.418017476547536 0
2447 1.244402564973738 0.411048817728364 0
2448 1.218148340657075 0.3207182626593895 0
2449 1.094841543136176 0.7403767395940388 0
2450 1.097855174647822 0.7344968117630472 0
2451 1.374374267060392 0.04504549278428579 0
2452 1.422286263604228 0.0396588904780495 0
2453 1.575233426038943 0.9574413545299822 0
2454 1.598828305579466 0.9162041432176857 0
2455 1.623594879540523 0.9587627886877034 0
2456 0.4208639399510472 0.04944918313195498 0
2457 0.3970842870781963 0.0926182036392624 0
2458 0.3762203471262648 0.04316902050730743 0
2459 1.087048267112016 0.7606650206340579 0
2460 1.077895559015124 0.7592170333359469 0
2461 1.179035429677894 0.2306282545529351 0
2462 0.6477252476615424 0.251578815979143 0
2463 0.6162951458460688 0.2544547089304875 0
2464 0.872391785275489 0.245456651893299 0
2465 0.8801463274534803 0.2503691281274513 0
2466 0.8674200670603309 0.2556350578883749 0
2467 1.400941460233092 0.4220331407388682 0
2468 1.005443875163902 0.1960630011750321 0
2469 1.008932247256917 0.1995513732680477 0
2470 1.427823931299921 0.1861393257761181 0
2471 1.416188726844029 0.2203034329919203 0
2472 1.396790199490919 0.1904561525563007 0
2473 0.8552916561954473 0.6663990920246091 0
2474 0.8554354651809903 0.6728409394688587 0
2475 0.7241007970872431 0.6041610726528672 0
2476 0.7288029338941276 0.5950104689330371 0
2477 0.7338786176752936 0.6041895296474287 0
2478 1.292589460155048 0.4843590172615604 0
2479 1.296077832248058 0.4878473893545697 0
2480 0.7692202404532675 0.2584779404238891 0
2481 0.7687510021129345 0.2380266348254352 0
2482 0.7859007169526285 0.2447038322828285 0
2483 0.8071264552927553 0.6689461654973746 0
2484 0.8156477961822804 0.6678329218313916 0
2485 0.7743089373147694 0.7157317370726024 0
2486 1.112347618529969 0.7625311504699259 0
2487 1.099249434840977 0.7639608559136679 0
2488 0.7130713127364365 0.4484020142299791 0
2489 0.7153787733315826 0.4576870874716719 0
2490 1.666658623494751 0.3761072179031464 0
2491 1.625279258173806 0.3708907549478206 0
2492 1.644451125591107 0.340956465653299 0
2493 1.189433252807437 0.3330496422722641 0
2494 1.194792676744386 0.3240010033394031 0
2495 1.148249583120829 0.7127552635420954 0
2496 1.154932903623445 0.7044036249853849 0
2497 1.224662262618457 0.3982195988138492 0
2498 1.228376701845882 0.3920108905933575 0
2499 1.332194918720976 0.6166774427250035 0
2500 1.32619176495181 0.6025009086206597 0
2501 0.9153879390910977 0.8596630359131596 0
2502 0.9005342510812211 0.8578114635218678 0
2503 0.9094585302935687 0.837761736565118 0
2504 1.646231601624029 0.5509708760053136 0
2505 0.0834027590730638 0.4990816474591797 0
2506 0.1203116334994645 0.4740564048667468 0
2507 0.1215098243067712 0.5211632568142186 0
2508 1.916605241544755 0.6916396736218691 0
2509 1.879592870479917 0.7137605455393743 0
2510 1.879083595724379 0.6685179435496562 0
2511 1.605530027501512 0.7377687309636276 0
2512 1.570569724797415 0.7309588914216492 0
2513 1.594617833599405 0.7047835617645308 0
2514 1.205597623566488 0.3667157150804183 0
2515 1.212396439308379 0.3619340682224505 0
2516 1.367420425826425 0.4897209773028509 0
2517 0.6331519047834319 0.4597818428198308 0
2518 0.6408828128892774 0.4734093960545334 0
2519 0.6264927983990246 0.4689425987255414 0
2520 0.695000852531142 0.5822233474967388 0
2521 0.7057979210557775 0.5834564227833472 0
2522 1.057742852121761 0.2281519408968713 0
2523 1.205782464389999 0.875807942505739 0
2524 1.179143817841395 0.8868272885220316 0
2525 1.180202925734365 0.8576740922864836 0
2526 1.186587063014219 0.3404110917932622 0
2527 1.181372850051527 0.3324964549143581 0
2528 1.52523342603929 0.9574413545299822 0
2529 1.481567914708946 0.9572416324554665 0
2530 1.29182146126081 0.3852730867968221 0
2531 0.4771049249333389 0.9611274894369159 0
2532 0.5204554879695491 0.959113171663063 0
2533 1.291499590820473 0.4547210986583509 0
2534 1.554540984178961 0.2346576439710867 0
2535 1.539781915496842 0.2650576650341913 0
2536 1.620600085416702 0.8787719459719157 0
2537 0.712414067176329 0.5189369493291385 0
2538 0.7058171871063637 0.5207045780164563 0
2539 0.892097425753581 0.1560276998729247 0
2540 0.8651090198774898 0.1460815079591318 0
2541 1.129868444743019 0.3078931624081275 0
2542 1.135177159196158 0.3032578185767478 0
2543 1.069984556491706 0.2559372921582534 0
2544 0.8866329479296022 0.2248967798151267 0
2545 0.8982659530172843 0.2184422395948709 0
2546 1.277668852522466 0.5589453461784222 0
2547 1.276091150966658 0.5503981195243093 0
2548 0.7866726233769838 0.3681542993475633 0
2549 0.7948400558025273 0.3683004495592481 0
2550 0.7881123319696195 0.3754490932970078 0
2551 1.196988122849503 0.6868120117475878 0
2552 1.195350252058349 0.6750892514206719 0
2553 0.7677064320192547 0.3955229103385048 0
2554 0.04230047494018524 0.523094249704355 0
2555 0.04110228413287857 0.4759873977568834 0
2556 1.962199551446367 0.4773705296600583 0
2557 1.960560825855989 0.5252539676981725 0
2558 1.922760377302356 0.5026244973595364 0
2559 0.5153223784265797 0.5864796502933385 0
2560 0.494618418236674 0.5969461288098387 0
2561 0.4915568157785909 0.5792339427303599 0
2562 1.712137029091559 0.8739676535247992 0
2563 1.705607373083116 0.8242355563552457 0
2564 1.44927652707896 0.5025755232295264 0
2565 1.427476957227948 0.4930746047202409 0
2566 0.5989589239376194 0.5636131987708534 0
2567 0.6183242848701727 0.5643071243463653 0
2568 0.4687180527976662 0.13327144964525 0
2569 0.4667073074056928 0.1729431024442271 0
2570 0.4397171345110052 0.138570019062887 0
2571 1.370675177739137 0.1987455553529603 0
2572 1.382310382195029 0.1645814481371581 0
2573 1.331817567857007 0.8555644150351037 0
2574 1.299595768917998 0.8490460665560911 0
2575 0.4590572262921859 0.5509901080268811 0
2576 0.4779848988817983 0.566550246807753 0
2577 0.4519251829990728 0.574140282465988 0
2578 0.7160581983697628 0.5495380593576045 0
2579 1.370872149328024 0.6105618143281913 0
2580 1.117311322355948 0.776866495256414 0
2581 1.126871069007179 0.7657007746986922 0
2582 1.390634154237843 0.6146512088267095 0
2583 0.7286298346264531 0.3557212394464532 0
2584 0.7329945637693233 0.371450372048465 0
2585 0.7569882769132097 0.5782586859318276 0
2586 0.7633784269971682 0.5760853106434405 0
2587 0.7601296718436854 0.5820228891068999 0
2588 0.6963298315982751 0.401074840822812 0
2589 0.688219931432838 0.411515440097117 0
2590 0.5792023661692782 0.20229467688713 0
2591 0.5968893375137165 0.1749595166608557 0
2592 0.4639371281533145 0.719026540880384 0
2593 0.4741513597350187 0.6854818288540978 0
2594 0.4937593657304511 0.7155956681168345 0
2595 1.246885164363694 0.3874695458284605 0
2596 1.189252738119666 0.2746028773601834 0
2597 1.199050157049152 0.2700111697636386 0
2598 1.202739407683832 0.2830814166728278 0
2599 1.273131033477808 0.6460903185388859 0
2600 1.270232869218223 0.6315828089085684 0
2601 0.8744937834316611 0.7950529175714185 0
2602 0.8738090529371341 0.7801788483439347 0
2603 0.8890434660170494 0.7914986645016819 0
2604 0.7199077606441546 0.4334923806659944 0
2605 0.7153437037707839 0.442587766200022 0
2606 1.268958491896476 0.5755298037704618 0
2607 1.285341807173864 0.4417838469843365 0
2608 1.132851673704122 0.2883356716942752 0
2609 1.125782958643285 0.2790740151061558 0
2610 0.6969391924689616 0.4667142702632379 0
2611 1.268142716135992 0.3851442697490945 0
2612 0.6276623080080134 0.9661912416492792 0
2613 0.6776623080082215 0.9661912416492792 0
2614 1.32437426706026 0.04504549278428579 0
2615 0.6712063219242421 0.03826694236553683 0
2616 0.6212063219243877 0.03826694236553683 0
2617 1.321248601164177 0.9597041369770477 0
2618 0.3568143988828135 0.6594275059368347 0
2619 0.3954473875972168 0.6565951210046734 0
2620 1.343012166194105 0.4679253856308452 0
2621 1.341995593388323 0.4557795294680789 0
2622 0.9730243248754431 0.7810467961037337 0
2623 0.9704846100457786 0.787175975376595 0
2624 1.437819124178575 0.5504055231876925 0
2625 1.428581279877992 0.5336595410727228 0
2626 0.2007148250176644 0.4340991887038775 0
2627 0.2176436113157655 0.4034067315035871 0
2628 0.2478625390731522 0.4318736347548177 0
2629 0.8128506828330486 0.3352912103444404 0
2630 0.81963088115859 0.3295468358187393 0
2631 0.1968265033098396 0.3734871914001237 0
2632 0.2439742173653274 0.3712616374510638 0
2633 1.38720021709917 0.391832830483878 0
2634 1.393592860624335 0.3719849184236957 0
2635 0.7817701982048397 0.1465226185431698 0
2636 1.233147674876441 0.5859514567463939 0
2637 0.6820625625075922 0.4233185759527783 0
2638 0.6759831640115057 0.4335014523409759 0
2639 1.654669579517309 0.6821186458429427 0
2640 1.614995310088006 0.6737458599720444 0
2641 0.7636300876645584 0.3278200794884389 0
2642 0.7466870042755274 0.3265515975112205 0
2643 0.8205883275835468 0.6407610170855833 0
2644 0.8156734422970127 0.6453415873711313 0
2645 0.663069370787827 0.6843848670210373 0
2646 0.6540351736186458 0.665690445135419 0
2647 0.7220219483272659 0.5885078874464653 0
2648 1.483245580246056 0.7246893056612365 0
2649 1.475787695722714 0.6912873213920916 0
2650 0.6058502700929898 0.07845431658640611 0
2651 0.5846439481671348 0.04018737422086928 0
2652 0.4708639399509015 0.04944918313195498 0
2653 0.504647037798612 0.05278391591543405 0
2654 0.4755109777506892 0.102233099047389 0
2655 0.6327504955747287 0.5968030009047878 0
2656 1.260558044821827 0.2861841218254835 0
2657 0.7854821488995009 0.1995906757200979 0
2658 1.234335313377857 0.7404917524557121 0
2659 1.244048194601364 0.7254041429885623 0
2660 1.10699354797543 0.2823071578434407 0
2661 1.099295215373141 0.2836723667558553 0
2662 1.137503580586581 0.7550838715454722 0
2663 1.148326411454632 0.7455383816006813 0
2664 0.7061463883651664 0.04909736102274326 0
2665 0.6773527102911671 0.08736430338828009 0
2666 0.9517356022181851 0.1263888469122475 0
2667 0.9299902572557557 0.1382866933425876 0
2668 0.9605294301701839 0.7821236073210432 0
2669 0.9582979971171522 0.7776593273334909 0
2670 0.9647474492559736 0.7785595447780338 0
2671 1.093061909451083 0.7958181197131202 0
2672 1.106001063159559 0.7872776661646317 0
2673 0.8156266659336328 0.3185599368240352 0
2674 0.8062048395469938 0.3269871788715102 0
2675 0.7312600351795338 0.4073350931419447 0
2676 0.4430030437750896 0.605961119856897 0
2677 1.252670816733912 0.4218152348575974 0
2678 0.3942858723169053 0.7210509814554003 0
2679 0.4100353326954108 0.6899405625800301 0
2680 0.4285796617793767 0.7200231204930176 0
2681 1.255376089239237 0.7110761793398397 0
2682 1.269288623067406 0.696338931933052 0
2683 1.310366429838998 0.3355943360840814 0
2684 1.32168289256266 0.318014465542952 0
2685 0.9044983760384306 0.8065155472982179 0
2686 0.9069366989244885 0.8212842625205483 0
2687 0.8921665193976343 0.8211414489514959 0
2688 1.161428480577063 0.6955715152336359 0
2689 1.158323959470331 0.6876558778132111 0
2690 1.348532716602482 0.4483105493185289 0
2691 0.7877872282604519 0.3928967200072144 0
2692 0.7920717579151964 0.3968145864973635 0
2693 0.7847382331789488 0.396916134902903 0
2694 1.230935475590184 0.1551196250435647 0
2695 1.241931441676418 0.1262948065578476 0
2696 1.264038308146899 0.1460875047802016 0
2697 1.069834705327783 0.8175141159017588 0
2698 1.081584151204535 0.8072343648941327 0
2699 0.7935099603182336 0.3459251388018076 0
2700 0.864802921386836 0.3161686334676025 0
2701 0.8629245029212185 0.310801842908963 0
2702 0.8699865205775266 0.310684194996575 0
2703 0.7739207016006475 0.621661109215044 0
2704 0.7691046667320333 0.6300945804404831 0
2705 1.280659939827256 0.6824871451497843 0
2706 1.274345302970637 0.6664788476563053 0
2707 1.291309923081729 0.6699237036287187 0
2708 0.7218600712290613 0.562487878360785 0
2709 0.7186457788814823 0.5715294270739315 0
2710 0.715620069777914 0.6543285727786032 0
2711 0.7264807418435076 0.6682292415193871 0
2712 1.543845408221355 0.7527838278075305 0
2713 1.310663097709802 0.4308449415405053 0
2714 1.316160806866307 0.4416770183154171 0
2715 1.224541549409748 0.3638874196545496 0
2716 1.21703691234716 0.3550041627044336 0
2717 0.7340385242224542 0.698024841143726 0
2718 0.5093741911884795 0.7381748286145833 0
2719 0.6126599641973761 0.4685713486390725 0
2720 0.6203908723032217 0.4821989018737751 0
2721 0.7981461971584785 0.6197077631723661 0
2722 0.8047789711187222 0.6180952981263524 0
2723 0.8015952651576888 0.6234269406560781 0
2724 1.488911417291699 0.6525079510825348 0
2725 1.470140498914565 0.6351318247905567 0
2726 0.5643074400353567 0.5213853440521006 0
2727 0.5727598836032738 0.5049971108304476 0
2728 0.9304514359203426 0.8766078390219065 0
2729 1.388952788358129 0.435600341115123 0
2730 1.381504689457722 0.4172797742643982 0
2731 0.5346439481672806 0.04018737422086928 0
2732 0.5392909859670683 0.09297129013630333 0
2733 0.1393351921406549 0.2620976028341052 0
2734 0.1702784752934257 0.301752778797054 0
2735 0.1238323901132339 0.295676619061808 0
2736 1.045028765345628 0.8021734620063077 0
2737 1.246063113361362 0.5776705762371545 0
2738 1.253203811957865 0.5767250208277885 0
2739 1.072976171031689 0.1851424354457178 0
2740 1.07434815242518 0.1955500698043903 0
2741 1.06211261232149 0.1840746607373931 0
2742 0.6706502303404211 0.4444934049006806 0
2743 0.6649359286857091 0.4554367414322112 0
2744 0.7217910242689768 0.8325747623643927 0
2745 1.364566705339022 0.3184412188082111 0
2746 0.7807728128306319 0.0271415346719602 0
2747 0.8980339469771081 0.2544903801706899 0
2748 0.9060447959039351 0.2573791630762469 0
2749 0.8988996876638897 0.2631357207103322 0
2750 0.2359488075803066 0.7909794147431146 0
2751 0.279062017682979 0.7928534507938262 0
2752 1.205603736506138 0.6422837936272293 0
2753 1.216310375376034 0.6450434572035371 0
2754 1.668423118014997 0.3120879790470321 0
2755 1.627043752694051 0.3068715160917064 0
2756 1.03785515859625 0.2008028654732324 0
2757 1.028215280450579 0.2001973855520792 0
2758 1.035313372168921 0.195060368436305 0
2759 1.573038302395207 0.3450109075474044 0
2760 1.538786993900773 0.329050721981447 0
2761 1.568820451775728 0.3197798171320159 0
2762 0.9006518940956507 0.7223198384855676 0
2763 0.7032001045915406 0.5355172231350969 0
2764 0.7116174382219365 0.5373613328316333 0
2765 0.5651637445263558 0.122235398265987 0
2766 0.5921720193487152 0.104982054459286 0
2767 0.5880478675393342 0.1468427042835344 0
2768 1.612035467655895 0.271356292414518 0
2769 1.588063475232005 0.3002247790207849 0
2770 0.2757556017662618 0.956832775009106 0
2771 0.3294182037363927 0.952369504376134 0
2772 0.5351668341576872 0.1348319399605518 0
2773 0.7393682586622051 0.6135420850531276 0
2774 0.8383299019631105 0.2786537385724688 0
2775 0.8490647310845654 0.2711686908588576 0
2776 1.580035007383909 0.6669360204300659 0
2777 0.4767561523358216 0.6140834900923104 0
2778 1.1754911530357 0.6603442528503747 0
2779 1.170041076582811 0.6557472771559714 0
2780 1.17865149000839 0.6561875345832674 0
2781 1.547026940124758 0.6676108729813501 0
2782 1.567404416613359 0.6365731711888636 0
2783 0.9823754566695753 0.06498702703379539 0
2784 0.9721900642855091 0.03051664481498313 0
2785 0.4458136087897896 0.531283562853323 0
2786 0.4718733246725152 0.523693527195088 0
2787 1.615197314764258 0.4042715683640623 0
2788 1.592989816860613 0.3691208161142149 0
2789 1.323884704293766 0.4787040717374875 0
2790 1.316965185969615 0.472507804612583 0
2791 0.7324391094110163 0.9610687544054808 0
2792 1.567106684288732 0.5554348313087826 0
2793 1.558624547318997 0.5272491549935781 0
2794 0.7023708645544653 0.9566513253823856 0
2795 0.7348099739625689 0.9177200797878664 0
2796 0.6889548727307584 0.5131700511830621 0
2797 0.6927534110132449 0.5178532832839202 0
2798 0.4271049249331308 0.9611274894369159 0
2799 1.570383898998503 0.03943314124212453 0
2800 1.337520898170585 0.5823972698794659 0
2801 1.207192697247833 0.7662027355966956 0
2802 1.202268104939976 0.7499719697983691 0
2803 1.221369081920671 0.7549227687235723 0
2804 1.301180100004171 0.6574424457837853 0
2805 1.310681882081763 0.6468021593089699 0
2806 1.297883783752383 0.5349666060405427 0
2807 0.7649473230086472 0.5989198727608434 0
2808 0.7706813098165658 0.6061330181970321 0
2809 0.5811873048562153 0.558197786628766 0
2810 0.8880034422028507 0.2502188299685753 0
2811 1.553812166737571 0.2842645934548275 0
2812 1.520538892040565 0.2846127031454222 0
2813 1.377554145201744 0.526152901723089 0
2814 1.395442294678588 0.5237981022893485 0
2815 1.833801905175492 0.6432514411822222 0
2816 1.801865717771448 0.6773593680719313 0
2817 1.633290253375793 0.2433923602667367 0
2818 1.594309975913746 0.2367456231958152 0
2819 0.8878740293925365 0.8694702720646703 0
2820 0.8819446205950074 0.8475689727166288 0
2821 1.446723451319818 0.1527460089319617 0
2822 1.512844739025356 0.6560338250980866 0
2823 0.7155657295520094 0.5848128086677593 0
2824 0.7092573048098452 0.5936256260540635 0
2825 1.216740917916901 0.2664877654433666 0
2826 1.31104932947681 0.4859105954824536 0
2827 1.303049401211524 0.4871921846324299 0
2828 1.307132336947445 0.4813899337452079 0
2829 1.040593528213511 0.8090977462163773 0
2830 1.032211620850856 0.7999339280828079 0
2831 0.6017583792084039 0.9529500104109265 0
2832 0.6294206872139207 0.9191412520602057 0
2833 1.289119214702746 0.9625196858569812 0
2834 1.266607277836941 0.4395100996265737 0
2835 1.271457724855998 0.4352066153123546 0
2836 1.276117559306878 0.4407084731655434 0
2837 1.297091892498082 0.5850347686452929 0
2838 1.304820047747754 0.577376302442308 0
2839 1.30825279068648 0.3481838499370651 0
2840 1.299423882253614 0.3305421922822915 0
2841 1.020050250741299 0.152422808346612 0
2842 0.08205167491220147 0.4046048647284263 0
2843 0.1261973394094618 0.3814336096988958 0
2844 0.1263502327630174 0.4288035404821775 0
2845 0.3794182037366008 0.952369504376134 0
2846 0.4065231286680673 0.9134969938130499 0
2847 0.7621443306335857 0.6833663562115626 0
2848 0.7747654332137099 0.6901283560616576 0
2849 1.873327118701711 0.5731860011474668 0
2850 1.877148658162532 0.5227407897714539 0
2851 1.357725661875564 0.2264926797554986 0
2852 1.373831106022818 0.2504432771897886 0
2853 0.9996149342586835 0.8496530175841714 0
2854 1.015860558952855 0.864956616727434 0
2855 0.4481876677748091 0.7501369597557542 0
2856 1.149872613391405 0.6856287451364984 0
2857 1.157374666837694 0.6790432245247979 0
2858 1.924193567561437 0.4035071485686515 0
2859 1.889956025624376 0.4396575408666706 0
2860 1.88975049029308 0.3884236301138997 0
2861 0.9016605287599474 0.7614426182879808 0
2862 0.9036941219261521 0.7520814766752304 0
2863 0.9110444112184364 0.7601712357074096 0
2864 0.8607556845154205 0.2370794197817571 0
2865 0.87348194490857 0.2318134900208334 0
2866 0.0433012701889216 0.7250000000005199 0
2867 0.04834509386135387 0.6695455832621566 0
2868 0.09164636405027547 0.6945455832619831 0
2869 1.189488302449581 0.3605678616860408 0
2870 1.189315645471452 0.3687092216047612 0
2871 0.4155719645314638 0.485121894084232 0
2872 0.4294222359782113 0.5076257299254259 0
2873 0.5704554879697571 0.959113171663063 0
2874 0.7396419470516453 0.330487283931 0
2875 0.7284776721317984 0.3447348526501067 0
2876 0.8782318299411433 0.896555111245562 0
2877 0.8888920024586449 0.7106757079996546 0
2878 0.8956238941413104 0.7089078734972776 0
2879 0.8917207249982798 0.7147043344936314 0
2880 0.6598024416795304 0.8984908061097403 0
2881 1.28578875749135 0.343966211794314 0
2882 1.189470897085669 0.3482732491785101 0
2883 1.181410494329759 0.3477200618206041 0
2884 1.189638246893131 0.7480726210801347 0
2885 1.203814631565968 0.7367926542070116 0
2886 1.33984745834007 0.6497448234931517 0
2887 1.336540305248521 0.6300594399841879 0
2888 0.6026198077069806 0.6467012466284413 0
2889 0.5930028008057713 0.6289103057687498 0
2890 0.9221900642856441 0.03051664481498313 0
2891 0.9214303969760116 0.07210618829599709 0
2892 1.429429110305239 0.2452042191648165 0
2893 1.45280136115109 0.2491758879724667 0
2894 1.435008012803297 0.2783935009255455 0
2895 1.884673130982005 0.7517254685178132 0
2896 1.84715148516163 0.7286037384456003 0
2897 1.222457309758075 0.3095930075196922 0
2898 1.227014266679572 0.2938964496617268 0
2899 1.259793523704445 0.3431665470333597 0
2900 1.263930889030568 0.3537741009094034 0
2901 1.249457140853411 0.3521399304894104 0
2902 1.205780838524262 0.6143946351848792 0
2903 1.201060460093115 0.6102250798896904 0
2904 1.296717686177175 0.374172889865009 0
2905 1.304198289098666 0.3585304813585649 0
2906 1.311191749168292 0.5688181748410042 0
2907 1.317428517264556 0.5608810756163345 0
2908 1.962199551446367 0.4273705296601987 0
2909 0.04230047494018524 0.5730942497040191 0
2910 0.8399504934663586 0.6739585845544496 0
2911 0.8688702453776267 0.3200736203522768 0
2912 0.8618082277213186 0.3201912682646648 0
2913 1.217527743789469 0.6044022958982903 0
2914 1.21611340606459 0.597994924823562 0
2915 0.8807371656910528 0.7101247193915199 0
2916 0.6728051704654145 0.740917260198654 0
2917 1.261320321938823 0.441308683431657 0
2918 1.256919681487292 0.445609509376354 0
2919 0.5843439780838631 0.6105232998472381 0
2920 0.5757740686859236 0.5933841005758961 0
2921 1.288727614078667 0.4805432686400945 0
2922 0.7454960470051248 0.5815562514472024 0
2923 1.232731257772897 0.1806657729147267 0
2924 1.210624391302416 0.1608730746923728 0
2925 0.985185319288147 0.8508654156553352 0
2926 0.9766998296068197 0.86963261161784 0
2927 0.6216512447522976 0.5252219438445938 0
2928 0.9342366107671467 0.8254135175608668 0
2929 0.9217903869343651 0.8231358349118401 0
2930 0.9317147793980665 0.808936043516297 0
2931 0.695455877800723 0.7840437995549443 0
2932 0.5722138671756645 0.9120631820739895 0
2933 1.371069029725477 0.3688339237348613 0
2934 0.08739394425955445 0.3066281885220019 0
2935 0.1183372274123253 0.3462833644849507 0
2936 0.6469749733742772 0.375496986465783 0
2937 0.631120889715957 0.3609968880160836 0
2938 1.373007846766102 0.6636043559243201 0
2939 1.386611643052506 0.6490300313519843 0
2940 0.3853282605791701 0.539513924387278 0
2941 0.416606137597882 0.534922310757219 0
2942 1.268089333483967 0.03436113444635683 0
2943 0.9858398062951265 0.8347561251777302 0
2944 0.4023440116102918 0.8390943229827639 0
2945 0.3928170666934165 0.881648125066876 0
2946 1.173770411048353 0.3343603187044432 0
2947 1.176616600841571 0.326998869183445 0
2948 1.829470695150007 0.2431971454710639 0
2949 1.864211822719555 0.2524959466169676 0
2950 1.839256102849671 0.2950759117020971 0
2951 1.236439789948528 0.3698369494076392 0
2952 1.235370619503616 0.3781462658073544 0
2953 1.465750173158358 0.4285745570694098 0
2954 1.455969014766496 0.4071347445941984 0
2955 1.191305721550649 0.6308667224818026 0
2956 1.187937319994155 0.624834289588976 0
2957 0.0409493907793229 0.3786174669734045 0
2958 0.04110228413287857 0.4259873977566861 0
2959 1.958047983394609 0.623198535815549 0
2960 1.918608809250598 0.5984525035149008 0
2961 1.960560825855989 0.5752539676982986 0
2962 0.5300151161778359 0.43981486488706 0
2963 0.5423219786217578 0.4182374766836319 0
2964 0.04834509386135387 0.6195455832625034 0
2965 0.890084714423822 0.7201213901732402 0
2966 0.8968166061064875 0.7183535556708631 0
2967 1.58319277373894 0.4585319643148278 0
2968 1.568567882870268 0.4299209589526802 0
2969 1.597532764319735 0.431112634892604 0
2970 0.7637417189502196 0.3785433230714926 0
2971 0.7706878827519807 0.3723752490114015 0
2972 0.680033172559774 0.9228425670316648 0
2973 1.151542466674709 0.3298762588369193 0
2974 1.14542157786356 0.3328768918919109 0
2975 1.147898751023702 0.3257719326159065 0
2976 0.1708074141731762 0.6580492115927654 0
2977 0.1258347069222995 0.6643108321366979 0
2978 0.7314736651771272 0.300221013988094 0
2979 0.7427513632721557 0.2861254225413399 0
2980 1.878787383752909 0.4748573517333398 0
2981 0.9569149948242655 0.810363022401434 0
2982 0.9589973397918341 0.8210928416868358 0
2983 0.9462433481984167 0.8219435454507256 0
2984 0.7593215638741411 0.5869713266352989 0
2985 0.7614262269297768 0.5944431003664876 0
2986 0.9067665372977411 0.2728124838321577 0
2987 0.9005285720821057 0.2777152095227244 0
2988 0.9006725713750812 0.2709272293064559 0
2989 1.575795769898859 0.2066937118233053 0
2990 0.7657117139580996 0.5847979513469119 0
2991 0.9116898785781271 0.1685151038188067 0
2992 0.90388077434987 0.1877638800503412 0
2993 0.7986091250897212 0.3893067995086608 0
2994 0.7920862293190304 0.3885017861033851 0
2995 0.7955746014120522 0.3850134140103709 0
2996 0.5195884227701837 0.7046301165882971 0
2997 1.851889754339188 0.1434231146072105 0
2998 1.82272284531138 0.1733876196869343 0
2999 1.820186184630677 0.1161935539082104 0
3000 1.218153569418447 0.6297740521208189 0
3001 1.209652817667654 0.6290082787080813 0
3002 1.215183181795764 0.6223502153844206 0
3003 1.179564586909127 0.2874624140526876 0
3004 1.240536044817814 0.6218937681278325 0
3005 1.23311571701812 0.6270300881605023 0
3006 0.6937714084152786 0.4738217351420116 0
3007 1.085405828472542 0.2607274584865035 0
3008 1.078545794942418 0.2623958139073264 0
3009 1.323711531149685 0.5525015246863687 0
3010 1.32964304894117 0.5441634766343035 0
3011 1.723556642525568 0.9498395888450069 0
3012 1.673594879540176 0.9587627886877034 0
3013 1.697151522066438 0.9086023775327103 0
3014 0.2752837054184033 0.04914956526791774 0
3015 0.3262203471264106 0.04316902050730743 0
3016 0.9217940690896024 0.2110925782577134 0
3017 0.0409493907793229 0.3286174669731964 0
3018 0.04644455348023155 0.2780107215500537 0
3019 1.958047983394609 0.6731985358156805 0
3020 1.958557258150146 0.7184411378053985 0
3021 0.5570757969716906 0.3978322322654498 0
3022 0.5726580947534869 0.3790368897615963 0
3023 1.361459074611153 0.3778807008639917 0
3024 1.34771955633439 0.3922185568535564 0
3025 0.8198979338785823 0.652100470453973 0
3026 0.9255275741223359 0.7553118188955158 0
3027 0.92948093922008 0.7480680293588983 0
3028 0.9194488337147235 0.2243966502502842 0
3029 0.9107292912188811 0.2139775696992929 0
3030 0.7774741411080661 0.365780150286625 0
3031 0.7842018649409738 0.3586315065488653 0
3032 0.9108322789615231 0.2703426378275932 0
3033 0.9106882796685476 0.2771306180438617 0
3034 1.224609764145539 0.3867408331787534 0
3035 0.8345214876436431 0.8268582328494534 0
3036 1.072012726501636 0.264146344320129 0
3037 0.9475227331674824 0.7705747534351812 0
3038 0.9516726862766796 0.7651923876058507 0
3039 1.576893158186848 0.6151511098423013 0
3040 1.573119666733731 0.5789491513656007 0
3041 1.473216090644426 0.7445225736842345 0
3042 1.450252773147293 0.7275882843511557 0
3043 1.961994016115071 0.3761366189074278 0
3044 1.87081427624033 0.621130569264717 0
3045 0.4151892371881784 0.1256044951217225 0
3046 0.370545644363396 0.119324332497075 0
3047 0.6524122480987196 0.702356764549292 0
3048 1.543885090927697 0.6158259623935853 0
3049 1.259144994764626 0.567033808708202 0
3050 1.266782601137554 0.5659687056363827 0
3051 1.263335817276708 0.5704512657913577 0
3052 1.240632745371705 0.4080087272616313 0
3053 1.2324160348483 0.4075042136314425 0
3054 1.445150165394316 0.3851052765352371 0
3055 1.432239447733784 0.3643616662965176 0
3056 0.5025011506453767 0.1366061824287291 0
3057 0.8908995473078944 0.2915504572886043 0
3058 0.8899048148373916 0.2976401212334253 0
3059 0.5946983915616662 0.8178154042869978 0
3060 0.6229524853059248 0.7983698064426111 0
3061 1.484632939960251 0.4743514759554999 0
3062 1.476474083490475 0.4508741024662735 0
3063 1.295718839257292 0.03458360170597531 0
3064 1.263808172743103 0.06894473615233214 0
3065 0.7993669124668995 0.2584649645538414 0
3066 0.5283739092046642 0.1658702905584128 0
3067 1.319425783956631 0.4208219149780035 0
3068 1.642210682029726 0.7469857379817875 0
3069 1.618162573227736 0.7731610676389057 0
3070 1.887924987645887 0.1191121947150785 0
3071 1.890461648326589 0.1763062604938024 0
3072 1.693691147760149 0.688518423872502 0
3073 1.668599704546342 0.7179931793360687 0
3074 1.265980156389703 0.4468105412848457 0
3075 1.11406878079293 0.2946646728082495 0
3076 1.117804854421548 0.288607658656741 0
3077 0.7731549191922032 0.5927731771525451 0
3078 0.7684247020674256 0.5942231612696667 0
3079 0.7696338231133328 0.5882964047581895 0
3080 0.5875411727125686 0.358935587320473 0
3081 0.603206263216284 0.339532231222393 0
3082 0.6143837110032613 0.3632588560939197 0
3083 1.210190519779229 0.6171456225908066 0
3084 1.218691271530023 0.6179113960035443 0
3085 0.7384166712333424 0.4456735119671365 0
3086 0.73621247841795 0.451451524682328 0
3087 0.6302178274998487 0.5663695728277549 0
3088 1.859234508338978 0.8323833101818157 0
3089 1.8315984822954 0.7962485460950559 0
3090 1.879867771707296 0.8027034255107992 0
3091 0.4986888590717041 0.5560837682912528 0
3092 0.6181721850644248 0.3196771008110724 0
3093 0.6315459944714528 0.299192599741701 0
3094 0.7767491276558968 0.6148149133518153 0
3095 0.5103000707767227 0.1989792905242524 0
3096 0.4754923631975109 0.2010539470842709 0
3097 1.177487206634876 0.6487317753794093 0
3098 1.242546329108406 0.3631323258687243 0
3099 1.263983332752812 0.6682663995248286 0
3100 1.274633316007286 0.655702958003763 0
3101 1.148841588293104 0.6704789294490222 0
3102 1.154352240973485 0.6659913193636675 0
3103 1.154433973439148 0.6725284817627304 0
3104 0.6154231972709302 0.4414265541006995 0
3105 0.6032480741325814 0.4553400281372988 0
3106 1.21830758692165 0.6099015391407281 0
3107 1.255786096120342 0.5943443107497366 0
3108 1.265374504744258 0.5955663283315796 0
3109 0.1644572979967248 0.4508851498372163 0
3110 1.39847066783693 0.6328121718339996 0
3111 1.409959979486495 0.6170351871374431 0
3112 1.11146560171084 0.2059001771340394 0
3113 1.100806882155183 0.1928869996571916 0
3114 0.6394134202427999 0.5825485571912958 0
3115 1.057003019593122 0.218523811580755 0
3116 1.047308875420492 0.2189175597224698 0
3117 1.133817805497766 0.2278117249040658 0
3118 1.122833365179869 0.2171374498545353 0
3119 1.186746220245495 0.2929168802987611 0
3120 1.173368818400275 0.2927061700820761 0
3121 1.151298464070075 0.7234201507842403 0
3122 0.6888104445134181 0.3864977176909499 0
3123 1.880404344700054 0.3553277461682058 0
3124 1.846166802762992 0.3914781384662249 0
3125 1.09589080573591 0.2519061364288195 0
3126 1.100437090517162 0.2576363948732627 0
3127 1.092524362984432 0.2609187943827143 0
3128 0.8533638218804487 0.6978216157727071 0
3129 1.320093106319395 0.07962909449026109 0
3130 0.6135729223414466 0.3927146660363797 0
3131 0.6202558642160143 0.41515259129566 0
3132 1.488159224903636 0.7691422291485612 0
3133 1.455166417804874 0.7720412078384804 0
3134 0.8913344874950928 0.7649887272649998 0
3135 0.8986847767873771 0.7730784862971791 0
3136 1.877597617661628 0.877168472157773 0
3137 1.125547769490155 0.3119481707138601 0
3138 0.4624339498163116 0.326746260451232 0
3139 0.4903028850049286 0.3332586315016665 0
3140 0.4663783804674858 0.3605069077792566 0
3141 0.6328648330377016 0.6655922495626225 0
3142 0.7904974670412565 0.6040715354718509 0
3143 0.7870690030202514 0.6064606225909326 0
3144 0.7847155447899812 0.6026171713317106 0
3145 0.3572475462523446 0.7231049585219729 0
3146 0.3757918753363105 0.7531875164349604 0
3147 1.263469627978697 0.5861224220587273 0
3148 0.7278799653250447 0.4349051261656778 0
3149 0.7339643920143297 0.4351498774328912 0
3150 0.04715754835506306 0.1748923133809164 0
3151 0.0936021018352946 0.2029030349299299 0
3152 0.04644455348023155 0.2280107215498457 0
3153 1.953751898875437 0.8194190947985163 0
3154 1.912309157025583 0.7878602326045731 0
3155 1.958557258150146 0.7684411378055302 0
3156 1.09289460695845 0.2853874046116428 0
3157 1.350171452986677 0.8783733486776396 0
3158 1.324143317196603 0.8965993403115595 0
3159 0.7443516040299392 0.5765234990193696 0
3160 0.7525950787845412 0.5791635119674543 0
3161 0.3193088711927342 0.6590339459405747 0
3162 0.3382360155428601 0.6905748635461526 0
3163 1.286253243178498 0.6997837879054654 0
3164 1.232193747202756 0.6536861120260963 0
3165 1.310367815864842 0.9222238228340289 0
3166 0.9323305215652238 0.2389373363225471 0
3167 0.9397011930937711 0.2400011643201992 0
3168 0.7481505914096203 0.5711715581054391 0
3169 0.9726840511241838 0.2149631858760367 0
3170 0.965585766002667 0.2143456470079338 0
3171 1.239259905685715 0.7567225182540385 0
3172 0.5735241013448182 0.6278301179948448 0
3173 0.962522868218449 0.7891907077737006 0
3174 0.9560734160796276 0.7882904903291577 0
3175 1.263554031780775 0.7279635383374556 0
3176 0.6808929938403074 0.6233207680243623 0
3177 1.240361320788475 0.579693331325863 0
3178 0.4131784917962049 0.1652761479206996 0
3179 0.2005435758537771 0.9084308139094172 0
3180 0.1815821867138388 0.8643270267114567 0
3181 0.2257556017660537 0.956832775009106 0
3182 1.768625716303345 0.04211762164968158 0
3183 1.964367646319825 0.2757961514386607 0
3184 1.964367646319825 0.2257961514388064 0
3185 0.0433012701889216 0.7750000000001731 0
3186 0.7185749996063349 0.5447614246305001 0
3187 0.7210517317296716 0.5517838732436455 0
3188 1.773556642525499 0.9498395888450069 0
3189 0.2252837054185144 0.04914956526791774 0
3190 1.482444452224492 0.2738854722289908 0
3191 0.1747879740885553 0.9515980389003111 0
3192 1.82467654682898 0.04311452441424328 0
3193 1.793302263132851 0.08523214606392486 0
3194 1.448522096410946 0.8805864394688214 0
3195 1.471181508888066 0.8495967295754341 0
3196 1.629822205632929 0.4328825737262099 0
3197 0.7743306514069308 0.6381535608097528 0
3198 0.7812386490547298 0.6451549124943874 0
3199 1.254330647366621 0.6556039674809422 0
3200 1.233126748847797 0.3854058575860292 0
3201 0.541457194443283 0.3095356631399233 0
3202 0.5087193482459975 0.3160997520087642 0
3203 0.1207908832498672 0.7197652488750612 0
3204 0.8147399181118533 0.3569460765189781 0
3205 0.8215308334747886 0.3599288468916614 0
3206 0.7185625645731982 0.578338684175749 0
3207 1.30749473686079 0.6734507432772644 0
3208 1.041244142864106 0.2287644225283866 0
3209 1.04484478150414 0.2249830361387161 0
3210 0.8086559246911817 0.6870667501890826 0
3211 0.8158788284559406 0.6946911865882782 0
3212 0.7563077240843212 0.271004601014937 0
3213 0.8769133094032637 0.2840697584816613 0
3214 0.8839339348087816 0.2813704928527977 0
3215 1.310487474916977 0.4757374165671859 0
3216 0.5670730329272549 0.5756565580623627 0
3217 0.5615774790345331 0.5565292556126695 0
3218 1.532920064133646 0.5887664629938847 0
3219 0.6756802670630198 0.4113557036590141 0
3220 1.953751898875437 0.869419094798648 0
3221 0.04715754835506306 0.1248923133807083 0
3222 1.313895462165138 0.4579707148220084 0
3223 1.312320395673861 0.4681368765845373 0
3224 0.1247879740883473 0.9515980389003111 0
3225 1.874676546829111 0.04311452441424328 0
3226 1.144950460877999 0.6730917565140201 0
3227 1.144868728412335 0.6665545941149571 0
3228 0.7974388368979353 0.6701353077617991 0
3229 0.8027170140480562 0.6782975276022143 0
3230 0.9541959481900624 0.7751215984306206 0
3231 0.9474067630087825 0.776676544881061 0
3232 1.089690339133771 0.1808789666066798 0
3233 1.077454799030082 0.1694035575396828 0
3234 0.8219814449302137 0.7040035335920817 0
3235 0.8302326958017001 0.7142651363572712 0
3236 0.144188882959533 0.8556491490968615 0
3237 0.1761951214970932 0.816780098007696 0
3238 1.165539478176465 0.7057337417941093 0
3239 0.4256738037770289 0.3230180863569507 0
3240 0.4495983083144717 0.2957698100793607 0
3241 0.7871130779589331 0.653072920400519 0
3242 0.7919169285252214 0.6615854836943412 0
3243 0.9482765809180687 0.7941842200716265 0
3244 0.9462831428698035 0.787117119618969 0
3245 1.377590261984846 0.4008796076130084 0
3246 1.350367116544794 0.7572700844268452 0
3247 1.310985816269098 0.3004746106837252 0
3248 1.300752959631301 0.2840941891358538 0
3249 0.6143634139721236 0.4933062958246811 0
3250 0.6281962481737721 0.49367754591115 0
3251 1.302002632243049 0.5971430691023362 0
3252 0.9466972736903831 0.9093175971523357 0
3253 0.9227094976487906 0.9124225210003386 0
3254 1.037200780507301 0.2093529200039025 0
3255 1.672425948361029 0.2449962887136646 0
3256 1.65470045661888 0.2103856194949617 0
3257 0.7445262814269274 0.6228025437511617 0
3258 0.7496386390737304 0.6311470479721235 0
3259 1.708093652613918 0.314707256962193 0
3260 1.690686279716863 0.2806223074006005 0
3261 0.7884661795482424 0.6119893553523308 0
3262 0.7826842572969671 0.6105349912121905 0
3263 0.6073827139710009 0.5055394787989114 0
3264 0.5995773381004503 0.4940608347615364 0
3265 0.9168393848194468 0.235343950646408 0
3266 0.9152368845060225 0.2460700410687784 0
3267 0.4009267908870987 0.4575588743598683 0
3268 0.3855695911419386 0.483701458104958 0
3269 1.091091857977704 0.2773843358969654 0
3270 1.092081412111325 0.2706702949081313 0
3271 0.6694073545928051 0.5410823201560317 0
3272 0.6722962478092231 0.5509454922387933 0
3273 1.131074246492344 0.1078638242254475 0
3274 1.097592178011853 0.1089101953172895 0
3275 1.175857456999357 0.3043540752301154 0
3276 0.6964755743657218 0.5223307812834477 0
3277 0.6884692571468114 0.522695318820646 0
3278 0.4340573314889286 0.2632524985635155 0
3279 1.185045871865381 0.6416276076688683 0
3280 1.193451505869224 0.6427588476388806 0
3281 0.8701003184517854 0.2757887145106311 0
3282 0.8675778742356179 0.2684673926326449 0
3283 0.8776970534544897 0.2678688560005134 0
3284 1.012682552885237 0.2053319248214237 0
3285 1.014638055956123 0.1979065539034401 0
3286 1.448421994655732 0.6905698697312311 0
3287 1.026589006826672 0.1853661400975069 0
3288 1.422118977366481 0.6012636056329816 0
3289 1.433781126562867 0.5847368422003103 0
3290 1.164188089821936 0.7264128363751448 0
3291 1.156442652669164 0.7352671356135269 0
3292 0.7134221598842556 0.6036606660160093 0
3293 0.7184978436654217 0.6128397267304009 0
3294 0.8648376955921406 0.1088878773925702 0
3295 1.172601342672783 0.3401293770854761 0
3296 1.167845093462827 0.3346317913545631 0
3297 0.6641899644666893 0.43415079207438 0
3298 0.737520652283753 0.685110200612477 0
3299 1.1755704770043 0.3444182512860542 0
3300 0.5479317145776648 0.4835539387658458 0
3301 0.5659207791120912 0.4940568079118758 0
3302 1.961994016115071 0.3261366189075735 0
3303 1.926361662434895 0.3019327703469677 0
3304 0.9705395888711363 0.8227404209432192 0
3305 0.9022879046701084 0.7169027828059588 0
3306 0.7374252534428041 0.422899648410361 0
3307 0.7294264927057601 0.421769010665242 0
3308 0.735298929380287 0.4159562273562618 0
3309 1.02563014094237 0.7977291947642718 0
3310 1.02215778143829 0.8013202920519464 0
3311 1.020011538661921 0.7921912745233408 0
3312 1.421486370945819 0.342342735694773 0
3313 1.41199962023374 0.3197374532907966 0
3314 1.258826486577633 0.5818035588068926 0
3315 1.261320885523548 0.5765949068422811 0
3316 0.4405037878899465 0.8904061101276579 0
3317 0.8267265867630353 0.2727608075477609 0
3318 0.836312024336725 0.7245892695538758 0
3319 0.8426308009870513 0.7355861152179184 0
3320 0.7235806120873871 0.4272996862196579 0
3321 0.6287343931059682 0.1030616226039536 0
3322 1.490561856161031 0.4310650643400425 0
3323 1.405937468301158 0.6514140096627178 0
3324 1.14246728441256 0.7694192163319603 0
3325 0.6760097156397046 0.5605151868799233 0
3326 0.6798124108420966 0.5703168280029614 0
3327 0.529993603419849 0.6828567933587959 0
3328 0.5459703563297922 0.6640005401871676 0
3329 0.03730962469712571 0.8237507591943724 0
3330 0.03730962469712571 0.8737507591941642 0
3331 1.963248440816644 0.1759976703006142 0
3332 1.963248440816644 0.1259976703007426 0
3333 1.15651408260458 0.3286605091590701 0
3334 1.154036909444437 0.3357654684350745 0
3335 0.8823471291322078 0.6944572421774782 0
3336 0.8774823493841478 0.6978399239804369 0
3337 1.186367115839311 0.8369515832721145 0
3338 1.159728469290707 0.847970929288407 0
3339 1.267481363352803 0.8188683886859807 0
3340 1.255611534178312 0.7970001295187552 0
3341 1.281532276594573 0.8024334672759329 0
3342 1.823845718785775 0.9577493773589935 0
3343 1.873845718785983 0.9577493773589935 0
3344 0.1764336476795172 0.03958372412048513 0
3345 0.1264336476796022 0.03958372412048513 0
3346 0.6154557992122415 0.3804002441141636 0
3347 1.681232250272566 0.7533855160113467 0
3348 0.3197420185622653 0.7227113985257128 0
3349 1.187626296753431 0.3749028697146565 0
3350 1.192992927779934 0.3717471522761251 0
3351 1.300640932142487 0.5304117097566465 0
3352 1.30108075631031 0.5224508091399827 0
3353 1.304667897263414 0.5270221104199464 0
3354 1.824266960727945 0.4246130409830637 0
3355 1.844344306484551 0.459773833278588 0
3356 0.6843791058638631 0.5816905367372953 0
3357 0.6888677496463346 0.5917364294102081 0
3358 1.249667927936699 0.2702006632741389 0
3359 1.230494645366801 0.270831115063926 0
3360 1.240118291790383 0.2538553700206631 0
3361 0.5318437506574952 0.3958168117493749 0
3362 0.7973180457364361 0.6151123399524945 0
3363 1.105328388205524 0.2640324824296956 0
3364 0.747502648473287 0.2297285620544655 0
3365 0.764183124972648 0.215954453913405 0
3366 0.7307728128307778 0.0271415346719602 0
3367 0.7369192011977027 0.07623889569470346 0
3368 0.850198374963994 0.7462157397372424 0
3369 0.8573659551512992 0.7564103653003046 0
3370 1.624426819754154 0.811198194612745 0
3371 1.58774616522594 0.8019811875945851 0
3372 1.786739101854521 0.249804764863324 0
3373 1.811694821724404 0.2072247997781944 0
3374 0.777823768655683 0.5902055700172337 0
3375 0.7766146476097757 0.596132326528711 0
3376 0.9511139286793704 0.8032856584735695 0
3377 0.9638679202727878 0.8024349547096797 0
3378 1.446860055807966 0.5699493298127498 0
3379 1.459231415706361 0.5545341557356324 0
3380 0.799130764488161 0.3649498374801396 0
3381 0.8005704730807967 0.3722446314295842 0
3382 1.097736496193833 0.8122747064826281 0
3383 1.184912126257608 0.671099501906142 0
3384 1.120524513636769 0.7904472903933981 0
3385 0.6683122977114543 0.4880592137129085 0
3386 0.6718544674430378 0.4978756586525565 0
3387 1.249757462019636 0.6243552873936788 0
3388 0.6836518746140383 0.5999962796466356 0
3389 0.679549958948783 0.6131520836220417 0
3390 1.228727432463988 0.2373021968527452 0
3391 1.21661101192293 0.2233337075907198 0
3392 0.9700606924469344 0.896171871084421 0
3393 0.9623187541753824 0.9319865530628531 0
3394 0.6157765675758937 0.5148096071939452 0
3395 1.337653585250658 0.4010075992256155 0
3396 1.328538996126985 0.4124743422106234 0
3397 0.8725597887693033 0.6991625228856716 0
3398 0.8678263261313605 0.7032434254337039 0
3399 0.8639006168341726 0.6986286785323441 0
3400 1.209288928258521 0.6099558158040028 0
3401 0.3688375999146404 0.5104188053168304 0
3402 0.3539510957075069 0.5386682518747865 0
3403 1.469019096456733 0.3867360508842175 0
3404 1.315286199236388 0.5788261879666847 0
3405 1.178555616471253 0.6653123152776932 0
3406 1.169945203045674 0.6648720578503972 0
3407 0.8076695791196142 0.6274472461713563 0
3408 0.5561642428642413 0.5917155695597998 0
3409 0.6374683386293314 0.5724514121485167 0
3410 0.651468178258088 0.5762870291103295 0
3411 0.08061089488604731 0.7987507591945457 0
3412 1.927616087136469 0.2017938217398627 0
3413 1.243468724716732 0.6423308063067223 0
3414 1.251907140610094 0.6346047092331892 0
3415 1.252828364837143 0.6459913280160652 0
3416 0.7547785206342928 0.3765092892115192 0
3417 0.7752637783612916 0.4050776947226348 0
3418 0.7749069978110799 0.3982024989421291 0
3419 0.780810484074416 0.3998734641932595 0
3420 0.7414465302329336 0.3535613127014603 0
3421 0.9609750915211126 0.2030901478480765 0
3422 0.7129170575296065 0.2958667840190589 0
3423 1.668067029413316 0.5247963230637879 0
3424 1.679518547714105 0.5555612703014068 0
3425 0.7991886307889529 0.3807068354621696 0
3426 0.7926657350182622 0.379901822056894 0
3427 0.7367892780765741 0.1822542579599432 0
3428 0.758088302003427 0.1658904797666361 0
3429 0.7642337952598535 0.1912926029491282 0
3430 0.8231917784230586 0.7259739422445869 0
3431 0.8143159747052657 0.7367337755268606 0
3432 0.8082366461702406 0.7264096423302557 0
3433 0.112097598785265 0.8753487980946836 0
3434 0.1067105335685194 0.8278018693909228 0
3435 1.142017562950963 0.6769941810532982 0
3436 1.138044703070194 0.6730698457192332 0
3437 0.898377823973217 0.7969754486493891 0
3438 0.9131480035000712 0.7971182622184414 0
3439 1.613503083078958 0.03619964078061316 0
3440 1.378661561703203 0.870461169329884 0
3441 1.498153325828728 0.2931768638101683 0
3442 1.512183577069457 0.3123837922308045 0
3443 0.2017173530984022 0.08873328938840286 0
3444 1.398395378496236 0.2495210459449991 0
3445 0.8099984955393298 0.3700029511390504 0
3446 0.8069893420154967 0.3637700587493179 0
3447 0.9091002822257279 0.1496885412977711 0
3448 0.9103978044312095 0.1257992893967055 0
3449 1.71209648295995 0.2476155666288255 0
3450 0.7178283349472112 0.4626563511913866 0
3451 0.7219492833274885 0.4666213584822045 0
3452 1.343245844579675 0.200617975336356 0
3453 1.019140882532503 0.8056209571888058 0
3454 1.013522280252054 0.8000830369478747 0
3455 1.349097458318477 0.5062194604274379 0
3456 1.33828286795558 0.5098746739704255 0
3457 0.5530470718164306 0.5382837055519736 0
3458 0.5416627608882939 0.5205985654250014 0
3459 0.874996847169534 0.2165195477035847 0
3460 0.8489069239092784 0.2583363561145877 0
3461 0.8598233320576266 0.2635549163984926 0
3462 0.3541924262702753 0.4828557855924666 0
3463 1.199334795898195 0.369687234909635 0
3464 1.200945104166247 0.3625819843370131 0
3465 1.662175266106167 0.8828908533674957 0
3466 0.789621723497584 0.7772801229100474 0
3467 1.14817930805086 0.3198992246163868 0
3468 1.148425798973583 0.3118301984439357 0
3469 0.9867904619660695 0.8116438154865274 0
3470 0.9776155787141403 0.814340720484432 0
3471 0.1228488394282317 0.1744182546124965 0
3472 0.1442718220318319 0.14622558813305 0
3473 0.1728055647499375 0.1708592159845458 0
3474 1.266897869458154 0.5592553892081109 0
3475 1.271088691970236 0.5626728462912667 0
3476 1.249895694104194 0.5613037314814726 0
3477 1.254707333604701 0.5649419939795576 0
3478 0.3953602493530796 0.7853824719762158 0
3479 0.3583219232885189 0.7874364490427884 0
3480 1.327940914542054 0.5618885094354151 0
3481 1.116991947691297 0.2825137216615666 0
3482 1.119279215655005 0.2739070104245859 0
3483 0.1221358445534002 0.2275366627814258 0
3484 0.168581929733592 0.2336128225166719 0
3485 0.3253648654625028 0.426785065516553 0
3486 0.285632021992839 0.4268198741671397 0
3487 0.304524168840917 0.4011463689039405 0
3488 1.733433747905994 0.1207075407442994 0
3489 1.695570913158433 0.1494682789570559 0
3490 1.065655742222882 0.1556733497168106 0
3491 1.053247218554254 0.1425043635672187 0
3492 1.205142883517397 0.6348276490001487 0
3493 0.1235911960347656 0.1144760375009855 0
3494 0.1735479213564713 0.1109169988730347 0
3495 1.740014776874309 0.3837963629475152 0
3496 1.777773239713417 0.3894332853253438 0
3497 1.755262510260764 0.4190151371763801 0
3498 1.557830505679374 0.7819248034123698 0
3499 0.7781960014807875 0.3413831811493182 0
3500 0.7704789900590521 0.3307177058201335 0
3501 1.693232677167694 0.5876803779696083 0
3502 1.704271628570843 0.62313441153783 0
3503 1.63854526237287 0.1752692053864551 0
3504 1.677680957358106 0.176873133833383 0
3505 1.262769063259984 0.6478778704074091 0
3506 1.111301111433268 0.2834406539751711 0
3507 1.169757383135325 0.7159123410162214 0
3508 1.174901571734415 0.727759325845508 0
3509 0.9349399704605006 0.2279900359264233 0
3510 1.429955490965568 0.6194245686402718 0
3511 0.9694776677114743 0.972566139565384 0
3512 0.715979016598381 0.5364881265482169 0
3513 0.7216882510803115 0.5341492960332548 0
3514 0.7192907007283567 0.540176780229497 0
3515 0.9881801714334943 0.1479484074983302 0
3516 0.9937772849085312 0.161462048041485 0
3517 0.9777805384501697 0.1518938929261279 0
3518 1.459085298752162 0.5151643456423343 0
3519 1.440381712403768 0.5224015266977671 0
3520 0.6121929832676818 0.6654147547383014 0
3521 0.5917560996274276 0.6649306320262166 0
3522 0.7682171243159706 0.3628524562127035 0
3523 0.659278372924749 0.4649896891895803 0
3524 0.6531994750346446 0.4546956923914537 0
3525 0.1972769509618205 0.7894830776273696 0
3526 0.219637333290728 0.7550045167481931 0
3527 0.1884036735879707 0.560042803327865 0
3528 0.154472081511307 0.5337416081311881 0
3529 0.3861388408174367 0.1868869758745024 0
3530 0.3522480525319633 0.1933948250193984 0
3531 0.3547598061879047 0.1588184731244311 0
3532 0.2831659455550518 0.5957667817885162 0
3533 0.2452037317877745 0.5873099340381627 0
3534 0.2642440966537766 0.5571972523654934 0
3535 1.562956358985658 0.378391720963646 0
3536 1.295240506524109 0.1893963764505441 0
3537 1.319323934556019 0.1966754819939579 0
3538 1.306212900684192 0.2210859941954805 0
3539 1.198123414733198 0.6406793271828983 0
3540 1.643782795737669 0.4637776072236599 0
3541 1.661447346182191 0.4369365406951181 0
3542 1.540845161513545 0.4325077292263576 0
3543 1.555185152094341 0.4050883998041339 0
3544 1.336280652315683 0.5349523275509256 0
3545 1.340861531801696 0.5442978094220714 0
3546 1.326966396946037 0.4426639790854812 0
3547 1.319798407683507 0.4520211257841465 0
3548 0.7811565493293005 0.3492624570288099 0
3549 0.7903550315982182 0.3516366060897481 0
3550 0.5389327998874702 0.5557424769855703 0
3551 0.87355664008696 0.6932251770790772 0
3552 0.2845412809693263 0.3142120213502131 0
3553 0.2629652787388396 0.3442243116296357 0
3554 0.2447331115898883 0.3113298070681777 0
3555 0.6717973024059414 0.3862041323492957 0
3556 0.678770110931094 0.3731492822368928 0
3557 0.3982326247183421 0.2567524818772746 0
3558 0.4194517939320817 0.2279633444557106 0
3559 0.7930785568124434 0.6118817729967106 0
3560 1.447932890393894 0.6218601805039399 0
3561 1.535233637628935 0.3809784912373234 0
3562 1.255235574179391 0.373505330510871 0
3563 1.262474411832486 0.3656606663020294 0
3564 1.264115479832342 0.3764185124474463 0
3565 1.720710616807235 0.6583619055280385 0
3566 1.734640741836268 0.6942364390211646 0
3567 0.6980290251005332 0.4772586092983887 0
3568 0.6909631593272597 0.4781500469960228 0
3569 1.11203716667419 0.2693813145061152 0
3570 0.3588646585961581 0.3170797211046523 0
3571 0.3385711425900335 0.3474345101519045 0
3572 0.3230669641244023 0.3167517368644188 0
3573 1.398730438068692 0.76618069313119 0
3574 1.413793205755052 0.7449384173823688 0
3575 1.425160515859303 0.7686638281229748 0
3576 0.5614806469665097 0.3553102648900695 0
3577 1.89158085382977 0.2261047416319947 0
3578 1.901366261529434 0.2779835078630278 0
3579 1.472286500624894 0.5358440464684031 0
3580 1.481181315300086 0.5160180430001624 0
3581 0.3363240333965453 0.5667087355305406 0
3582 0.3200467824768708 0.5967703442235519 0
3583 0.2260451955706108 0.2747456396790532 0
3584 0.2129558675406978 0.2338521834419081 0
3585 0.253219785790462 0.24042406055161 0
3586 1.226290554063217 0.2828330586968424 0
3587 0.623897612336076 0.1577061728541548 0
3588 0.497200068805469 0.5224107917583748 0
3589 0.3157125005677931 0.1985250990606112 0
3590 0.2753432204968519 0.2156272400831801 0
3591 0.5913296467737321 0.3153538320376256 0
3592 1.236689477845899 0.6465481379072123 0
3593 1.235768253618851 0.6351615191243365 0
3594 0.03676675575917573 0.9132332442406159 0
3595 0.03676675575917573 0.9632332442408242 0
3596 1.963233244240853 0.08676675575899459 0
3597 1.963233244240853 0.03676675575908725 0
3598 1.913233244240722 0.03676675575908725 0
3599 0.08676675575938372 0.9632332442408242 0
3600 0.5126637788971716 0.3498603993367888 0
3601 0.7274414929251209 0.561219202549083 0
3602 0.732998468385583 0.5586676200383236 0
3603 1.481327432254286 0.5553878530934605 0
3604 1.71506810495698 0.5615058250280826 0
3605 0.6363352991396882 0.5054354853415644 0
3606 0.7650107364245046 0.6384920255501898 0
3607 0.5456084288778775 0.7054359538565447 0
3608 0.3235152302144292 0.3741090430825124 0
3609 0.2837823867447654 0.3741438517330992 0
3610 1.197645447180175 0.3758808830195303 0
3611 1.245699678387899 0.4217930350647954 0
3612 0.475322421463257 0.4336330251813106 0
3613 0.4468314237912125 0.4342917778076613 0
3614 0.268703235694738 0.4575123313674302 0
3615 0.293571869281213 0.4801285154168947 0
3616 0.03660254037856592 0.03660254037864853 0
3617 0.03660254037856592 0.08660254037885652 0
3618 0.0866025403784656 0.03660254037864853 0
3619 1.913397459621244 0.9633974596214732 0
3620 1.963397459621453 0.9633974596214732 0
3621 1.963397459621453 0.9133974596213416 0
3622 1.772582090782077 0.7023177581772591 0
3623 1.745562621734991 0.7324742765217225 0
3624 0.3010064176108687 0.626883025896221 0
3625 0.2824280342709152 0.658030383505539 0
3626 0.3198333727320155 0.5376136164600929 0
3627 1.1091286741374 0.8532534510400611 0
3628 1.1367902421745 0.8516839506933006 0
3629 1.360854619522281 0.6796980549205591 0
3630 1.381925216272912 0.6837255681769414 0
3631 0.7343345036331314 0.6226005920652928 0
3632 0.4175170412936628 0.4319044592688852 0
3633 0.3875146679041376 0.4304840232896112 0
3634 1.736761021536507 0.5340088813718009 0
3635 0.4334193008082514 0.4072169267374042 0
3636 0.4213071817947853 0.3794120724637252 0
3637 0.4506215642923349 0.3817993910025012 0
3638 1.166477146300378 0.6689404959775457 0
3639 1.163412682864825 0.6639724335502272 0
3640 0.2044691933401241 0.3047579299584758 0
3641 0.9691881245423657 0.1864368095717051 0
3642 0.9681076717493301 0.1965559028190589 0
3643 1.331131187425626 0.3005363977973693 0
3644 1.162885319518074 0.6745556144394431 0
3645 0.6422725855151367 0.5601080447467885 0
3646 1.447447170296589 0.3426876522235117 0
3647 1.682495401749553 0.4097098609981098 0
3648 1.701667269166854 0.3797755717035881 0
3649 1.324654606821573 0.6770916084695696 0
3650 1.334651081899351 0.6602731640501345 0
3651 1.341940774937692 0.6763952870873731 0
3652 1.724177998619507 0.3501937198525518 0
3653 1.746441160321373 0.3187280482061202 0
3654 0.3780993212028579 0.289219291901123 0
3655 0.363493783646011 0.2539301377933182 0
3656 1.799673081748464 0.356298382808505 0
3657 1.814920815134919 0.3915171570373699 0
3658 0.4064391411703291 0.3508785155604801 0
3659 0.3936034996684892 0.3199020651886088 0
3660 1.249262170062691 0.8381496443807603 0
3661 1.275182912478951 0.8435829821379381 0
3662 0.298531369590482 0.7558711736827356 0
3663 0.2795198388809975 0.7233410787069154 0
3664 0.8622445360257209 0.3025779198935861 0
3665 1.224493276104875 0.6465168248437104 0
3666 0.3048347969754509 0.2838572323029609 0
3667 0.8232670453035333 0.3511740220481485 0
3668 0.8163724489727039 0.348952740141081 0
3669 1.177691751053408 0.3178412597627205 0
3670 0.7036543513880238 0.6023042801315972 0
3671 0.1626357852631413 0.3704820402387019 0
3672 1.731399690016517 0.2129109835561721 0
3673 1.749660021372351 0.2485370022431079 0
3674 1.150248135665232 0.2231691830310654 0
3675 0.321966576828701 0.4810158517920455 0
3676 0.3386985680559991 0.4542985045801733 0
3677 1.623468869255823 0.4899647845112232 0
3678 1.655094009805085 0.4940187514801314 0
3679 1.285239241985645 0.4770548965470719 0
3680 0.715902439269356 0.5224253214221655 0
3681 1.287411198706208 0.5188065475432821 0
3682 1.283922826613205 0.5222949196362853 0
3683 0.7126766555681979 0.4812813067310057 0
3684 0.7161650276612066 0.477792934637997 0
3685 0.2253805914567554 0.62622369444847 0
3686 0.2064587425554802 0.5876541650254473 0
3687 0.7850950137291605 0.4037913306834087 0
3688 1.688380955895161 0.4986091457762246 0
3689 0.9279041626901681 0.2324589592048285 0
3690 1.619529166885817 0.1436269338750629 0
3691 1.602269368409253 0.1089482147932379 0
3692 1.594029441107607 0.4834233446542605 0
3693 0.4632386143562185 0.8505475807723877 0
3694 0.864238127510373 0.6907906353832856 0
3695 0.8595046648724302 0.6948715379313178 0
3696 1.142058419239711 0.3228998576713785 0
3697 1.27281079468352 0.3566872828459788 0
3698 1.538185709664237 0.4778641088679848 0
3699 1.565064559658139 0.4822316687143366 0
3700 1.549022377032904 0.5027554892074175 0
3701 1.495061820233178 0.4968631357675796 0
3702 1.511714646766075 0.4758762695489859 0
3703 0.8756713588423424 0.8116372638256588 0
3704 0.860436945762427 0.8003174476679118 0
3705 0.9731914981258027 0.1790748706342701 0
3706 0.979585129505913 0.1891500495431989 0
3707 0.7015794545340603 0.2197629836350157 0
3708 0.6850403565588983 0.2387509098182202 0
3709 0.6767644412276911 0.215753593598131 0
3710 0.8373199888676438 0.3371414538546501 0
3711 0.7231417718472544 0.5291838095480736 0
3712 0.7196533997542383 0.5256954374550575 0
3713 0.722111893428746 0.4576955803916432 0
3714 1.255606470601455 0.09299247759359909 0
3715 0.8123749612150573 0.6243818159384787 0
3716 0.729941828070257 0.5363608353223809 0
3717 0.72645345597723 0.5328724632293539 0
3718 0.98409804027031 0.7914261278848207 0
3719 1.280346600245842 0.5256954374549496 0
3720 1.276858228152813 0.5291838095479787 0
3721 1.272794613797516 0.5322037063656111 0
3722 1.269306241704508 0.5356920784586198 0
3723 1.400480235116277 0.7243612144666925 0
3724 1.426910312906888 0.7268443494584774 0
3725 1.266393111873771 0.5396489258270207 0
3726 1.262904739780752 0.5431372979200397 0
3727 1.263216941679955 0.4572302522624612 0
3728 1.266705313772976 0.4607186243554819 0
3729 0.7334256512798987 0.4591298138233122 0
3730 0.7369140233729059 0.455641441730305 0
3731 0.7370983004843643 0.5431342576551668 0
3732 0.7336099283913389 0.5396458855621412 0
3733 0.5311031622716232 0.5025608575366161 0
3734 0.526111747742068 0.4824145923773333 0
3735 1.696455991854293 0.4406048944955598 0
3736 1.14400717609891 0.6812739619068338 0
3737 1.137101418291105 0.6812520511120468 0
3738 0.5154257298344112 0.4605347393465021 0
3739 0.5025005459641376 0.436941930626999 0
3740 0.7439779214281445 0.5502081250835297 0
3741 0.740489549335105 0.5467197529904902 0
3742 1.259416367687736 0.5466256700130463 0
3743 1.255927995594732 0.5501140421060501 0
3744 0.7262342158942718 0.4673789336835945 0
3745 0.7297225879872873 0.463890561590579 0
3746 1.239313058018311 0.5680990886780309 0
3747 1.235824685925305 0.5715874607710369 0
3748 0.5429657542890333 0.197205048056075 0
3749 1.275381553789087 0.377299605540253 0
3750 1.294320518520224 0.5117623789852658 0
3751 1.290832146427216 0.515250751078274 0
3752 0.7650022369636358 0.5710442746644736 0
3753 0.7615138648705895 0.5675559025714274 0
3754 1.720837622912063 0.7623039703582674 0
3755 1.694448600395448 0.7912965290039862 0
3756 0.7859905857460193 0.5921311969060914 0
3757 0.7825022136529847 0.5886428248130569 0
3758 1.193396689921272 0.7810699372600871 0
3759 1.212497666901967 0.7860207361852903 0
3760 1.276883558850722 0.4703661230946827 0
3761 1.280371930943731 0.4738544951876918 0
3762 1.313990695712715 0.6002665626839926 0
3763 1.307078830139914 0.6100253162183402 0
3764 0.1337840085250426 0.7517540898163972 0
3765 0.1679723513970666 0.7215193386911121 0
3766 1.255927995594653 0.4498859578938251 0
3767 1.259416367687685 0.4533743299868578 0
3768 1.322561290223951 0.6504411448753482 0
3769 0.6653991451050415 0.5588865065409667 0
3770 1.218183479323932 0.5890012315771298 0
3771 1.214695107230925 0.5924896036701365 0
3772 0.7508946176125347 0.5574577148796787 0
3773 0.7474062455194989 0.5539693427866428 0
3774 1.25243962350173 0.5536024141990494 0
3775 1.248951251408732 0.5570907862920469 0
3776 0.7201336720843557 0.474823820147471 0
3777 0.7236220441773857 0.4713354480544411 0
3778 1.205754755766697 0.3784982219183268 0
3779 0.7431347053216444 0.4242494986380426 0
3780 0.7372622686471175 0.4300622819470229 0
3781 1.474089137253384 0.3016565613143731 0
3782 1.248666104497347 0.4433979700872357 0
3783 1.252154476590361 0.4468863421802502 0
3784 0.7716320039871383 0.5782968499325727 0
3785 0.7681436318941115 0.5748084778395459 0
3786 0.5198427940526972 0.519459219036489 0
3787 0.8230018329758657 0.664816357335541 0
3788 0.879342195456576 0.7659440006974838 0
3789 0.738514164801408 0.2669215644928987 0
3790 1.288387065825268 0.2332619728153878 0
3791 0.7929092137079077 0.598951251408729 0
3792 0.7894208416148847 0.595462879315706 0
3793 1.210720624415461 0.5962029955716293 0
3794 1.207232252322442 0.5996913676646484 0
3795 1.242475316826785 0.4361462832833962 0
3796 1.245963688919819 0.4396346553764301 0
3797 0.7544846848038111 0.4393740989530285 0
3798 0.7579730568968313 0.4358857268600083 0
3799 1.245130489207306 0.5600268986775814 0
3800 1.241642117114307 0.5635152707705801 0
3801 0.7580328900207225 0.5641959614959007 0
3802 0.7545445179276935 0.5607075894028717 0
3803 0.8064789050482102 0.6130020138097745 0
3804 0.802990532955201 0.6095136417167654 0
3805 0.6220011249581485 0.6838216349603978 0
3806 0.775229782890056 0.4187340984838297 0
3807 0.7787181549830852 0.4152457263908005 0
3808 0.7790424852354122 0.585283675436891 0
3809 0.7755541131423715 0.5817953033438503 0
3810 1.22512266792027 0.5813339582845694 0
3811 1.221634295827258 0.5848223303775806 0
3812 1.221044274664377 0.4150022369635546 0
3813 1.2245326467574 0.4184906090565783 0
3814 1.214067530478318 0.4080254927774932 0
3815 1.21755590257135 0.4115138648705251 0
3816 0.3892368776862455 0.3762960512953831 0
3817 1.758778971857872 0.7703852895143618 0
3818 1.797234594803941 0.7832420132219446 0
3819 1.206735863053277 0.4016500110076462 0
3820 1.210224235146309 0.4051383831006788 0
3821 1.193283316290867 0.3870230514668604 0
3822 1.196771688383907 0.3905114235598999 0
3823 0.7987510440312084 0.6062830747609815 0
3824 0.7952626719381779 0.602794702667951 0
3825 0.7963975858005944 0.3975603764985928 0
3826 0.7998859578936171 0.3940720044055701 0
3827 1.203602414199656 0.6024396235011586 0
3828 1.200114042106637 0.6059279955941779 0
3829 1.200379600634918 0.3942493035863618 0
3830 1.20386797272794 0.3977376756793843 0
3831 0.7761111500036053 0.6544690138255913 0
3832 0.705593954749988 0.4881680968098512 0
3833 0.7090823268430174 0.4846797247168218 0
3834 1.078563776297524 0.235057476469745 0
3835 1.196295255196199 0.6089482470857929 0
3836 1.192806883103176 0.6124366191788153 0
3837 1.089952113253794 0.2664577169309468 0
3838 1.084962877599435 0.2704789590119205 0
3839 1.596548666146591 0.1771394195366417 0
3840 0.7617613506702726 0.4323404144163204 0
3841 0.765249722763286 0.4288520423233071 0
3842 0.7898602186260688 0.4050681634873038 0
3843 0.7933485907190914 0.4015797913942813 0
3844 1.583886982078514 0.0756327820227377 0
3845 0.6736793079572894 0.5798299099164307 0
3846 1.50826302210591 0.5175428365936484 0
3847 0.7847137529421209 0.5968964018030142 0
3848 0.7812852889211159 0.599285488922096 0
3849 0.7989683062963617 0.688255892453507 0
3850 0.7002046898717982 0.861390587811631 0
3851 0.6858666017427092 0.8357833034736839 0
3852 0.9584139672758522 0.7715575358876111 0
3853 1.192990652880483 0.6353027030117999 0
3854 1.186633812686675 0.6329462429377849 0
3855 0.7824440974285233 0.4115138648706732 0
3856 0.7859324695215361 0.4080254927776604 0
3857 0.6556043869595898 0.5577533479836936 0
3858 0.8033743299866387 0.3905836323125559 0
3859 0.8068627020796526 0.3870952602195421 0
3860 0.7230690751437345 0.6230477395762478 0
3861 0.7123904379407471 0.6225473329393899 0
3862 0.5611285277413367 0.2354036768529696 0
3863 0.7875074872805223 0.6709368457991809 0
3864 0.8134163451404585 0.6202095633865243 0
3865 0.8099279730474206 0.6167211912934865 0
3866 0.7496251820517998 0.5623513507941218 0
3867 0.7490628146884217 0.5669067909942858 0
3868 0.745412914373263 0.5636569164710928 0
3869 1.063258688098468 0.2032303781157172 0
3870 1.301276832803895 0.5047652048969011 0
3871 1.297788460710886 0.5082535769899094 0
3872 0.5298619915370346 0.571377745630063 0
3873 0.5213315843189322 0.553132195569367 0
3874 1.186349463949534 0.3796680746115877 0
3875 1.189837836042557 0.3831564467046107 0
3876 1.189648925827572 0.6163931118732449 0
3877 1.186160553734553 0.6198814839662637 0
3878 1.226336470147288 0.6312474197609923 0
3879 1.220806106019177 0.6379054830846531 0
3880 0.8264149434333361 0.6342183455616364 0
3881 0.8229265713403106 0.6307299734686109 0
3882 1.52775682939131 0.4553524490559051 0
3883 0.7475714258112313 0.4464729633353082 0
3884 0.7510597979042346 0.4429845912423049 0
3885 0.5590550135993841 0.6452777868318242 0
3886 0.5503961908774758 0.6268907809103124 0
3887 1.171730863636022 0.3664428376361532 0
3888 1.175219235729053 0.3699312097291846 0
3889 0.4281013867693929 0.7773782169511856 0
3890 0.4106314347216012 0.8116271495590137 0
3891 0.8107500331254135 0.3506527617702631 0
3892 1.259117102140047 0.6280158091030217 0
3893 1.213260539229673 0.2895531000411674 0
3894 0.8099518806898889 0.3834354790765116 0
3895 0.8134402527829176 0.3799471069834828 0
3896 0.8110098334137603 0.7063374620441787 0
3897 0.4899118078066817 0.4129131507218686 0
3898 1.170595758129551 0.7600271249251163 0
3899 1.161216037206494 0.7485310671915858 0
3900 1.178711999344082 0.7497558789379619 0
3901 1.199017822711377 0.6963451356131425 0
3902 1.187752385915813 0.6909476174001681 0
3903 1.142954432279446 0.8309614416789315 0
3904 1.129023167861177 0.8206528496950524 0
3905 1.151961394977384 0.8169398282901588 0
3906 0.5745996431849536 0.2634315560599924 0
3907 0.7282270979084569 0.632308198274282 0
3908 0.8241403641695348 0.3695151217724451 0
3909 0.8276287362625576 0.3660267496794225 0
3910 1.249129035019513 0.3802099540497859 0
3911 1.247487967019656 0.369452107904369 0
3912 1.520193995201208 0.7707645705991545 0
3913 1.502144322361656 0.7982832047534005 0
3914 1.17611735368231 0.6304568278372489 0
3915 1.172628981589308 0.633945199930251 0
3916 1.183172115097239 0.6235574567850753 0
3917 1.179683743004218 0.6270458288780966 0
3918 1.179183809548019 0.3731417718471903 0
3919 1.182672181641052 0.3766301439402238 0
3920 0.8168702302374246 0.3762536158825025 0
3921 0.8203586023304328 0.3727652437894943 0
3922 0.8210516393305947 0.6262652758079503 0
3923 0.8175632672375831 0.6227769037149387 0
3924 1.1360036620024 0.294977420901355 0
3925 1.27018169124541 0.2692083767822205 0
3926 0.6592898627892035 0.7593210301975031 0
3927 0.6486362137930598 0.739118169312714 0
3928 1.728989185195793 0.4446117674245742 0
3929 0.8345104313954158 0.6409051942900974 0
3930 0.8310220593023878 0.6374168221970694 0
3931 1.165510394698435 0.359291213550427 0
3932 1.168998766791475 0.3627795856434671 0
3933 1.337141120977397 0.4455391064046608 0
3934 1.503424406469462 0.5599133843834889 0
3935 1.503650188283266 0.408220344510495 0
3936 1.514374098615383 0.4305198899073588 0
3937 0.5790648576850992 0.2909342540311326 0
3938 0.6018303541217274 0.2679960036551648 0
3939 0.8311187254333103 0.3625183943364685 0
3940 0.834607097526326 0.3590300222434528 0
3941 1.547360850056187 0.5708895809902048 0
3942 1.168718693269478 0.637323344431312 0
3943 1.165230321176464 0.6408117165243263 0
3944 1.239137081205344 0.4149551862880012 0
3945 0.8633101741151368 0.6682465952319712 0
3946 0.8598218020221087 0.6647582231389431 0
3947 0.8781096817284002 0.8264059790479892 0
3948 1.371651000988005 0.5136572283122998 0
3949 1.418772508204791 0.5210707186599149 0
3950 0.6986411446556019 0.4952487877123385 0
3951 0.7021295167486183 0.491760415619322 0
3952 1.399470454458151 0.2966140085388607 0
3953 1.424164927733035 0.2975452768698312 0
3954 1.20850908512634 0.6044565725615652 0
3955 1.212918766381307 0.6072075599674925 0
3956 0.8696533997544207 0.6756954374552311 0
3957 0.8661650276613952 0.6722070653622056 0
3958 0.8591882834749331 0.3347696788242496 0
3959 0.8626766555679662 0.3312813067312165 0
3960 1.28323597637478 0.09321494485321757 0
3961 0.359312924686185 0.3744370273227459 0
3962 1.137168000873616 0.3306653526027887 0
3963 1.140656372966637 0.3341537246958093 0
3964 1.161860676099024 0.6444188156329209 0
3965 1.158372304006002 0.6479071877259428 0
3966 0.8381421524297266 0.355584012895285 0
3967 0.8416305245227398 0.3520956408022716 0
3968 1.158253576989806 0.3522115392889527 0
3969 1.16174194908285 0.3556999113819966 0
3970 0.8416276959946616 0.6479071877266032 0
3971 0.8381393239016512 0.6444188156335927 0
3972 1.158146278477554 0.7745705152827398 0
3973 1.175642240615143 0.7757953270291158 0
3974 0.668169782887166 0.4003496925672334 0
3975 0.658129449304842 0.3870012571131762 0
3976 0.8486238288565013 0.6549643924288866 0
3977 0.8451354567634635 0.6514760203358487 0
3978 0.8451503807591774 0.3486205920267906 0
3979 0.8486387528522031 0.3451322199337648 0
3980 1.154878266608258 0.6514922630851938 0
3981 1.151389894515239 0.6549806351782128 0
3982 1.15138956725162 0.3451220606549669 0
3983 1.154877939344663 0.3486104327480096 0
3984 0.8666587060885009 0.3283271973422233 0
3985 0.8701470781815257 0.3248388252491984 0
3986 1.14763574186746 0.6587150695712397 0
3987 1.144147369774433 0.6622034416642666 0
3988 0.8520471871402107 0.3413684995492571 0
3989 0.8555355592332282 0.3378801274562395 0
3990 1.144300088617644 0.338258050916822 0
3991 1.147788460710669 0.3417464230098477 0
3992 0.8559349704525706 0.662105985164898 0
3993 0.8524465983595602 0.6586176130718877 0
3994 1.311532871994936 0.6228918214928026 0
3995 1.140256242359328 0.6648162687292645 0
3996 1.136767870266292 0.6683046408223002 0
3997 1.133834972339257 0.6722070653615784 0
3998 1.130346600246222 0.6756954374546129 0
3999 1.124270936686248 0.3167133756107753 0
4000 1.127759308779278 0.3202017477038055 0
4001 1.127261279087907 0.6793553816800226 0
4002 1.123772906994879 0.6828437537730501 0
4003 0.8731417718470432 0.3208161904521361 0
4004 0.8766301439400659 0.3173278183591134 0
4005 0.8763091893588933 0.6828296746418422 0
4006 0.8728208172658817 0.6793413025488305 0
4007 0.5786714423578357 0.6836533853815601 0
4008 0.5690982667971347 0.6649398772717 0
4009 0.7342609774770694 0.6426432136857765 0
4010 0.7229955489876725 0.6430903611967314 0
4011 0.2914386651845277 0.5367262800849422 0
4012 1.239137557203959 0.3834163232219585 0
4013 1.041180400220344 0.2188314338350448 0
4014 0.7241163521891594 0.5552918321590479 0
4015 0.4784904994809519 0.3883117620529357 0
4016 0.9133961295853359 0.2665079557113383 0
4017 0.9173178719561423 0.2708260899230424 0
4018 0.5056686239818327 0.3916206674986241 0
4019 0.5204224423317654 0.371215423080442 0
4020 1.284305015009103 0.374925165910088 0
4021 1.127769816644016 0.2003934275221642 0
4022 0.8834256468626214 0.6901373355986403 0
4023 0.8799372747695835 0.6866489635056024 0
4024 0.8801185160330919 0.3138394462660824 0
4025 0.8836068881261265 0.3103510741730477 0
4026 1.119842637721054 0.6853777373085577 0
4027 1.116354265628013 0.6888661094015983 0
4028 1.116393111873488 0.3103510741726654 0
4029 1.119881483966499 0.3138394462656763 0
4030 1.234944787838318 0.4290737920605128 0
4031 1.23843315993134 0.4325621641535343 0
4032 0.8216829376060477 0.7486395703272466 0
4033 0.8067278053532299 0.7490752704129154 0
4034 0.9199134554535491 0.7560186926436999 0
4035 0.9178798622873445 0.7653798342564503 0
4036 1.427179109824061 0.6542904366395188 0
4037 1.415320085039637 0.6705082961575034 0
4038 1.350858144444502 0.6965164993399944 0
4039 1.071631944610842 0.7546992654367201 0
4040 0.9660285959552224 0.7933428583847094 0
4041 0.8975603764985967 0.7036024141994093 0
4042 0.8940720044055661 0.7001140421063787 0
4043 0.6283612963530932 0.4259441469221786 0
4044 0.6409079622850311 0.4349041322642173 0
4045 0.6246311701806192 0.4364980480525989 0
4046 0.5640989358369584 0.3107893844424531 0
4047 0.7543256810215605 0.1374842735539848 0
4048 0.894749779938987 0.3001006347705107 0
4049 0.8982381520320214 0.2966122626774764 0
4050 1.425079534415326 0.6898259348385528 0
4051 1.436939802508518 0.7070110814354795 0
4052 1.258154117465546 0.5604594338245825 0
4053 0.89769309347869 0.7821013794219054 0
4054 1.110337353106428 0.302222958718334 0
4055 1.113825725199456 0.3057113308113616 0
4056 1.11290473978105 0.6931372979197774 0
4057 1.109416367688023 0.6966256700128037 0
4058 0.8870155000144788 0.3056790213468404 0
4059 0.8905038721074959 0.3021906492538232 0
4060 0.8907819473860339 0.6961803716952852 0
4061 0.8872935752930247 0.6926919996022761 0
4062 0.6654123098286109 0.4744446709408531 0
4063 0.6536758561775464 0.4737036219000956 0
4064 1.314784429899131 0.689572866314503 0
4065 0.9333011974249092 0.7383267095520971 0
4066 0.9298128253318979 0.7348383374590858 0
4067 0.7011670889027111 0.5229855217580677 0
4068 0.6968829350362775 0.5278275572947935 0
4069 1.282560508221875 0.7310989305771316 0
4070 1.271232613584002 0.7454268942258542 0
4071 1.374906181984732 0.2975362397836502 0
4072 1.387071489484028 0.2753440633626848 0
4073 1.294154855372618 0.7823915884937096 0
4074 0.9249416398783555 0.7334123818802286 0
4075 0.9214532677853476 0.7299240097872207 0
4076 1.463246052183122 0.3208083372586589 0
4077 1.473999128971087 0.3428272678604034 0
4078 1.265948580391231 0.5536752023864672 0
4079 1.261642489558549 0.5569710617315832 0
4080 0.8933645314531503 0.2876840228007387 0
4081 0.8910414890531759 0.281690381412059 0
4082 0.89675764855942 0.2818235963857021 0
4083 0.8368386809350262 0.7469276999605157 0
4084 0.6945933336782655 0.498817023598639 0
4085 0.6911746595118566 0.5028781643711417 0
4086 0.2422674325294392 0.7222942329523481 0
4087 0.2634780815012224 0.6891344577953252 0
4088 1.331411238513606 0.5270877034649533 0
4089 1.269436952484247 0.5501868302934606 0
4090 1.27432414316007 0.5446254199547749 0
4091 1.068524354408624 0.2606579722271169 0
4092 0.9110001103643635 0.2525449358846764 0
4093 1.898992631324681 0.3283239753319407 0
4094 0.6809380628526923 0.5255328246166727 0
4095 1.106063419136542 0.7002494656473874 0
4096 1.102575047043505 0.7037378377404244 0
4097 0.9038774711312545 0.711119412786409 0
4098 0.9003890990382315 0.707631040693386 0
4099 1.767435894797954 0.2845093479359774 0
4100 0.9007031361772773 0.2927458281896108 0
4101 0.9041915082703005 0.2892574560965876 0
4102 1.353377259147862 0.7185717392199609 0
4103 1.334463414563273 0.7152689713867747 0
4104 1.720914149236661 0.5026160187052391 0
4105 0.8138343601153454 0.2656731378734847 0
4106 0.8252560962885271 0.2588624609006766 0
4107 0.6666554717711595 0.530978034097817 0
4108 0.585757533608145 0.4953537148171949 0
4109 0.6630213107566558 0.1912943263232013 0
4110 0.2451756279193569 0.6569835377509716 0
4111 0.9185292228831801 0.7249615813988439 0
4112 0.9150408507901422 0.7214732093058061 0
4113 0.7602129940182044 0.6477734936024369 0
4114 0.7549870093433069 0.639714513233167 0
4115 1.188063605355496 0.3161526042342511 0
4116 1.198637242255137 0.3150186021802942 0
4117 1.209675282745029 0.311741746145749 0
4118 0.9394208416148432 0.7454628793156233 0
4119 0.9359324695218247 0.7419745072226047 0
4120 1.132026483984844 0.6806322144839211 0
4121 1.13401609713279 0.6849119953374565 0
4122 1.783520240803543 0.3199958108263362 0
4123 1.099143015849961 0.7072825507329479 0
4124 1.095654643756927 0.7107709228259811 0
4125 1.224148771734268 0.4049209957076064 0
4126 1.219346226259435 0.4000472630798391 0
4127 1.030065378074486 0.7908049105542023 0
4128 1.181722542150859 0.1393726678000006 0
4129 1.152308237589889 0.1150104745787264 0
4130 1.060762527664384 0.2545816455124387 0
4131 1.064250899757399 0.2580700176054537 0
4132 0.9396099278472234 0.7825702746235297 0
4133 0.8647925128711875 0.7694982537672204 0
4134 1.309924821697459 0.5219093874758359 0
4135 1.006723331915851 0.1392048975305634 0
4136 0.9907265854574892 0.1296367424152063 0
4137 0.741137222311294 0.561206780000115 0
4138 0.3575907149040771 0.428624999316974 0
4139 0.9155165455498029 0.2791908511360105 0
4140 0.9190049176428383 0.2757024790429751 0
4141 0.900611188392163 0.2051381676023001 0
4142 0.9255963406998821 0.771574234964491 0
4143 0.9325886614317547 0.7770254393109315 0
4144 0.90285161448208 0.283708850911404 0
4145 0.7560469628034245 0.4208283697345983 0
4146 0.7476697413949762 0.4212258837712366 0
4147 0.8518328126318573 0.7706452129467556 0
4148 0.9080191347435447 0.7785552704448863 0
4149 1.089406234865425 0.2818990325186179 0
4150 1.092120990968659 0.7142140142237896 0
4151 1.08863261887562 0.7177023863168286 0
4152 0.9079624317929861 0.2851490692336099 0
4153 0.911450803886021 0.2816606971405751 0
4154 0.9112011312134306 0.7185740676941264 0
4155 0.9077127591204177 0.7150856956011135 0
4156 0.5928672618244839 0.7097166847101143 0
4157 0.570209428994191 0.7097259299555977 0
4158 0.8578261772007838 0.323145377653658 0
4159 0.8618935011915746 0.3270503645383323 0
4160 1.039327850177186 0.2337578278678166 0
4161 1.042816222270218 0.2372461999608486 0
4162 1.70794112962843 0.4718384471215826 0
4163 1.105285510153576 0.1771481217511565 0
4164 0.6767922065914179 0.517346860897939 0
4165 0.6729831756497757 0.5246618646934932 0
4166 0.2884325485267649 0.2565206963203253 0
4167 1.084788289953736 0.720137127162415 0
4168 1.081299917860694 0.7236254992554569 0
4169 1.047010997727924 0.2393837269472597 0
4170 1.050499369820936 0.2428720990402713 0
4171 1.820667816225045 0.3220796825383623 0
4172 0.9215687682666511 0.2718677969267203 0
4173 0.9250571403596801 0.2683794248336912 0
4174 0.7351823923255582 0.6615723058471483 0
4175 0.7326337056127807 0.6763761707583096 0
4176 1.057003590684523 0.748166381381835 0
4177 1.053515218591484 0.7516547534748746 0
4178 1.054768420165693 0.246979717822109 0
4179 1.058256792258717 0.2504680899151335 0
4180 0.9421110516817632 0.2506739345423581 0
4181 0.9455994237747976 0.2471855624493238 0
4182 0.9459911349021189 0.7537678996903305 0
4183 0.9425027628091245 0.7502795275973362 0
4184 0.854258726429335 0.3331149225593155 0
4185 0.849993401684935 0.3311501986686619 0
4186 0.8536461259266399 0.3280397500366719 0
4187 0.3741809653106413 0.402970584225991 0
4188 0.6625096155098851 0.5227920703790834 0
4189 0.6533418600339855 0.5175971353022398 0
4190 0.6596695639126018 0.5112809658979161 0
4191 0.7851755656894628 0.7084864346319069 0
4192 0.783133048407208 0.7235068772099138 0
4193 0.6512702894527573 0.1634710605605599 0
4194 0.6424288194783749 0.1353542481832386 0
4195 1.255352554413014 0.5862525360442349 0
4196 0.9535864945441889 0.7597522515553708 0
4197 0.9500981224511633 0.7562638794623453 0
4198 0.9360088871063681 0.2579893808778307 0
4199 0.9394972591993963 0.2545010087848025 0
4200 0.2064306386870626 0.6573277687382564 0
4201 1.352167740364899 0.2971712736320352 0
4202 1.078211010418129 0.7278780580624493 0
4203 1.074722638325094 0.7313664301554844 0
4204 1.33244200829919 0.4239722988493717 0
4205 1.383971725910011 0.8136222636364899 0
4206 1.422003055788818 0.8182978589492529 0
4207 1.395877033525887 0.8420140187139469 0
4208 1.371297117751332 0.3889998642087431 0
4209 0.9597140987092689 0.7670680430272581 0
4210 0.9562257266162716 0.7635796709342608 0
4211 1.064234799196695 0.7420254968706934 0
4212 1.060746427103659 0.7455138689637296 0
4213 1.440103650118513 0.7932834835873017 0
4214 0.7448624340181444 0.3740593614916826 0
4215 0.7515147793437369 0.3669976272176433 0
4216 1.516401427688936 0.337614882646193 0
4217 1.521332770163021 0.362778609912281 0
4218 1.494729353331706 0.3461116801616385 0
4219 0.9287743990458822 0.2640814679530686 0
4220 0.9322627711389218 0.2605930958600292 0
4221 1.05659995834086 0.8275643694636595 0
4222 1.073023990960361 0.8337412052255413 0
4223 1.323412280137124 0.6265308070591811 0
4224 1.315878258522481 0.6362738187519871 0
4225 0.6408267776672691 0.7811090952773453 0
4226 1.344922201319559 0.4808263545265061 0
4227 1.321115567054945 0.5896186615046557 0
4228 0.1889663913127032 0.3383369461861785 0
4229 1.111543652093578 0.2976889564108547 0
4230 1.109588889464166 0.2925588745729507 0
4231 0.6918031802828416 0.2915793847886771 0
4232 0.7038439267424774 0.2777549867889199 0
4233 1.050114042106375 0.7559279955944584 0
4234 1.046625670013334 0.7594163676874999 0
4235 0.3192841973642468 0.7922237706126236 0
4236 1.071202687181178 0.7351561755527727 0
4237 1.067714315088133 0.7386445476458176 0
4238 0.6612629364035396 0.5774201876676026 0
4239 0.6280434670190779 0.5151972765127045 0
4240 1.327487268475484 0.5810605339033519 0
4241 1.34800634380171 0.4923724229736857 0
4242 1.358298373781082 0.4981999476270211 0
4243 0.3090657274954892 0.508685796429188 0
4244 0.8914174361482732 0.1922285499459191 0
4245 0.44649144491085 0.2063525165019078 0
4246 0.9659829491486216 0.2216341769237409 0
4247 0.9617137786119954 0.2168690084544763 0
4248 1.233927147582535 0.7922942927253508 0
4249 1.220131140255974 0.8071614943887424 0
4250 0.871431576698636 0.7106996352383548 0
4251 1.247900715033886 0.2366717450629581 0
4252 1.352163506982966 0.5467344302407346 0
4253 1.364011827757525 0.5477102660225639 0
4254 0.911865851051145 0.2611902764243187 0
4255 0.9183514440457643 0.2616737285197679 0
4256 1.313051344997113 0.5084363364032189 0
4257 1.31871286579429 0.5050947706353803 0
4258 1.319876362189453 0.5110050630965031 0
4259 0.8012589247372273 0.3598258768789818 0
4260 1.327200502834733 0.4854695845713533 0
4261 1.335721285856954 0.4888458673269229 0
4262 1.330284645316885 0.4970156530185329 0
4263 0.8758416556093481 0.2008521720544305 0
4264 0.7043527427255649 0.6309408276161923 0
4265 0.6997815112472521 0.6207328147703454 0
4266 0.203595575910953 0.720797895836603 0
4267 0.7062245477769192 0.5262013540278021 0
4268 1.362172828615537 0.7398897468286625 0
4269 1.375557415893699 0.7598356199887666 0
4270 0.8022778093991891 0.3770470543191391 0
4271 0.8051866757929791 0.382158646272616 0
4272 0.9730860725437309 0.1708845820660295 0
4273 0.7181191552679269 0.2022110242786809 0
4274 0.7119736620115005 0.1768089010961888 0
4275 1.04305994593208 0.7621297133737064 0
4276 1.039571573839046 0.7656180854667409 0
4277 0.9413236554695463 0.8021122877633807 0
4278 0.6620124139619201 0.4121528284228946 0
4279 0.642209976316092 0.5158478219922127 0
4280 1.23577296748882 0.5821717935930115 0
4281 1.23682846041112 0.5758859419490573 0
4282 1.378567558496766 0.7211372747818822 0
4283 0.6932344783338673 0.4940658113109775 0
4284 1.386924725997949 0.7835610307293727 0
4285 0.9498064318617987 0.2447748223874952 0
4286 0.9532948039548323 0.2412864502944615 0
4287 0.6991606242794506 0.5336548445603999 0
4288 0.7056139298853568 0.5303446763441104 0
4289 1.279950768722593 0.7645637472871188 0
4290 1.531745697325094 0.5228815951472262 0
4291 0.6868141834300869 0.5071071575030324 0
4292 0.6826064044936631 0.5121549271410888 0
4293 1.267585907356474 0.1943596059589927 0
4294 1.280696941228301 0.1699490937574701 0
4295 1.81278759767017 0.7155972055724892 0
4296 0.853701332556649 0.6899835726236485 0
4297 0.8939942473897875 0.1101901121569585 0
4298 1.033311641524055 0.226401943497704 0
4299 1.036800013617072 0.229890315590721 0
4300 1.204566170811749 0.2064840329249671 0
4301 1.184696959467974 0.2143779036606338 0
4302 1.192550962141354 0.1943130932992014 0
4303 1.229614814499086 0.5821440673695883 0
4304 0.7448408966674303 0.6404285160243706 0
4305 1.181536316564159 0.3088588586036116 0
4306 0.6942736212813171 0.6005290904060789 0
4307 0.6962927096804901 0.2581139437068215 0
4308 0.6714776963741207 0.2541045536699368 0
4309 0.9730570895347799 0.1199655200640077 0
4310 0.9526092667778321 0.1079741145932821 0
4311 0.8503624360468403 0.2452826709392253 0
4312 0.8514525956799213 0.2316395090667597 0
4313 1.030165395807462 0.8185279255564616 0
4314 1.042982540302233 0.8207674594799613 0
4315 0.9673045197293737 0.7730941440231435 0
4316 0.9638161476363587 0.7696057719301286 0
4317 1.345525903608453 0.5559455793241127 0
4318 1.635585592441823 0.8441372219640045 0
4319 1.019196134978949 0.1842016970149631 0
4320 1.018280622175527 0.193290445432608 0
4321 1.176252960088944 0.7070802312644725 0
4322 0.6667022595928122 0.4817961206646629 0
4323 0.6752047642228581 0.486696730726203 0
4324 0.8535608524563838 0.3211806537630044 0
4325 0.6697632349083725 0.2881770427078176 0
4326 0.1957565199534432 0.1992912433892286 0
4327 1.180947210269276 0.7956133276177106 0
4328 0.5416246297537864 0.6068174742230752 0
4329 0.5329235939951178 0.5890899317095418 0
4330 0.7146256064654539 0.5271905263190826 0
4331 1.03751270509647 0.7711612091959115 0
4332 1.034024333003434 0.7746495812889467 0
4333 1.285199659417087 0.5270601245331955 0
4334 1.164011343606353 0.3317062258653778 0
4335 0.7715552146855105 0.6634396723233682 0
4336 0.7656807857813072 0.6555216644172365 0
4337 0.7242842340882654 0.5424225941155381 0
4338 0.7689848353542585 0.4262626909340704 0
4339 0.7724732074472713 0.4227743188410575 0
4340 0.8065685180848229 0.3736964422400306 0
4341 1.526907081688646 0.5652521429370667 0
4342 1.292196833505458 0.5201038102495231 0
4343 0.726395070599134 0.2252083404987701 0
4344 0.9568627020797751 0.2370952602193938 0
4345 0.9603510741728039 0.233606888126365 0
4346 1.081918181251681 0.2757178615177506 0
4347 0.7906293357682557 0.6988682047674855 0
4348 0.7846904251251301 0.6900989821806172 0
4349 1.513561563271705 0.3894752887527689 0
4350 0.7286680355313691 0.5411229999542952 0
4351 0.7590557013343526 0.3602776703814933 0
4352 0.765841959690438 0.3536825716567168 0
4353 1.270583074508394 0.5404572833555255 0
4354 0.6769927926787886 0.8058318646347865 0
4355 0.664995734339624 0.7829081861632854 0
4356 1.368511540343192 0.5035680147566031 0
4357 1.182297159485529 0.81406817906136 0
4358 1.164542710179399 0.8087935688303887 0
4359 0.8830317239876926 0.2603972359636512 0
4360 1.22446501459631 0.2032688972292875 0
4361 1.666002000443619 0.8153171020083251 0
4362 0.7078054940391235 0.4799145198199193 0
4363 1.264181572584642 0.5479025028169329 0
4364 0.7357273847031915 0.5479935455293791 0
4365 0.728264518336986 0.4579040963440911 0
4366 0.9784861811675939 0.8275688227901068 0
4367 0.9636136204138419 0.2295206296502748 0
4368 0.9671019925068718 0.2260322575572449 0
4369 0.9167272964647692 0.7757267780282007 0
4370 1.105281326006328 0.2914253784412204 0
4371 1.10236908968465 0.2966287883900216 0
4372 1.264493774483854 0.4524650473655324 0
4373 0.8926617224482543 0.2680384464008989 0
4374 1.180908570453886 0.6986911866540416 0
4375 0.7766164394576361 0.6018530960574073 0
4376 1.224201096609756 0.8300448985994969 0
4377 1.202771615929187 0.8237713420594365 0
4378 0.6279698632028681 0.4503865394427382 0
4379 0.6423598776931209 0.4548533367717302 0
4380 1.257204828398623 0.5548792470029388 0
4381 0.7425469576452866 0.5553402585678158 0
4382 1.314365128017776 0.4926761083163195 0
4383 1.318448063753697 0.4868738574290975 0
4384 1.269313986242265 0.4645664645011476 0
4385 1.272802358335288 0.4680548365941702 0
4386 0.9695359527824052 0.7775584240106959 0
4387 1.028457434240266 0.7768295272633811 0
4388 1.024969062147236 0.7803178993564108 0
4389 0.9709739798975434 0.2235088961107025 0
4390 0.9744623519905652 0.2200205240176807 0
4391 1.025695437454988 0.219653399754177 0
4392 1.029183809548011 0.2231417718472 0
4393 1.082369910324965 0.1514098808777727 0
4394 1.259319664179886 0.2169627302735535 0
4395 1.244776098884078 0.1975154475804795 0
4396 0.8299423403581156 0.6651915136309838 0
4397 0.8368604316639239 0.663590886324015 0
4398 0.8340307973358552 0.6694746290391196 0
4399 1.030970716528829 0.8857750165099518 0
4400 1.014070604827679 0.8865807078442942 0
4401 0.7973065256417869 0.7621517466605239 0
4402 0.806409966109809 0.7761094414628249 0
4403 1.130046866292477 0.3246042964978484 0
4404 1.13353523838549 0.3280926685908621 0
4405 1.018509429048595 0.2130972385756415 0
4406 1.021997801141612 0.2165856106686587 0
4407 1.287858233564396 0.268954446156137 0
4408 0.7567560572168256 0.5689611663928416 0
4409 1.01617092497824 0.2088202969144263 0
4410 1.403837892892423 0.6869495078617518 0
4411 1.391684665648602 0.7030432068579908 0
4412 1.276968116679267 0.2529709876047924 0
4413 0.7214682807761196 0.1275234284114688 0
4414 0.7451501769775323 0.1081555671880026 0
4415 0.7309629477394205 0.2472805214108003 0
4416 1.147513766898153 0.7851874184359597 0
4417 0.7095861902093015 0.6439935573671087 0
4418 0.755843833938024 0.5732259335039949 0
4419 1.202946211356138 0.303893347040597 0
4420 0.756117049949994 0.6758398088547095 0
4421 0.7671521311468039 0.6720188702718666 0
4422 0.7704419310828772 0.5833479672297903 0
4423 0.7251019976567388 0.5752245058526375 0
4424 0.855767309072813 0.6818320218606613 0
4425 0.9772914665754557 0.215872894416519 0
4426 0.9807798386684856 0.2123845223234891 0
4427 1.214989440043237 0.4038615502967818 0
4428 1.23123633262565 0.5740659230381855 0
4429 1.227747960532648 0.5775542951311869 0
4430 1.054218922014786 0.1950740717267619 0
4431 0.643643753330961 0.71852408343997 0
4432 0.6339044799604099 0.7001664486753971 0
4433 1.270710523506282 0.2335159034414713 0
4434 0.6207603603462144 0.2819574069016278 0
4435 1.222321107468273 0.4102370320666258 0
4436 1.179794551213639 0.6406026260980233 0
4437 1.175884262893809 0.6439807705990843 0
4438 1.173905814393196 0.6387104048271532 0
4439 0.7970904141955193 0.6111455536868566 0
4440 0.823199084412334 0.6549122329864436 0
4441 0.8242060583692318 0.6484552451154232 0
4442 1.228006352183995 0.4219574610009219 0
4443 1.231494724277036 0.4254458330939621 0
4444 1.299085723417127 0.5130392117891587 0
4445 1.926481685057498 0.1127644260599225 0
4446 0.07407638045630144 0.8869840034351966 0
4447 0.756943709892796 0.4310168389506368 0
4448 1.887243178407644 0.9211468369804666 0
4449 0.1130361880582685 0.07618626449913365 0
4450 1.201802451809544 0.3894118899369818 0
4451 0.6561070702226495 0.1088265103103587 0
4452 1.764135354105043 0.1151966511436487 0
4453 0.7497305292197781 0.438172643683601 0
4454 1.301979520520038 0.7008327810660999 0
4455 1.290608203760188 0.7146845678493676 0
4456 0.7774413221791896 0.4104805214938926 0
4457 1.452008957734388 0.8216752386647586 0
4458 1.293255741513282 0.353478337556775 0
4459 0.73967384389317 0.4364997276605729 0
4460 0.3470915351973251 0.2265936018106826 0
4461 0.8453485524805494 0.3346698648896054 0
4462 1.011955999121614 0.8109159724137628 0
4463 1.02059150030785 0.8121532275178345 0
4464 1.194749059310223 0.3818074051482702 0
4465 0.8292505115829905 0.7592691948465706 0
4466 0.6868908224265796 0.4809015899490102 0
4467 0.6803354141576852 0.4837618223681661 0
4468 0.6801501343731104 0.4775734052588015 0
4469 1.231902645735904 0.8547594920514545 0
4470 1.517865192392003 0.542036502379809 0
4471 0.717406586927255 0.2624013429372032 0
4472 0.3269582316818408 0.259060411834531 0
4473 1.138145099724427 0.3261998816589716 0
4474 1.138425656751585 0.3203271736594518 0
4475 0.9940093764607705 0.8020592543208678 0
4476 0.990521004367754 0.7985708822278512 0
4477 0.651747559626555 0.4347464878839408 0
4478 0.6570804932976395 0.4237545353242361 0
4479 0.6746515172907466 0.5112839672179093 0
4480 1.2436991744325 0.4314991451113059 0
4481 1.024572714231176 0.2048134940229113 0
4482 1.02691121830153 0.2090904356841265 0
4483 1.020726865654798 0.2079640471180312 0
4484 1.132224779723103 0.319224648853002 0
4485 0.7556570587001095 0.6567441521002138 0
4486 1.316825855448307 0.4980827071025297 0
4487 1.323650872640647 0.5006514337958139 0
4488 1.105857461777664 0.3001171604830353 0
4489 1.711726107404443 0.1845846930655626 0
4490 1.749289645816844 0.1855061286798451 0
4491 0.6433474538555017 0.3896425466837207 0
4492 0.1115547298473151 0.9148312831411354 0
4493 1.887909791070096 0.07988128017333053 0
4494 0.4106667381402636 0.1998524998156669 0
4495 0.7007467273125734 0.4869052566152062 0
4496 0.8117058318577222 0.3748053740286053 0
4497 0.7396093477466459 0.6512106789468199 0
4498 1.130299062634644 0.6897146996482016 0
4499 1.230843537842935 0.8839126882870025 0
4500 1.267601074296125 0.8939518047733401 0
4501 0.8248788632006652 0.6390770282236471 0
4502 1.247978060824305 0.775859371315303 0
4503 1.0222070653621 0.7838349723387328 0
4504 1.018718693269065 0.787323344431768 0
4505 1.181382492034933 0.6319212613669399 0
4506 0.5077596674221396 0.5404484996467602 0
4507 0.08376008873362897 0.1114948537591489 0
4508 1.917149358496889 0.8828165544202526 0
4509 0.8396038350737791 0.2528964453995903 0
4510 0.8680556123689633 0.6806181353527224 0
4511 0.8655326027145274 0.6856487476142905 0
4512 0.8623651852030665 0.6820028825206911 0
4513 0.6460107861957942 0.2856513050170237 0
4514 0.6589776007831342 0.2709418498677443 0
4515 0.7377088982199396 0.5574455622970019 0
4516 1.0370525682443 0.2155712621845408 0
4517 1.030608854614906 0.2121582247696449 0
4518 0.8261893221611862 0.3611032835505726 0
4519 1.478930471445172 0.3679909951264914 0
4520 1.085406553344688 0.2792062336107575 0
4521 1.290157690096812 0.5293049038795032 0
4522 0.61323263019039 0.699988953851076 0
4523 1.260944292281492 0.7614283550474428 0
4524 1.305943924300975 0.5012630219710481 0
4525 1.30942712117142 0.4971194451558859 0
4526 1.489749320817352 0.3900204631854527 0
4527 0.7753519511279059 0.6092861805904171 0
4528 0.7413408047902919 0.4416852295596594 0
4529 0.7446386814230797 0.436597634073791 0
4530 0.7491396147182041 0.3578277426616567 0
4531 0.6848261912747613 0.5018630403291686 0
4532 0.678640258767246 0.4995259286177539 0
4533 0.6830007348490156 0.4952969354858633 0
4534 0.8331148715759522 0.6457891262025754 0
4535 0.8267116084260892 0.2458087757253142 0
4536 1.16678722750234 0.3545260086534786 0
4537 0.5537219835319158 0.3339552411464163 0
4538 0.8626906525883158 0.2077688822601372 0
4539 0.8620333413112439 0.6730118001288885 0
4540 0.8332143662353395 0.3541489188594508 0
4541 1.166625880995927 0.6456956484368088 0
4542 0.8966157068141385 0.2916836722622473 0
4543 1.227637143827295 0.408409367800636 0
4544 1.277592893930136 0.4663279364329796 0
4545 0.796555275929907 0.3552941883218631 0
4546 0.1598836472075146 0.7808052000127744 0
4547 0.1127021790603153 0.7790511101967237 0
4548 0.7644671162572098 0.4248821751177123 0
4549 0.6819454522763273 0.4900249154164117 0
4550 0.8582903187272488 0.6768014095990931 0
4551 1.167020221007498 0.2184573149271694 0
4552 0.6678657259665383 0.5096336972527118 0
4553 1.155909665455312 0.2069188321387641 0
4554 1.229283184987895 0.417192256103999 0
4555 1.201090927428485 0.37974748778178 0
4556 0.8402692773751775 0.3472278607358018 0
4557 1.159762198520742 0.6528878229046544 0
4558 0.8402515248509896 0.6528715801553163 0
4559 1.159643144241611 0.3473335999441051 0
4560 1.11461522980181 0.8177664621927204 0
4561 1.103137471555262 0.8291827073737328 0
4562 0.7204354207520418 0.8857423487335554 0
4563 0.6845109982257742 0.8889508898428469 0
4564 1.152514008475219 0.6602073326569323 0
4565 0.8471975678996225 0.3399890915758131 0
4566 0.8475820551228503 0.6600936334075631 0
4567 1.152666400055517 0.3403568557580429 0
4568 1.319139390480821 0.7044736462584051 0
4569 0.7025242197512476 0.4781216176250566 0
4570 0.7411589201612585 0.4539496178358087 0
4571 0.7446472922542817 0.4504612457427853 0
4572 0.9988419031507291 0.1933929494099982 0
4573 1.004285778314631 0.1894559505850303 0
4574 0.8873270519150513 0.275510066437761 0
4575 1.41669289158201 0.8751367646426471 0
4576 1.125010893552702 0.6868261422448383 0
4577 0.8753533111361702 0.3125626134621834 0
4578 0.8748511152911144 0.6880832893100821 0
4579 0.4350851490266052 0.8310900679577337 0
4580 0.8654494600397156 0.8380647875907917 0
4581 0.5388389055728342 0.3540565435875397 0
4582 1.196644656478945 0.1785541886988691 0
4583 1.194848874296232 0.1530080408277071 0
4584 1.281376575627887 0.8683273222508707 0
4585 1.236206953975772 0.4242870670148933 0
4586 0.6815525178989548 0.1689424016522851 0
4587 0.8341353186186427 0.2242998476819334 0
4588 0.8445285670872229 0.2160965965244652 0
4589 1.30722075710487 0.5060282268679492 0
4590 0.743381508763252 0.4457714183803546 0
4591 0.8382656301529879 0.6578740918402206 0
4592 0.8347578693841859 0.654305259230975 0
4593 1.117631098431913 0.693631314298525 0
4594 1.337974544237156 0.5632252454115292 0
4595 1.331691530352027 0.571604796341495 0
4596 1.192425079810296 0.2974216636722574 0
4597 1.203463120300187 0.2941448076377121 0
4598 0.700222640707602 0.1489856353335474 0
4599 0.9875864123633471 0.7949144999778579 0
4600 1.008883666629767 0.1846326978295144 0
4601 1.817867858172259 0.7535621285509282 0
4602 1.165068487764304 0.654603371484241 0
4603 1.16157445036656 0.658188446843492 0
4604 0.827925533989931 0.3523484587070598 0
4605 0.8314605888933315 0.3489024493588919 0
4606 1.1326380014561 0.184009787391414 0
4607 1.144005764925129 0.1952470601119099 0
4608 0.8450742088360064 0.795858627701944 0
4609 0.8315880027633351 0.7941427119581852 0
4610 0.8457731642790742 0.7820171856699125 0
4611 1.026763006038529 0.2153087778647648 0
4612 1.022596664765294 0.1341111432634882 0
4613 1.489282103217762 0.8245823542134827 0
4614 1.161471765841863 0.342066671569379 0
4615 1.164847403487006 0.345667778110322 0
4616 0.6910471366635738 0.1196569289675651 0
4617 0.9550901284530575 0.2222043432505906 0
4618 1.333503520160197 0.4351949989359313 0
4619 1.308384253500032 0.511938519329072 0
4620 0.9245219070705724 0.7380181611996333 0
4621 0.8419401181925419 0.3384335852741131 0
4622 0.8699285546762698 0.6894058882153169 0
4623 1.110828624033469 0.7015262984512878 0
4624 0.8231908632302074 0.7706411675697276 0
4625 0.8155060610860045 0.785769543819251 0
4626 0.9157356131560823 0.7847496711529269 0
4627 0.7899395627410049 0.7502459518601379 0
4628 1.191879252242198 0.3545372216532068 0
4629 1.098281332553864 0.7264351949425081 0
4630 1.046171825934811 0.8369945488037438 0
4631 0.9848101198783399 0.2092582999068417 0
4632 0.9882984919713618 0.2057699278138198 0
4633 0.8462517842466878 0.8124429739561845 0
4634 0.9320243646210301 0.743091914448998 0
4635 1.435773892513909 0.6376317620084012 0
4636 1.015246333764986 0.7909144417194427 0
4637 1.011757961671956 0.7944028138124726 0
4638 1.292013930735173 0.899414889191493 0
4639 1.104043644288443 0.7086948070783948 0
4640 0.9314650412927756 0.7874660140488395 0
4641 1.091359673252346 0.1334023905635666 0
4642 1.103158730059545 0.1471325983864387 0
4643 0.6495700091217858 0.4127485242324554 0
4644 1.133382484084471 0.1362717584255115 0
4645 1.09707796030663 0.7156826114687268 0
4646 0.6723047763400147 0.4730821879541476 0
4647 0.6904007811405453 0.6189576250448271 0
4648 0.6984384763557275 0.6105641303680247 0
4649 1.092249940529423 0.8477616953299688 0
4650 1.079015193542499 0.8578119488918695 0
4651 0.7480635683226562 0.4329871417845146 0
4652 1.183067423364768 0.6363572418969372 0
4653 1.126368793360818 0.6922486831837091 0
4654 1.380773053033349 0.5051782579881295 0
4655 0.9923213100918189 0.8923015675283573 0
4656 1.089699978596478 0.7215604437121217 0
4657 1.332171655662868 0.5040277165513835 0
4658 1.855408943794593 0.3313784836842659 0
4659 1.150611445761131 0.7984849768465094 0
4660 1.171598469814434 0.6468395541085392 0
4661 0.1906024506357777 0.6888090548952669 0
4662 0.6593178547900712 0.5673230426248235 0
4663 1.082766742232029 0.7282477433647003 0
4664 0.5971461480367783 0.4685963312855324 0
4665 0.9235989812661572 0.2626934509261649 0
4666 1.061936064299621 0.7494942038341263 0
4667 1.134932451696137 0.7933336778957301 0
4668 1.123622192499748 0.8037448488039477 0
4669 1.054792051395376 0.7564199583718155 0
4670 0.6303101010541422 0.3904526979585436 0
4671 1.107466756434976 0.7187582328106672 0
4672 1.115349116207431 0.7194511646741475 0
4673 1.046274957313721 0.8539711920902668 0
4674 0.9378339540174335 0.08771536553574408 0
4675 0.9591554413340284 0.08129203868750429 0
4676 1.076157883645549 0.736290047568981 0
4677 1.180258525970074 0.7365765633466042 0
4678 1.076803358277273 0.1131874778086235 0
4679 1.069158416610195 0.7434607421911451 0
4680 1.113838059659181 0.7065546368913544 0
4681 1.447537178578886 0.3015169456774814 0
4682 1.083040439365215 0.241904424225579 0
4683 1.089532870532946 0.2472514104954894 0
4684 0.9929157961381305 0.826356424718943 0
4685 0.7831044037418159 0.6795160437476793 0
4686 0.7775824953691022 0.6709662196802213 0
4687 0.9442430649389872 0.2431231755344279 0
4688 0.7966802596171747 0.7267155251908739 0
4689 0.8055560633349675 0.7159556919086002 0
4690 1.230588370582306 0.4128202499904619 0
4691 1.2340620760089 0.4162871019348056 0
4692 1.779991252015894 0.1799952390791943 0
4693 1.76031766940382 0.1516689485885849 0
4694 0.9916002500171364 0.111222010096241 0
4695 0.9971507694299739 0.08524577609133344 0
4696 1.014820265352683 0.09491699844253207 0
4697 0.7140149885738913 0.5313338486353909 0
4698 1.047825150829015 0.7634065461776058 0
4699 0.7483394249621609 0.3386392394853343 0
4700 0.785813631242481 0.7339608276315694 0
4701 1.102492600289706 0.7176088793587507 0
4702 1.098958947501437 0.7210519707565592 0
4703 0.7512301032790217 0.6671057790005421 0
4704 0.745762311515919 0.6593576081857424 0
4705 1.005252690673134 0.8021918510423671 0
4706 1.00447444223489 0.8085431180532954 0
4707 0.9992217515617564 0.8063512670109284 0
4708 0.7603920683002323 0.4218816817675265 0
4709 0.7563868981694295 0.4264182144740207 0
4710 1.040289096470987 0.129101840480628 0
4711 1.057612731434499 0.1242771499683099 0
4712 0.7462223027658035 0.6784532649402382 0
4713 1.022030927803847 0.199070996985984 0
4714 1.324662808436847 0.5275989059728626 0
4715 1.331011877495296 0.5198686146746581 0
4716 1.008741062766169 0.7987034789493319 0
4717 0.7475067565992897 0.4283885173078985 0
4718 1.151745212459614 0.1611409143799751 0
4719 1.167742807327388 0.1570537818064969 0
4720 1.164871544604987 0.1747762874076816 0
4721 0.6881313847838426 0.4923620271278263 0
4722 1.042200558005185 0.771663015592983 0
4723 0.9909381901923719 0.2017620555012018 0
4724 0.9944265622854016 0.1982736834081721 0
4725 1.393755873073975 0.5075582154290618 0
4726 1.405285654074401 0.5160888461745839 0
4727 1.079399873550777 0.7408658999333426 0
4728 1.160777850267396 0.1905351920080139 0
4729 0.9520179711509311 0.2365212453975316 0
4730 1.065768604165504 0.7524556780429975 0
4731 1.062025767746368 0.7551081904611029 0
4732 1.063845236194006 0.09978495472203278 0
4733 1.032512697058376 0.08990769565967185 0
4734 0.8498842245700636 0.8313170528154211 0
4735 1.026962177645539 0.1158839296645794 0
4736 1.331649095279342 0.5135104547477065 0
4737 1.034588474327949 0.2216367386007871 0
4738 0.7344082037195756 0.5528010986060243 0
4739 0.731016954868835 0.5492156032707007 0
4740 0.762881411841925 0.3458032957772252 0
4741 0.7720428348235431 0.3483780816084354 0
4742 1.296335786207925 0.5211942111305989 0
4743 1.292914838486916 0.524750007595607 0
4744 0.8044138534572427 0.3541144095910413 0
4745 0.9439082011807722 0.2375904242583706 0
4746 0.7994534468606944 0.7066433449047967 0
4747 0.9795777420256293 0.2005375499611071 0
4748 0.9795434469189286 0.2076893338582276 0
4749 1.185126475412746 0.7088697858761537 0
4750 1.280277778705452 0.3661994086084398 0
4751 0.9588484155169118 0.2282437968463736 0
4752 1.281734255903535 0.3543128432158138 0
4753 1.115380184610907 0.7112487033357944 0
4754 1.294296642799279 0.5303953047605789 0
4755 0.6480174334540809 0.4453003890143611 0
4756 1.050885722103494 0.7692787060022606 0
4757 0.8855541682038599 0.2677185578416375 0
4758 0.7279523344093473 0.5457076443552984 0
4759 0.9148842224198154 0.09878826420177492 0
4760 1.202858367896745 0.3844247440470667 0
4761 0.6736799238687834 0.5044417634958617 0
4762 1.17677544513517 0.1864480594345358 0
4763 0.9218561652212959 0.7942897698017558 0
4764 1.309661281411756 0.5167039193338121 0
4765 1.303830693519513 0.5142958097985424 0
4766 1.195858706079691 0.7085646022038667 0
4767 0.9268496671231645 0.7444202316883908 0
4768 0.6365326563204262 0.4135586755072783 0
4769 0.8383466065591858 0.7689292972029966 0
4770 1.314478381677977 0.5195520970063654 0
4771 1.026245894951136 0.7850831042533442 0
4772 0.6414645769847069 0.4019569686059368 0
4773 1.005925060010237 0.8150753883823241 0
4774 0.999356462194588 0.8231231305642116 0
4775 0.9932684654361308 0.1916666328181703 0
4776 0.9920028370670554 0.8159358281765881 0
4777 0.7525986043959881 0.4299635269177086 0
4778 0.9862208138300768 0.189167738711054 0
4779 0.9906361546954041 0.1842870047128801 0
4780 1.185827819283463 0.7260760679876808 0
4781 1.241281959172216 0.422955151368089 0
4782 1.244074736752738 0.4267529096781504 0
4783 0.9822174402466396 0.1965296776484891 0
4784 0.8250208226455413 0.3564204915487074 0
4785 0.6962515326618591 0.4860422482885384 0
4786 0.6997159706632288 0.4824499294790677 0
4787 0.8258314673039344 0.6589326146204364 0
4788 0.8301395917945839 0.6552873892818867 0
4789 0.8321254864925856 0.6502848775969823 0
4790 1.300362751328851 0.5178046117938988 0
4791 0.8284965939863501 0.6467712562534871 0
4792 0.8251954434525985 0.6439594937210162 0
4793 1.002281694616594 0.1819626460644805 0
4794 0.8423540871307275 0.6621572072483564 0
4795 1.168228824736994 0.6504466532171338 0
4796 0.752362859088157 0.5698659924284681 0
4797 1.237831895610933 0.4193271924015383 0
4798 1.157638015985388 0.3391411060801937 0
4799 1.162842275230783 0.3374752842464106 0
4800 1.417086086600177 0.5048308317996282 0
4801 0.5927382336092677 0.4831205318429647 0
4802 1.158106393621264 0.6622568849706405 0
4803 0.692179195761179 0.4887937912415258 0
4804 0.8356491480502795 0.3459357293163388 0
4805 0.8391690042867169 0.3424606805408578 0
4806 1.118695240314793 0.1451328720695658 0
4807 1.109705477387412 0.163140362383772 0
4808 1.169645159418774 0.3446897239361741 0
4809 1.167816537818523 0.3499566523109002 0
4810 1.186229311301445 0.3026654197016459 0
4811 1.137057968689937 0.1700020280240295 0
4812 1.139929231412338 0.1522795224228448 0
4813 0.7489874522235493 0.3468413558653102 0
4814 0.7266331534257314 0.5505151974319435 0
4815 1.120822020408824 0.1751483954342837 0
4816 1.197073226290571 0.3595228641333957 0
4817 0.9834830775072783 0.1735978220375233 0
4818 1.10780645470568 0.2884010948386152 0
4819 0.986213426349793 0.2005552391289622 0
4820 1.324900665202584 0.514021657255616 0
4821 1.319239144405406 0.5173632230234546 0
4822 0.7102640280890093 0.5280637326024991 0
4823 0.7560325094474314 0.3429056694455307 0
4824 1.319502684691109 0.5225686911654783 0
4825 0.9288774316367647 0.799834605114354 0
4826 0.9932311280225269 0.808410521331796 0
4827 1.109017800433713 0.7098441605303112 0
4828 1.105585769240169 0.7133888735228346 0
4829 1.092866692570788 0.724508927052484 0
4830 1.089022363648904 0.7269436678980705 0
4831 0.6911484391118343 0.4843384641053873 0
4832 0.7622333845805365 0.3376011793972492 0
4833 1.05950282897129 0.8631607545049024 0
4834 1.045988542311575 0.8733404878077271 0
4835 1.191203095714749 0.7169536468142976 0
4836 1.075021757055532 0.7457043295848677 0
4837 1.071542241164094 0.7490852788097435 0
4838 1.044198588186398 0.8949645789245875 0
4839 1.196560049950408 0.7257708843153938 0
4840 0.9890154627266493 0.1693871765309434 0
4841 0.9891208883087211 0.1775774650991839 0
4842 0.9961685399147752 0.1800763592063002 0
4843 1.000766428229911 0.1752531064507843 0
4844 0.9994150957099741 0.1654416911031456 0
$EndNodes
$Elements
2538
1 8 2 1 1 1 9 28
2 8 2 1 1 9 10 29
3 8 2 1 1 10 11 30
4 8 2 1 1 11 12 31
5 8 2 1 1 12 13 32
6 8 2 1 1 13 14 33
7 8 2 1 1 14 15 34
8 8 2 1 1 15 16 35
9 8 2 1 1 16 17 36
10 8 2 1 1 17 18 37
11 8 2 1 1 18 19 38
12 8 2 1 1 19 20 39
13 8 2 1 1 20 21 40
14 8 2 1 1 21 22 41
15 8 2 1 1 22 23 42
16 8 2 1 1 23 24 43
17 8 2 1 1 24 25 44
18 8 2 1 1 25 26 45
19 8 2 1 1 26 27 46
20 8 2 1 1 27 2 47
21 8 2 2 2 2 48 57
22 8 2 2 2 48 49 58
23 8 2 2 2 49 50 59
24 8 2 2 2 50 51 60
25 8 2 2 2 51 52 61
26 8 2 2 2 52 53 62
27 8 2 2 2 53 54 63
28 8 2 2 2 54 55 64
29 8 2 2 2 55 56 65
30 8 2 2 2 56 3 66
31 8 2 3 3 3 67 86
32 8 2 3 3 67 68 87
33 8 2 3 3 68 69 88
34 8 2 3 3 69 70 89
35 8 2 3 3 70 71 90
36 8 2 3 3 71 72 91
37 8 2 3 3 72 73 92
38 8 2 3 3 73 74 93
39 8 2 3 3 74 75 94
40 8 2 3 3 75 76 95
41 8 2 3 3 76 77 96
42 8 2 3 3 77 78 97
43 8 2 3 3 78 79 98
44 8 2 3 3 79 80 99
45 8 2 3 3 80 81 100
46 8 2 3 3 81 82 101
47 8 2 3 3 82 83 102
48 8 2 3 3 83 84 103
49 8 2 3 3 84 85 104
50 8 2 3 3 85 4 105
51 8 2 4 4 4 106 115
52 8 2 4 4 106 107 116
53 8 2 4 4 107 108 117
54 8 2 4 4 108 109 118
55 8 2 4 4 109 110 119
56 8 2 4 4 110 111 120
57 8 2 4 4 111 112 121
58 8 2 4 4 112 113 122
59 8 2 4 4 113 114 123
60 8 2 4 4 114 1 124
61 8 2 5 5 7 125 167
62 8 2 5 5 125 126 168
63 8 2 5 5 126 127 169
64 8 2 5 5 127 128 170
65 8 2 5 5 128 129 171
66 8 2 5 5 129 130 172
67 8 2 5 5 130 131 173
68 8 2 5 5 131 132 174
69 8 2 5 5 132 133 175
70 8 2 5 5 133 134 176
71 8 2 5 5 134 135 177
72 8 2 5 5 135 136 178
73 8 2 5 5 136 137 179
74 8 2 5 5 137 138 180
75 8 2 5 5 138 139 181
76 8 2 5 5 139 140 182
77 8 2 5 5 140 141 183
78 8 2 5 5 141 142 184
79 8 2 5 5 142 143 185
80 8 2 5 5 143 144 186
81 8 2 5 5 144 145 187
82 8 2 5 5 145 146 188
83 8 2 5 5 146 147 189
84 8 2 5 5 147 148 190
85 8 2 5 5 148 149 191
86 8 2 5 5 149 150 192
87 8 2 5 5 150 151 193
88 8 2 5 5 151 152 194
89 8 2 5 5 152 153 195
90 8 2 5 5 153 154 196
91 8 2 5 5 154 155 197
92 8 2 5 5 155 156 198
93 8 2 5 5 156 157 199
94 8 2 5 5 157 158 200
95 8 2 5 5 158 159 201
96 8 2 5 5 159 160 202
97 8 2 5 5 160 161 203
98 8 2 5 5 161 162 204
99 8 2 5 5 162 163 205
100 8 2 5 5 163 164 206
101 8 2 5 5 164 165 207
102 8 2 5 5 165 166 208
103 8 2 5 5 166 8 209
104 8 2 5 6 8 210 252
105 8 2 5 6 210 211 253
106 8 2 5 6 211 212 254
107 8 2 5 6 212 213 255
108 8 2 5 6 213 214 256
109 8 2 5 6 214 215 257
110 8 2 5 6 215 216 258
111 8 2 5 6 216 217 259
112 8 2 5 6 217 218 260
113 8 2 5 6 218 219 261
114 8 2 5 6 219 220 262
115 8 2 5 6 220 221 263
116 8 2 5 6 221 222 264
117 8 2 5 6 222 223 265
118 8 2 5 6 223 224 266
119 8 2 5 6 224 225 267
120 8 2 5 6 225 226 268
121 8 2 5 6 226 227 269
122 8 2 5 6 227 228 270
123 8 2 5 6 228 229 271
124 8 2 5 6 229 230 272
125 8 2 5 6 230 231 273
126 8 2 5 6 231 232 274
127 8 2 5 6 232 233 275
128 8 2 5 6 233 234 276
129 8 2 5 6 234 235 277
130 8 2 5 6 235 236 278
131 8 2 5 6 236 237 279
132 8 2 5 6 237 238 280
133 8 2 5 6 238 239 281
134 8 2 5 6 239 240 282
135 8 2 5 6 240 241 283
136 8 2 5 6 241 242 284
137 8 2 5 6 242 243 285
138 8 2 5 6 243 244 286
139 8 2 5 6 244 245 287
140 8 2 5 6 245 246 288
141 8 2 5 6 246 247 289
142 8 2 5 6 247 248 290
143 8 2 5 6 248 249 291
144 8 2 5 6 249 250 292
145 8 2 5 6 250 251 293
146 8 2 5 6 251 5 294
147 8 2 5 7 5 295 337
148 8 2 5 7 295 296 338
149 8 2 5 7 296 297 339
150 8 2 5 7 297 298 340
151 8 2 5 7 298 299 341
152 8 2 5 7 299 300 342
153 8 2 5 7 300 301 343
154 8 2 5 7 301 302 344
155 8 2 5 7 302 303 345
156 8 2 5 7 303 304 346
157 8 2 5 7 304 305 347
158 8 2 5 7 305 306 348
159 8 2 5 7 306 307 349
160 8 2 5 7 307 308 350
161 8 2 5 7 308 309 351
162 8 2 5 7 309 310 352
163 8 2 5 7 310 311 353
164 8 2 5 7 311 312 354
165 8 2 5 7 312 313 355
166 8 2 5 7 313 314 356
167 8 2 5 7 314 315 357
168 8 2 5 7 315 316 358
169 8 2 5 7 316 317 359
170 8 2 5 7 317 318 360
171 8 2 5 7 318 319 361
172 8 2 5 7 319 320 362
173 8 2 5 7 320 321 363
174 8 2 5 7 321 322 364
175 8 2 5 7 322 323 365
176 8 2 5 7 323 324 366
177 8 2 5 7 324 325 367
178 8 2 5 7 325 326 368
179 8 2 5 7 326 327 369
180 8 2 5 7 327 328 370
181 8 2 5 7 328 329 371
182 8 2 5 7 329 330 372
183 8 2 5 7 330 331 373
184 8 2 5 7 331 332 374
185 8 2 5 7 332 333 375
186 8 2 5 7 333 334 376
187 8 2 5 7 334 335 377
188 8 2 5 7 335 336 378
189 8 2 5 7 336 6 379
190 8 2 5 8 6 380 422
191 8 2 5 8 380 381 423
192 8 2 5 8 381 382 424
193 8 2 5 8 382 383 425
194 8 2 5 8 383 384 426
195 8 2 5 8 384 385 427
196 8 2 5 8 385 386 428
197 8 2 5 8 386 387 429
198 8 2 5 8 387 388 430
199 8 2 5 8 388 389 431
200 8 2 5 8 389 390 432
201 8 2 5 8 390 391 433
202 8 2 5 8 391 392 434
203 8 2 5 8 392 393 435
204 8 2 5 8 393 394 436
205 8 2 5 8 394 395 437
206 8 2 5 8 395 396 438
207 8 2 5 8 396 397 439
208 8 2 5 8 397 398 440
209 8 2 5 8 398 399 441
210 8 2 5 8 399 400 442
211 8 2 5 8 400 401 443
212 8 2 5 8 401 402 444
213 8 2 5 8 402 403 445
214 8 2 5 8 403 404 446
215 8 2 5 8 404 405 447
216 8 2 5 8 405 406 448
217 8 2 5 8 406 407 449
218 8 2 5 8 407 408 450
219 8 2 5 8 408 409 451
220 8 2 5 8 409 410 452
221 8 2 5 8 410 411 453
222 8 2 5 8 411 412 454
223 8 2 5 8 412 413 455
224 8 2 5 8 413 414 456
225 8 2 5 8 414 415 457
226 8 2 5 8 415 416 458
227 8 2 5 8 416 417 459
228 8 2 5 8 417 418 460
229 8 2 5 8 418 419 461
230 8 2 5 8 419 420 462
231 8 2 5 8 420 421 463
232 8 2 5 8 421 7 464
233 9 2 6 1 1214 528 1235 1502 1503 1504
234 9 2 6 1 687 650 1046 1505 1506 1507
235 9 2 6 1 1044 19 1169 1508 1509 1510
236 9 2 6 1 1039 497 1133 1511 1512 1513
237 9 2 6 1 1033 529 1210 1514 1515 1516
238 9 2 6 1 1005 559 1258 1517 1518 1519
239 9 2 6 1 1083 909 1084 1520 1521 1522
240 9 2 6 1 977 888 987 1523 1524 1525
241 9 2 6 1 662 703 704 1526 1527 1528
242 9 2 6 1 533 937 1242 1529 1530 1531
243 9 2 6 1 1010 481 1119 1532 1533 1534
244 9 2 6 1 615 943 1172 1535 1536 1537
245 9 2 6 1 536 541 542 1538 1539 1540
246 9 2 6 1 983 824 1469 1541 1542 1543
247 9 2 6 1 473 996 1117 1544 1545 1546
248 9 2 6 1 972 846 1004 1547 1548 1549
249 9 2 6 1 885 1107 1216 1550 1551 1552
250 9 2 6 1 1107 694 1216 1553 1554 1551
251 9 2 6 1 504 1042 1150 1555 1556 1557
252 9 2 6 1 650 694 1046 1558 1559 1506
253 9 2 6 1 884 646 1311 1560 1561 1562
254 9 2 6 1 1062 1063 1217 1563 1564 1565
255 9 2 6 1 657 717 1175 1566 1567 1568
256 9 2 6 1 1063 914 1219 1569 1570 1571
257 9 2 6 1 72 515 1462 1572 1573 1574
258 9 2 6 1 656 660 712 1575 1576 1577
259 9 2 6 1 1130 1116 1260 1578 1579 1580
260 9 2 6 1 553 555 1100 1581 1582 1583
261 9 2 6 1 996 473 1261 1544 1584 1585
262 9 2 6 1 817 875 995 1586 1587 1588
263 9 2 6 1 657 656 717 1589 1590 1566
264 9 2 6 1 551 1246 1398 1591 1592 1593
265 9 2 6 1 973 513 1038 1594 1595 1596
266 9 2 6 1 641 642 888 1597 1598 1599
267 9 2 6 1 883 1039 1133 1600 1513 1601
268 9 2 6 1 991 532 1205 1602 1603 1604
269 9 2 6 1 720 719 1420 1605 1606 1607
270 9 2 6 1 699 1052 1144 1608 1609 1610
271 9 2 6 1 943 615 1316 1535 1611 1612
272 9 2 6 1 960 1091 1247 1613 1614 1615
273 9 2 6 1 966 962 1190 1616 1617 1618
274 9 2 6 1 1170 495 1236 1619 1620 1621
275 9 2 6 1 888 642 1362 1598 1622 1623
276 9 2 6 1 832 1068 1085 1624 1625 1626
277 9 2 6 1 672 896 1418 1627 1628 1629
278 9 2 6 1 685 888 977 1630 1523 1631
279 9 2 6 1 949 950 961 1632 1633 1634
280 9 2 6 1 1067 969 1428 1635 1636 1637
281 9 2 6 1 825 828 1109 1638 1639 1640
282 9 2 6 1 971 970 972 1641 1642 1643
283 9 2 6 1 646 884 988 1560 1644 1645
284 9 2 6 1 947 948 949 1646 1647 1648
285 9 2 6 1 971 972 1004 1643 1549 1649
286 9 2 6 1 817 815 875 1650 1651 1586
287 9 2 6 1 968 72 1462 1652 1574 1653
288 9 2 6 1 585 587 1081 1654 1655 1656
289 9 2 6 1 732 572 1490 1657 1658 1659
290 9 2 6 1 907 860 1394 1660 1661 1662
291 9 2 6 1 502 1181 1333 1663 1664 1665
292 9 2 6 1 522 1003 1340 1666 1667 1668
293 9 2 6 1 297 296 1245 339 1669 1670
294 9 2 6 1 607 586 988 1671 1672 1673
295 9 2 6 1 645 564 727 1674 1675 1676
296 9 2 6 1 1234 1233 1456 1677 1678 1679
297 9 2 6 1 922 1108 1454 1680 1681 1682
298 9 2 6 1 742 945 1068 1683 1684 1685
299 9 2 6 1 847 1097 1249 1686 1687 1688
300 9 2 6 1 472 1256 1285 1689 1690 1691
301 9 2 6 1 511 969 1067 1692 1635 1693
302 9 2 6 1 799 798 809 1694 1695 1696
303 9 2 6 1 559 1031 1258 1697 1698 1518
304 9 2 6 1 742 743 945 1699 1700 1683
305 9 2 6 1 917 863 1366 1701 1702 1703
306 9 2 6 1 1100 555 1297 1582 1704 1705
307 9 2 6 1 826 1171 1361 1706 1707 1708
308 9 2 6 1 785 779 798 1709 1710 1711
309 9 2 6 1 704 703 1074 1527 1712 1713
310 9 2 6 1 76 1045 1479 1714 1715 1716
311 9 2 6 1 1038 909 1083 1717 1520 1718
312 9 2 6 1 533 1242 1364 1531 1719 1720
313 9 2 6 1 1032 897 1401 1721 1722 1723
314 9 2 6 1 982 829 983 1724 1725 1726
315 9 2 6 1 1157 483 1375 1727 1728 1729
316 9 2 6 1 994 521 1232 1730 1731 1732
317 9 2 6 1 638 637 656 1733 1734 1735
318 9 2 6 1 1254 679 1383 1736 1737 1738
319 9 2 6 1 844 1099 1272 1739 1740 1741
320 9 2 6 1 1031 1256 1258 1742 1743 1698
321 9 2 6 1 1116 1130 1131 1578 1744 1745
322 9 2 6 1 937 76 1479 1746 1716 1747
323 9 2 6 1 712 660 713 1576 1748 1749
324 9 2 6 1 919 733 920 1750 1751 1752
325 9 2 6 1 1253 1272 1329 1753 1754 1755
326 9 2 6 1 982 983 984 1726 1756 1757
327 9 2 6 1 19 535 1169 1758 1759 1509
328 9 2 6 1 25 522 1340 1760 1668 1761
329 9 2 6 1 942 517 1452 1762 1763 1764
330 9 2 6 1 645 727 728 1676 1765 1766
331 9 2 6 1 987 482 1480 1767 1768 1769
332 9 2 6 1 1098 958 1099 1770 1771 1772
333 9 2 6 1 584 646 988 1773 1645 1774
334 9 2 6 1 847 1023 1097 1775 1776 1686
335 9 2 6 1 1062 1217 1405 1565 1777 1778
336 9 2 6 1 708 709 1305 1779 1780 1781
337 9 2 6 1 542 718 734 1782 1783 1784
338 9 2 6 1 656 637 660 1734 1785 1575
339 9 2 6 1 740 742 887 1786 1787 1788
340 9 2 6 1 587 591 1081 1789 1790 1655
341 9 2 6 1 653 890 1478 1791 1792 1793
342 9 2 6 1 629 630 653 1794 1795 1796
343 9 2 6 1 623 624 641 1797 1798 1799
344 9 2 6 1 662 659 703 1800 1801 1526
345 9 2 6 1 914 865 917 1802 1803 1804
346 9 2 6 1 1092 998 1276 1805 1806 1807
347 9 2 6 1 809 810 898 1808 1809 1810
348 9 2 6 1 482 987 1136 1767 1811 1812
349 9 2 6 1 848 1034 1382 1813 1814 1815
350 9 2 6 1 829 824 983 1816 1541 1725
351 9 2 6 1 1276 998 1434 1806 1817 1818
352 9 2 6 1 936 607 988 1819 1673 1820
353 9 2 6 1 1030 894 1386 1821 1822 1823
354 9 2 6 1 950 952 964 1824 1825 1826
355 9 2 6 1 23 513 973 1827 1594 1828
356 9 2 6 1 608 610 623 1829 1830 1831
357 9 2 6 1 531 1104 1105 1832 1833 1834
358 9 2 6 1 544 542 1325 1835 1836 1837
359 9 2 6 1 736 946 1318 1838 1839 1840
360 9 2 6 1 730 1235 1385 1841 1842 1843
361 9 2 6 1 915 914 1063 1844 1569 1845
362 9 2 6 1 636 732 733 1846 1847 1848
363 9 2 6 1 1166 1140 1180 1849 1850 1851
364 9 2 6 1 887 742 1251 1787 1852 1853
365 9 2 6 1 939 838 1450 1854 1855 1856
366 9 2 6 1 1033 1210 1343 1516 1857 1858
367 9 2 6 1 777 778 779 1859 1860 1861
368 9 2 6 1 543 536 1497 1862 1863 1864
369 9 2 6 1 646 993 1009 1865 1866 1867
370 9 2 6 1 632 980 1012 1868 1869 1870
371 9 2 6 1 792 933 1013 1871 1872 1873
372 9 2 6 1 815 805 849 1874 1875 1876
373 9 2 6 1 659 657 697 1877 1878 1879
374 9 2 6 1 536 542 1497 1540 1880 1863
375 9 2 6 1 976 854 1333 1881 1882 1883
376 9 2 6 1 487 1075 1220 1884 1885 1886
377 9 2 6 1 846 972 1304 1547 1887 1888
378 9 2 6 1 1151 901 1280 1889 1890 1891
379 9 2 6 1 815 849 875 1876 1892 1651
380 9 2 6 1 865 863 917 1893 1701 1803
381 9 2 6 1 487 1074 1075 1894 1895 1884
382 9 2 6 1 641 624 642 1798 1896 1597
383 9 2 6 1 961 950 964 1633 1826 1897
384 9 2 6 1 734 736 813 1898 1899 1900
385 9 2 6 1 785 798 799 1711 1694 1901
386 9 2 6 1 623 610 624 1830 1902 1797
387 9 2 6 1 805 799 871 1903 1904 1905
388 9 2 6 1 500 1028 1090 1906 1907 1908
389 9 2 6 1 949 948 950 1647 1909 1632
390 9 2 6 1 681 664 719 1910 1911 1912
391 9 2 6 1 867 825 1109 1913 1640 1914
392 9 2 6 1 542 734 1325 1784 1915 1836
393 9 2 6 1 653 630 655 1795 1916 1917
394 9 2 6 1 695 653 1478 1918 1793 1919
395 9 2 6 1 1099 958 1272 1771 1920 1740
396 9 2 6 1 1258 1257 1374 1921 1922 1923
397 9 2 6 1 481 1010 1326 1532 1924 1925
398 9 2 6 1 1256 1031 1285 1742 1926 1690
399 9 2 6 1 6 336 820 379 1927 1928
400 9 2 6 1 941 998 1266 1929 1930 1931
401 9 2 6 1 517 942 1339 1762 1932 1933
402 9 2 6 1 483 1157 1158 1727 1934 1935
403 9 2 6 1 536 78 541 1936 1937 1538
404 9 2 6 1 649 647 910 1938 1939 1940
405 9 2 6 1 1036 1008 1066 1941 1942 1943
406 9 2 6 1 727 564 906 1675 1944 1945
407 9 2 6 1 809 898 930 1810 1946 1947
408 9 2 6 1 634 633 647 1948 1949 1950
409 9 2 6 1 654 653 695 1951 1918 1952
410 9 2 6 1 1061 481 1326 1953 1925 1954
411 9 2 6 1 777 779 785 1861 1709 1955
412 9 2 6 1 998 997 1078 1956 1957 1958
413 9 2 6 1 947 784 948 1959 1960 1646
414 9 2 6 1 923 774 1381 1961 1962 1963
415 9 2 6 1 806 787 1027 1964 1965 1966
416 9 2 6 1 947 949 965 1648 1967 1968
417 9 2 6 1 939 1147 1328 1969 1970 1971
418 9 2 6 1 956 959 1000 1972 1973 1974
419 9 2 6 1 586 584 988 1975 1774 1672
420 9 2 6 1 875 849 996 1892 1976 1977
421 9 2 6 1 574 572 636 1978 1979 1980
422 9 2 6 1 642 882 883 1981 1982 1983
423 9 2 6 1 647 648 699 1984 1985 1986
424 9 2 6 1 813 736 1318 1899 1840 1987
425 9 2 6 1 672 670 896 1988 1989 1627
426 9 2 6 1 636 733 919 1848 1750 1990
427 9 2 6 1 934 534 1099 1991 1992 1993
428 9 2 6 1 608 605 610 1994 1995 1829
429 9 2 6 1 905 1305 1412 1996 1997 1998
430 9 2 6 1 1074 487 1239 1894 1999 2000
431 9 2 6 1 629 617 630 2001 2002 1794
432 9 2 6 1 834 982 985 2003 2004 2005
433 9 2 6 1 941 723 997 2006 2007 2008
434 9 2 6 1 336 335 1018 378 2009 2010
435 9 2 6 1 918 838 938 2011 2012 2013
436 9 2 6 1 1034 509 1382 2014 2015 1814
437 9 2 6 1 728 727 1214 1765 2016 2017
438 9 2 6 1 962 961 1186 2018 2019 2020
439 9 2 6 1 874 860 907 2021 1660 2022
440 9 2 6 1 1242 937 1442 1530 2023 2024
441 9 2 6 1 927 1030 1386 2025 1823 2026
442 9 2 6 1 965 966 1440 2027 2028 2029
443 9 2 6 1 992 699 1144 2030 1610 2031
444 9 2 6 1 772 740 887 2032 1788 2033
445 9 2 6 1 527 1215 1355 2034 2035 2036
446 9 2 6 1 685 641 888 2037 1599 1630
447 9 2 6 1 878 994 1232 2038 1732 2039
448 9 2 6 1 74 1056 1094 2040 2041 2042
449 9 2 6 1 618 617 629 2043 2001 2044
450 9 2 6 1 666 641 685 2045 2037 2046
451 9 2 6 1 760 762 773 2047 2048 2049
452 9 2 6 1 1140 1139 1180 2050 2051 1850
453 9 2 6 1 738 740 772 2052 2032 2053
454 9 2 6 1 949 961 962 1634 2018 2054
455 9 2 6 1 1026 598 1432 2055 2056 2057
456 9 2 6 1 534 934 1369 1991 2058 2059
457 9 2 6 1 714 685 876 2060 2061 2062
458 9 2 6 1 632 651 980 2063 2064 1868
459 9 2 6 1 731 897 1032 2065 1721 2066
460 9 2 6 1 548 547 1466 2067 2068 2069
461 9 2 6 1 659 697 1465 1879 2070 2071
462 9 2 6 1 780 782 789 2072 2073 2074
463 9 2 6 1 1069 495 1170 2075 1619 2076
464 9 2 6 1 1305 929 1412 2077 2078 1997
465 9 2 6 1 74 533 1056 2079 2080 2040
466 9 2 6 1 530 1106 1201 2081 2082 2083
467 9 2 6 1 1028 500 1334 1906 2084 2085
468 9 2 6 1 920 921 989 2086 2087 2088
469 9 2 6 1 530 1079 1106 2089 2090 2081
470 9 2 6 1 789 947 965 2091 1968 2092
471 9 2 6 1 861 946 1317 2093 2094 2095
472 9 2 6 1 755 760 932 2096 2097 2098
473 9 2 6 1 756 753 1057 2099 2100 2101
474 9 2 6 1 1038 513 1319 1595 2102 2103
475 9 2 6 1 856 854 976 2104 1881 2105
476 9 2 6 1 534 17 1468 2106 2107 2108
477 9 2 6 1 964 952 1033 1825 2109 2110
478 9 2 6 1 656 712 717 1577 2111 1590
479 9 2 6 1 767 776 777 2112 2113 2114
480 9 2 6 1 517 973 974 2115 2116 2117
481 9 2 6 1 533 75 937 2118 2119 1529
482 9 2 6 1 891 1157 1375 2120 1729 2121
483 9 2 6 1 712 713 1437 1749 2122 2123
484 9 2 6 1 495 1069 1240 2075 2124 2125
485 9 2 6 1 626 620 637 2126 2127 2128
486 9 2 6 1 1276 999 1357 2129 2130 2131
487 9 2 6 1 1143 466 1331 2132 2133 2134
488 9 2 6 1 670 668 706 2135 2136 2137
489 9 2 6 1 967 803 1017 2138 2139 2140
490 9 2 6 1 913 865 914 2141 1802 2142
491 9 2 6 1 606 605 608 2143 1994 2144
492 9 2 6 1 924 876 1156 2145 2146 2147
493 9 2 6 1 736 738 946 2148 2149 1838
494 9 2 6 1 1052 978 1153 2150 2151 2152
495 9 2 6 1 601 576 633 2153 2154 2155
496 9 2 6 1 794 792 1013 2156 1873 2157
497 9 2 6 1 523 1051 1403 2158 2159 2160
498 9 2 6 1 1234 1388 1472 2161 2162 2163
499 9 2 6 1 719 664 1124 1911 2164 2165
500 9 2 6 1 860 858 1394 2166 2167 1661
501 9 2 6 1 909 1038 1319 1717 2103 2168
502 9 2 6 1 1063 494 1218 2169 2170 2171
503 9 2 6 1 1015 1182 1183 2172 2173 2174
504 9 2 6 1 668 649 911 2175 2176 2177
505 9 2 6 1 1039 1010 1119 2178 1534 2179
506 9 2 6 1 863 860 874 2180 2021 2181
507 9 2 6 1 981 750 1413 2182 2183 2184
508 9 2 6 1 703 659 1465 1801 2071 2185
509 9 2 6 1 547 546 1466 2186 2187 2068
510 9 2 6 1 535 20 895 2188 2189 2190
511 9 2 6 1 77 78 536 97 1936 2191
512 9 2 6 1 19 20 535 39 2188 1758
513 9 2 6 1 16 17 534 36 2106 2192
514 9 2 6 1 74 75 533 94 2118 2079
515 9 2 6 1 561 559 1005 2193 1517 2194
516 9 2 6 1 1101 1014 1264 2195 2196 2197
517 9 2 6 1 759 756 1057 2198 2101 2199
518 9 2 6 1 728 1214 1235 2017 1504 2200
519 9 2 6 1 542 541 718 1539 2201 1782
520 9 2 6 1 904 675 1289 2202 2203 2204
521 9 2 6 1 1042 898 1150 2205 2206 1556
522 9 2 6 1 638 656 657 1735 1589 2207
523 9 2 6 1 914 917 1043 1804 2208 2209
524 9 2 6 1 834 831 982 2210 2211 2003
525 9 2 6 1 851 839 918 2212 2213 2214
526 9 2 6 1 532 1021 1205 2215 2216 1603
527 9 2 6 1 750 771 1413 2217 2218 2183
528 9 2 6 1 635 929 1305 2219 2077 2220
529 9 2 6 1 920 733 921 1751 2221 2086
530 9 2 6 1 614 925 1386 2222 2223 2224
531 9 2 6 1 529 1033 1211 1514 2225 2226
532 9 2 6 1 634 647 649 1950 1938 2227
533 9 2 6 1 698 1075 1076 2228 2229 2230
534 9 2 6 1 1190 962 1411 1617 2231 2232
535 9 2 6 1 876 685 977 2061 1631 2233
536 9 2 6 1 727 906 1226 1945 2234 2235
537 9 2 6 1 906 564 1388 1944 2236 2237
538 9 2 6 1 809 798 810 1695 2238 1808
539 9 2 6 1 1091 960 1419 1613 2239 2240
540 9 2 6 1 595 590 929 2241 2242 2243
541 9 2 6 1 617 609 711 2244 2245 2246
542 9 2 6 1 1246 1245 1398 2247 2248 1592
543 9 2 6 1 697 657 1175 1878 1568 2249
544 9 2 6 1 706 911 1130 2250 2251 2252
545 9 2 6 1 574 636 1029 1980 2253 2254
546 9 2 6 1 891 1163 1486 2255 2256 2257
547 9 2 6 1 8 166 676 209 2258 2259
548 9 2 6 1 611 613 1012 2260 2261 2262
549 9 2 6 1 601 633 634 2155 1948 2263
550 9 2 6 1 789 965 1072 2092 2264 2265
551 9 2 6 1 700 702 978 2266 2267 2268
552 9 2 6 1 497 1039 1356 1511 2269 2270
553 9 2 6 1 1186 961 1310 2019 2271 2272
554 9 2 6 1 670 706 896 2137 2273 1989
555 9 2 6 1 1040 1041 1353 2274 2275 2276
556 9 2 6 1 521 1059 1232 2277 2278 1731
557 9 2 6 1 692 693 1026 2279 2280 2281
558 9 2 6 1 1042 504 1342 1555 2282 2283
559 9 2 6 1 559 556 1031 2284 2285 1697
560 9 2 6 1 1181 976 1333 2286 1883 1664
561 9 2 6 1 871 799 1322 1904 2287 2288
562 9 2 6 1 898 810 899 1809 2289 2290
563 9 2 6 1 511 968 969 2291 2292 1692
564 9 2 6 1 831 829 982 2293 1724 2211
565 9 2 6 1 930 898 1042 1946 2205 2294
566 9 2 6 1 730 728 1235 2295 2200 1841
567 9 2 6 1 1015 507 1182 2296 2297 2172
568 9 2 6 1 839 838 918 2298 2011 2213
569 9 2 6 1 18 19 1044 38 1508 2299
570 9 2 6 1 597 595 635 2300 2301 2302
571 9 2 6 1 1091 479 1247 2303 2304 1614
572 9 2 6 1 911 649 1387 2176 2305 2306
573 9 2 6 1 1004 923 1381 2307 1963 2308
574 9 2 6 1 767 777 1287 2114 2309 2310
575 9 2 6 1 135 134 1173 177 2311 2312
576 9 2 6 1 782 784 947 2313 1959 2314
577 9 2 6 1 854 852 922 2315 2316 2317
578 9 2 6 1 582 579 993 2318 2319 2320
579 9 2 6 1 891 655 1446 2321 2322 2323
580 9 2 6 1 713 1036 1066 2324 1943 2325
581 9 2 6 1 899 901 1151 2326 1889 2327
582 9 2 6 1 820 336 1018 1927 2010 2328
583 9 2 6 1 774 923 1262 1961 2329 2330
584 9 2 6 1 922 852 1108 2316 2331 1680
585 9 2 6 1 779 778 780 1860 2332 2333
586 9 2 6 1 970 514 972 2334 2335 1642
587 9 2 6 1 706 1130 1260 2252 1580 2336
588 9 2 6 1 1046 694 1107 1559 1553 2337
589 9 2 6 1 1068 945 1085 1684 2338 1625
590 9 2 6 1 505 1052 1153 2339 2152 2340
591 9 2 6 1 591 1025 1081 2341 2342 1790
592 9 2 6 1 1171 826 1378 1706 2343 2344
593 9 2 6 1 854 922 1333 2317 2345 1882
594 9 2 6 1 616 609 617 2346 2244 2347
595 9 2 6 1 755 932 1422 2098 2348 2349
596 9 2 6 1 734 735 736 2350 2351 1898
597 9 2 6 1 1080 486 1174 2352 2353 2354
598 9 2 6 1 713 660 1036 1748 2355 2324
599 9 2 6 1 1005 1258 1374 1519 1923 2356
600 9 2 6 1 1239 710 1351 2357 2358 2359
601 9 2 6 1 506 1077 1179 2360 2361 2362
602 9 2 6 1 1198 485 1437 2363 2364 2365
603 9 2 6 1 760 773 932 2049 2366 2097
604 9 2 6 1 981 867 1109 2367 1914 2368
605 9 2 6 1 699 648 700 1985 2369 2370
606 9 2 6 1 1217 1063 1218 1564 2171 2371
607 9 2 6 1 675 904 936 2202 2372 2373
608 9 2 6 1 777 776 778 2113 2374 1859
609 9 2 6 1 699 700 1052 2370 2375 1608
610 9 2 6 1 647 633 648 1949 2376 1984
611 9 2 6 1 923 1004 1265 2307 2377 2378
612 9 2 6 1 746 748 770 2379 2380 2381
613 9 2 6 1 925 614 1268 2222 2382 2383
614 9 2 6 1 789 782 947 2073 2314 2091
615 9 2 6 1 975 856 976 2384 2105 2385
616 9 2 6 1 806 1027 1073 1966 2386 2387
617 9 2 6 1 736 737 738 2388 2389 2148
618 9 2 6 1 636 572 732 1979 1657 1846
619 9 2 6 1 572 570 1490 2390 2391 1658
620 9 2 6 1 841 839 851 2392 2212 2393
621 9 2 6 1 743 746 945 2394 2395 1700
622 9 2 6 1 532 991 1451 1602 2396 2397
623 9 2 6 1 1015 1183 1501 2174 2398 2399
624 9 2 6 1 1041 1040 1312 2274 2400 2401
625 9 2 6 1 603 600 605 2402 2403 2404
626 9 2 6 1 138 137 1207 180 2405 2406
627 9 2 6 1 874 907 1051 2022 2407 2408
628 9 2 6 1 961 964 1086 1897 2409 2410
629 9 2 6 1 849 805 871 1875 1905 2411
630 9 2 6 1 600 597 877 2412 2413 2414
631 9 2 6 1 1124 704 1278 2415 2416 2417
632 9 2 6 1 77 536 1320 2191 2418 2419
633 9 2 6 1 971 1184 1494 2420 2421 2422
634 9 2 6 1 913 914 915 2142 1844 2423
635 9 2 6 1 1184 971 1248 2420 2424 2425
636 9 2 6 1 1010 882 1326 2426 2427 1924
637 9 2 6 1 738 739 740 2428 2429 2052
638 9 2 6 1 1147 939 1315 1969 2430 2431
639 9 2 6 1 1307 1274 1434 2432 2433 2434
640 9 2 6 1 1088 1014 1101 2435 2195 2436
641 9 2 6 1 531 1105 1110 1834 2437 2438
642 9 2 6 1 845 1013 1014 2439 2440 2441
643 9 2 6 1 709 1040 1305 2442 2443 1780
644 9 2 6 1 535 895 1047 2190 2444 2445
645 9 2 6 1 876 977 1019 2233 2446 2447
646 9 2 6 1 629 653 654 1796 1951 2448
647 9 2 6 1 906 1234 1456 2449 1679 2450
648 9 2 6 1 517 22 973 2451 2452 2115
649 9 2 6 1 70 511 1020 2453 2454 2455
650 9 2 6 1 12 512 1021 2456 2457 2458
651 9 2 6 1 1388 1005 1472 2459 2460 2162
652 9 2 6 1 626 637 638 2128 1733 2461
653 9 2 6 1 803 967 1483 2138 2462 2463
654 9 2 6 1 706 668 911 2136 2177 2250
655 9 2 6 1 953 956 1463 2464 2465 2466
656 9 2 6 1 597 635 877 2302 2467 2413
657 9 2 6 1 125 7 1082 167 2468 2469
658 9 2 6 1 974 1083 1299 2470 2471 2472
659 9 2 6 1 1051 523 1195 2158 2473 2474
660 9 2 6 1 837 835 838 2475 2476 2477
661 9 2 6 1 166 165 1061 208 2478 2479
662 9 2 6 1 784 783 1253 2480 2481 2482
663 9 2 6 1 858 856 975 2483 2384 2484
664 9 2 6 1 941 997 998 2008 1956 1929
665 9 2 6 1 946 861 1318 2093 2485 1839
666 9 2 6 1 564 561 1388 2486 2487 2236
667 9 2 6 1 996 849 1334 1976 2488 2489
668 9 2 6 1 640 622 1011 2490 2491 2492
669 9 2 6 1 654 695 696 1952 2493 2494
670 9 2 6 1 729 728 730 2495 2295 2496
671 9 2 6 1 924 1156 1157 2147 2497 2498
672 9 2 6 1 1009 993 1294 1866 2499 2500
673 9 2 6 1 635 595 929 2301 2243 2219
674 9 2 6 1 546 545 1475 2501 2502 2503
675 9 2 6 1 613 632 1012 2504 1870 2261
676 9 2 6 1 509 1022 1023 2505 2506 2507
677 9 2 6 1 520 1050 1282 2508 2509 2510
678 9 2 6 1 689 691 692 2511 2512 2513
679 9 2 6 1 1163 890 1486 2514 2515 2256
680 9 2 6 1 905 708 1305 2516 1781 1996
681 9 2 6 1 1259 827 1378 2517 2518 2519
682 9 2 6 1 833 831 834 2520 2210 2521
683 9 2 6 1 1074 1239 1351 2000 2359 2522
684 9 2 6 1 892 1056 1364 2523 2524 2525
685 9 2 6 1 696 695 1007 2493 2526 2527
686 9 2 6 1 511 71 968 2528 2529 2291
687 9 2 6 1 623 641 666 1799 2045 2530
688 9 2 6 1 81 514 970 2531 2334 2532
689 9 2 6 1 883 882 1010 1982 2426 2533
690 9 2 6 1 909 908 1084 2534 2535 1521
691 9 2 6 1 1020 511 1067 2454 1693 2536
692 9 2 6 1 335 489 1018 2537 2538 2009
693 9 2 6 1 963 1098 1099 2539 1772 2540
694 9 2 6 1 485 1106 1437 2541 2542 2364
695 9 2 6 1 1075 698 1220 2228 2543 1885
696 9 2 6 1 956 957 959 2544 2545 1972
697 9 2 6 1 911 1128 1130 2546 2547 2251
698 9 2 6 1 901 903 1016 2548 2549 2550
699 9 2 6 1 733 732 1032 1847 2551 2552
700 9 2 6 1 898 899 1150 2290 2553 2206
701 9 2 6 1 509 110 1022 2554 2555 2505
702 9 2 6 1 510 52 1024 2556 2557 2558
703 9 2 6 1 754 1264 1380 2559 2560 2561
704 9 2 6 1 1104 531 1358 1832 2562 2563
705 9 2 6 1 929 590 1431 2242 2564 2565
706 9 2 6 1 770 748 981 2380 2566 2567
707 9 2 6 1 512 1006 1495 2568 2569 2570
708 9 2 6 1 974 1299 1452 2472 2571 2572
709 9 2 6 1 894 1030 1354 1821 2573 2574
710 9 2 6 1 933 1352 1380 2575 2576 2577
711 9 2 6 1 982 984 985 1757 2578 2004
712 9 2 6 1 646 582 993 2579 2320 1865
713 9 2 6 1 562 561 564 2580 2486 2581
714 9 2 6 1 584 582 646 2582 2579 1773
715 9 2 6 1 798 779 1321 1710 2583 2584
716 9 2 6 1 938 1141 1152 2585 2586 2587
717 9 2 6 1 804 799 805 2588 1903 2589
718 9 2 6 1 803 850 1017 2590 2591 2139
719 9 2 6 1 846 845 1088 2592 2593 2594
720 9 2 6 1 714 876 924 2062 2145 2595
721 9 2 6 1 726 637 1499 2596 2597 2598
722 9 2 6 1 633 576 1093 2154 2599 2600
723 9 2 6 1 715 1048 1054 2601 2602 2603
724 9 2 6 1 849 871 1028 2411 2604 2605
725 9 2 6 1 649 910 1387 1940 2606 2305
726 9 2 6 1 642 883 1362 1983 2607 1622
727 9 2 6 1 717 712 1079 2111 2608 2609
728 9 2 6 1 875 996 1261 1977 1585 2610
729 9 2 6 1 666 685 714 2046 2060 2611
730 9 2 6 1 79 80 518 99 2612 2613
731 9 2 6 1 21 22 517 41 2451 2614
732 9 2 6 1 14 15 516 34 2615 2616
733 9 2 6 1 72 73 515 92 2617 1572
734 9 2 6 1 802 794 1013 2618 2157 2619
735 9 2 6 1 709 679 1254 2620 1736 2621
736 9 2 6 1 496 297 1245 2622 1670 2623
737 9 2 6 1 588 586 607 2624 1671 2625
738 9 2 6 1 1097 1053 1301 2626 2627 2628
739 9 2 6 1 962 966 1485 1616 2629 2630
740 9 2 6 1 1053 872 1301 2631 2632 2627
741 9 2 6 1 600 877 1436 2414 2633 2634
742 9 2 6 1 844 934 1099 2635 1993 1739
743 9 2 6 1 1052 505 1144 2339 2636 1609
744 9 2 6 1 814 805 815 2637 1874 2638
745 9 2 6 1 651 689 980 2639 2640 2064
746 9 2 6 1 780 789 1459 2074 2641 2642
747 9 2 6 1 976 1181 1395 2286 2643 2644
748 9 2 6 1 740 741 742 2645 2646 1786
749 9 2 6 1 838 835 1450 2476 2647 1855
750 9 2 6 1 1026 693 1389 2280 2648 2649
751 9 2 6 1 14 516 979 2616 2650 2651
752 9 2 6 1 512 13 1481 2652 2653 2654
753 9 2 6 1 746 770 945 2381 2655 2395
754 9 2 6 1 616 617 618 2347 2043 2656
755 9 2 6 1 1253 844 1272 2657 1741 1753
756 9 2 6 1 571 570 572 2658 2390 2659
757 9 2 6 1 486 1080 1207 2352 2660 2661
758 9 2 6 1 565 564 645 2662 1674 2663
759 9 2 6 1 516 15 1270 2615 2664 2665
760 9 2 6 1 940 723 941 2666 2006 2667
761 9 2 6 1 496 1237 1243 2668 2669 2670
762 9 2 6 1 560 559 561 2671 2193 2672
763 9 2 6 1 965 949 1485 1967 2673 2674
764 9 2 6 1 799 809 1322 1696 2675 2287
765 9 2 6 1 1013 933 1380 1872 2577 2676
766 9 2 6 1 977 987 1480 1525 1769 2677
767 9 2 6 1 808 802 845 2678 2679 2680
768 9 2 6 1 573 572 574 2681 1978 2682
769 9 2 6 1 606 608 609 2144 2683 2684
770 9 2 6 1 715 1349 1475 2685 2686 2687
771 9 2 6 1 731 730 897 2688 2689 2065
772 9 2 6 1 1040 709 1312 2442 2690 2400
773 9 2 6 1 1151 475 1167 2691 2692 2693
774 9 2 6 1 644 1047 1339 2694 2695 2696
775 9 2 6 1 558 556 559 2697 2284 2698
776 9 2 6 1 1072 965 1440 2264 2029 2699
777 9 2 6 1 477 1086 1343 2700 2701 2702
778 9 2 6 1 841 851 852 2393 2703 2704
779 9 2 6 1 575 574 576 2705 2706 2707
780 9 2 6 1 834 985 1315 2005 2708 2709
781 9 2 6 1 772 887 1065 2033 2710 2711
782 9 2 6 1 692 691 693 2512 2712 2279
783 9 2 6 1 642 643 882 2713 2714 1981
784 9 2 6 1 653 655 1486 1917 2715 2716
785 9 2 6 1 75 76 937 95 1746 2119
786 9 2 6 1 845 802 1013 2679 2619 2439
787 9 2 6 1 738 772 946 2053 2717 2149
788 9 2 6 1 1004 846 1265 1548 2718 2377
789 9 2 6 1 1347 1259 1378 2719 2519 2720
790 9 2 6 1 922 1159 1160 2721 2722 2723
791 9 2 6 1 1081 1026 1432 2724 2057 2725
792 9 2 6 1 750 752 771 2726 2727 2217
793 9 2 6 1 545 546 547 2501 2186 2728
794 9 2 6 1 877 635 1040 2467 2729 2730
795 9 2 6 1 13 979 1481 2731 2732 2653
796 9 2 6 1 1049 873 1409 2733 2734 2735
797 9 2 6 1 1031 556 1285 2285 2736 1926
798 9 2 6 1 992 1143 1331 2737 2134 2738
799 9 2 6 1 517 974 1452 2117 2572 1763
800 9 2 6 1 664 662 1429 2739 2740 2741
801 9 2 6 1 816 815 817 2742 1650 2743
802 9 2 6 1 734 718 735 1783 2744 2350
803 9 2 6 1 603 605 606 2404 2143 2745
804 9 2 6 1 16 534 1369 2192 2059 2746
805 9 2 6 1 1001 1000 1137 2747 2748 2749
806 9 2 6 1 1059 811 1232 2750 2751 2278
807 9 2 6 1 919 920 1138 1752 2752 2753
808 9 2 6 1 684 640 1011 2754 2492 2755
809 9 2 6 1 1124 1279 1372 2756 2757 2758
810 9 2 6 1 1011 1095 1443 2759 2760 2761
811 9 2 6 1 494 1063 1219 2169 1571 2762
812 9 2 6 1 984 983 1470 1756 2763 2764
813 9 2 6 1 850 979 1302 2765 2766 2767
814 9 2 6 1 908 684 1011 2768 2755 2769
815 9 2 6 1 83 521 994 2770 1730 2771
816 9 2 6 1 979 850 1481 2765 2772 2732
817 9 2 6 1 837 838 839 2477 2298 2773
818 9 2 6 1 950 951 952 2774 2775 1824
819 9 2 6 1 689 692 980 2513 2776 2640
820 9 2 6 1 1014 1013 1380 2440 2676 2777
821 9 2 6 1 921 1188 1400 2778 2779 2780
822 9 2 6 1 980 692 1025 2776 2781 2782
823 9 2 6 1 18 1044 1306 2299 2783 2784
824 9 2 6 1 933 1057 1352 2785 2786 2575
825 9 2 6 1 1011 622 1087 2491 2787 2788
826 9 2 6 1 679 678 1383 2789 2790 1737
827 9 2 6 1 78 79 541 98 2791 1937
828 9 2 6 1 611 1012 1283 2262 2792 2793
829 9 2 6 1 12 13 512 32 2652 2456
830 9 2 6 1 70 71 511 90 2528 2453
831 9 2 6 1 541 79 1414 2791 2794 2795
832 9 2 6 1 822 820 1018 2796 2328 2797
833 9 2 6 1 81 82 514 101 2798 2531
834 9 2 6 1 23 24 513 43 2799 1827
835 9 2 6 1 646 1009 1311 1867 2800 1561
836 9 2 6 1 569 567 570 2801 2802 2803
837 9 2 6 1 577 576 601 2804 2153 2805
838 9 2 6 1 896 706 1260 2273 2336 2806
839 9 2 6 1 851 918 1096 2214 2807 2808
840 9 2 6 1 748 750 981 2809 2182 2566
841 9 2 6 1 956 1000 1001 1974 2747 2810
842 9 2 6 1 1084 908 1443 2535 2811 2812
843 9 2 6 1 607 936 1313 1819 2813 2814
844 9 2 6 1 687 1046 1282 1507 2815 2816
845 9 2 6 1 880 684 908 2817 2768 2818
846 9 2 6 1 545 543 1475 2819 2820 2502
847 9 2 6 1 974 973 1038 2116 1596 2821
848 9 2 6 1 883 1010 1039 2533 2178 1600
849 9 2 6 1 1025 692 1026 2781 2281 2822
850 9 2 6 1 833 834 835 2521 2823 2824
851 9 2 6 1 637 620 1499 2127 2825 2597
852 9 2 6 1 678 676 1061 2826 2827 2828
853 9 2 6 1 556 554 1285 2829 2830 2736
854 9 2 6 1 518 80 1494 2612 2831 2832
855 9 2 6 1 73 74 1094 93 2042 2833
856 9 2 6 1 1133 987 1362 2834 2835 2836
857 9 2 6 1 667 649 668 2837 2175 2838
858 9 2 6 1 609 608 1399 2683 2839 2840
859 9 2 6 1 681 719 720 1912 1605 2841
860 9 2 6 1 1022 519 1053 2842 2843 2844
861 9 2 6 1 514 82 994 2798 2845 2846
862 9 2 6 1 861 1317 1327 2095 2847 2848
863 9 2 6 1 1024 1046 1107 2849 2337 2850
864 9 2 6 1 1172 943 1299 1536 2851 2852
865 9 2 6 1 549 1100 1297 2853 1705 2854
866 9 2 6 1 808 845 846 2680 2592 2855
867 9 2 6 1 897 730 1112 2689 2856 2857
868 9 2 6 1 1241 510 1457 2858 2859 2860
869 9 2 6 1 1055 915 1062 2861 2862 2863
870 9 2 6 1 953 955 956 2864 2865 2464
871 9 2 6 1 1264 1014 1380 2196 2777 2560
872 9 2 6 1 537 108 1034 2866 2867 2868
873 9 2 6 1 507 1015 1231 2296 2869 2870
874 9 2 6 1 790 759 1057 2871 2199 2872
875 9 2 6 1 71 72 968 91 1652 2529
876 9 2 6 1 80 81 970 100 2532 2873
877 9 2 6 1 779 780 1433 2333 2874 2875
878 9 2 6 1 536 543 545 1862 2819 2876
879 9 2 6 1 1043 1215 1229 2877 2878 2879
880 9 2 6 1 1184 518 1494 2880 2832 2421
881 9 2 6 1 711 609 1399 2245 2840 2881
882 9 2 6 1 908 1011 1443 2769 2761 2811
883 9 2 6 1 1007 695 1015 2526 2882 2883
884 9 2 6 1 570 567 1460 2802 2884 2885
885 9 2 6 1 993 579 1498 2319 2886 2887
886 9 2 6 1 743 745 746 2888 2889 2394
887 9 2 6 1 17 1306 1468 2890 2891 2107
888 9 2 6 1 628 1083 1477 2892 2893 2894
889 9 2 6 1 849 1028 1334 2605 2085 2488
890 9 2 6 1 1282 1050 1500 2509 2895 2896
891 9 2 6 1 618 629 1125 2044 2897 2898
892 9 2 6 1 630 711 1035 2899 2900 2901
893 9 2 6 1 467 1140 1166 2902 1849 2903
894 9 2 6 1 608 623 1263 1831 2904 2905
895 9 2 6 1 669 668 670 2906 2135 2907
896 9 2 6 1 51 52 510 61 2556 2908
897 9 2 6 1 109 110 509 119 2554 2909
898 9 2 6 1 1051 907 1403 2407 2910 2159
899 9 2 6 1 1086 477 1202 2700 2911 2912
900 9 2 6 1 1153 978 1154 2151 2913 2914
901 9 2 6 1 1215 1043 1355 2877 2915 2035
902 9 2 6 1 738 737 739 2389 2916 2428
903 9 2 6 1 987 1132 1136 2917 2918 1811
904 9 2 6 1 746 747 748 2919 2920 2379
905 9 2 6 1 22 23 973 42 1828 2452
906 9 2 6 1 165 481 1061 2921 1953 2478
907 9 2 6 1 938 838 939 2012 1854 2922
908 9 2 6 1 1047 644 1314 2694 2923 2924
909 9 2 6 1 547 548 549 2067 2925 2926
910 9 2 6 1 676 166 1061 2258 2479 2827
911 9 2 6 1 867 981 1413 2367 2184 2927
912 9 2 6 1 716 546 1349 2928 2929 2930
913 9 2 6 1 736 735 737 2351 2931 2388
914 9 2 6 1 80 970 1494 2873 2932 2831
915 9 2 6 1 605 600 1436 2403 2634 2933
916 9 2 6 1 519 1049 1409 2934 2735 2935
917 9 2 6 1 767 1287 1288 2310 2936 2937
918 9 2 6 1 581 579 582 2938 2318 2939
919 9 2 6 1 792 790 933 2940 2941 1871
920 9 2 6 1 20 21 895 40 2942 2189
921 9 2 6 1 549 548 1100 2925 2943 2853
922 9 2 6 1 994 878 1439 2038 2944 2945
923 9 2 6 1 696 1007 1008 2527 2946 2947
924 9 2 6 1 1206 1379 1464 2948 2949 2950
925 9 2 6 1 655 1435 1446 2951 2952 2322
926 9 2 6 1 596 595 597 2953 2300 2954
927 9 2 6 1 1139 508 1180 2955 2956 2051
928 9 2 6 1 111 519 1022 2957 2842 2958
929 9 2 6 1 53 520 1024 2959 2960 2961
930 9 2 6 1 755 757 760 2962 2963 2096
931 9 2 6 1 109 509 1034 2909 2014 2964
932 9 2 6 1 1219 1043 1229 2965 2879 2966
933 9 2 6 1 612 594 1087 2967 2968 2969
934 9 2 6 1 899 900 901 2970 2971 2326
935 9 2 6 1 79 518 1414 2613 2972 2794
936 9 2 6 1 1066 525 1197 2973 2974 2975
937 9 2 6 1 1034 848 1335 1813 2976 2977
938 9 2 6 1 780 781 782 2978 2979 2072
939 9 2 6 1 510 1024 1107 2558 2850 2980
940 9 2 6 1 716 1246 1466 2981 2982 2983
941 9 2 6 1 918 938 1373 2013 2984 2985
942 9 2 6 1 1137 478 1228 2986 2987 2988
943 9 2 6 1 880 908 909 2818 2534 2989
944 9 2 6 1 938 1152 1373 2587 2990 2984
945 9 2 6 1 1098 941 1266 2991 1931 2992
946 9 2 6 1 1165 475 1280 2993 2994 2995
947 9 2 6 1 846 1088 1265 2594 2996 2718
948 9 2 6 1 1060 1379 1396 2997 2998 2999
949 9 2 6 1 702 1138 1140 3000 3001 3002
950 9 2 6 1 660 637 726 1785 2596 3003
951 9 2 6 1 700 701 702 3004 3005 2266
952 9 2 6 1 995 875 1261 1587 2610 3006
953 9 2 6 1 698 1076 1173 2230 3007 3008
954 9 2 6 1 671 670 672 3009 1988 3010
955 9 2 6 1 531 69 1020 3011 3012 3013
956 9 2 6 1 532 11 1021 3014 3015 2215
957 9 2 6 1 700 978 1052 2268 2150 2375
958 9 2 6 1 998 1092 1266 1805 3016 1930
959 9 2 6 1 519 112 1049 3017 3018 2934
960 9 2 6 1 520 54 1050 3019 3020 2508
961 9 2 6 1 760 761 762 3021 3022 2047
962 9 2 6 1 610 605 1353 1995 3023 3024
963 9 2 6 1 975 976 1395 2385 2644 3025
964 9 2 6 1 1240 1069 1405 2124 3026 3027
965 9 2 6 1 1092 959 1266 3028 3029 3016
966 9 2 6 1 901 902 903 3030 3031 2548
967 9 2 6 1 970 971 1494 1641 2422 2932
968 9 2 6 1 890 653 1486 1791 2716 2515
969 9 2 6 1 478 1137 1223 2986 3032 3033
970 9 2 6 1 1157 891 1446 2120 2323 3034
971 9 2 6 1 542 544 1497 1835 3035 1880
972 9 2 6 1 69 70 1020 89 2455 3012
973 9 2 6 1 11 12 1021 31 2458 3015
974 9 2 6 1 134 698 1173 3036 3008 2311
975 9 2 6 1 1070 1170 1236 3037 1621 3038
976 9 2 6 1 1012 980 1461 1869 3039 3040
977 9 2 6 1 630 617 711 2002 2246 2899
978 9 2 6 1 693 1037 1389 3041 3042 2648
979 9 2 6 1 51 510 1241 2908 2858 3043
980 9 2 6 1 1024 520 1046 2960 3044 2849
981 9 2 6 1 1021 512 1204 2457 3045 3046
982 9 2 6 1 740 739 741 2429 3047 2645
983 9 2 6 1 980 1025 1461 2782 3048 3039
984 9 2 6 1 1331 1129 1387 3049 3050 3051
985 9 2 6 1 1156 876 1471 2146 3052 3053
986 9 2 6 1 599 597 600 3054 2412 3055
987 9 2 6 1 1006 512 1481 2568 2654 3056
988 9 2 6 1 1349 546 1475 2929 2503 2686
989 9 2 6 1 529 1211 1212 2226 3057 3058
990 9 2 6 1 1248 971 1381 2424 3059 3060
991 9 2 6 1 593 590 595 3061 2241 3062
992 9 2 6 1 895 21 1455 2942 3063 3064
993 9 2 6 1 784 1253 1329 2482 1755 3065
994 9 2 6 1 850 1006 1481 3066 3056 2772
995 9 2 6 1 933 790 1057 2941 2872 2785
996 9 2 6 1 642 624 643 1896 3067 2713
997 9 2 6 1 689 690 691 3068 3069 2511
998 9 2 6 1 1060 1103 1379 3070 3071 2997
999 9 2 6 1 13 14 979 33 2651 2731
1000 9 2 6 1 110 111 1022 120 2958 2555
1001 9 2 6 1 52 53 1024 62 2961 2557
1002 9 2 6 1 651 688 689 3072 3073 2639
1003 9 2 6 1 1132 987 1133 2917 2834 3074
1004 9 2 6 1 1079 530 1473 2089 3075 3076
1005 9 2 6 1 499 1096 1373 3077 3078 3079
1006 9 2 6 1 762 766 767 3080 3081 3082
1007 9 2 6 1 702 1140 1417 3002 3083 3084
1008 9 2 6 1 500 1090 1423 1908 3085 3086
1009 9 2 6 1 770 981 1109 2567 2368 3087
1010 9 2 6 1 539 1105 1500 3088 3089 3090
1011 9 2 6 1 1352 754 1380 3091 2561 2576
1012 9 2 6 1 767 775 776 3092 3093 2112
1013 9 2 6 1 852 851 1108 2703 3094 2331
1014 9 2 6 1 111 112 519 121 3017 2957
1015 9 2 6 1 53 54 520 63 3019 2959
1016 9 2 6 1 1006 806 1073 3095 2387 3096
1017 9 2 6 1 989 921 1400 2087 2780 3097
1018 9 2 6 1 655 630 1035 1916 2901 3098
1019 9 2 6 1 949 962 1485 2054 2630 2673
1020 9 2 6 1 576 574 1397 2706 3099 3100
1021 9 2 6 1 1112 526 1410 3101 3102 3103
1022 9 2 6 1 932 773 1259 2366 3104 3105
1023 9 2 6 1 978 702 1417 2267 3084 3106
1024 9 2 6 1 647 699 1493 1986 3107 3108
1025 9 2 6 1 1023 1022 1053 2506 2844 3109
1026 9 2 6 1 583 582 584 3110 2582 3111
1027 9 2 6 1 661 659 662 3112 1800 3113
1028 9 2 6 1 945 770 1085 2655 3114 2338
1029 9 2 6 1 1278 704 1351 2416 3115 3116
1030 9 2 6 1 658 657 659 3117 1877 3118
1031 9 2 6 1 660 726 1476 3003 3119 3120
1032 9 2 6 1 645 728 729 1766 2495 3121
1033 9 2 6 1 785 799 804 1901 2588 3122
1034 9 2 6 1 886 1241 1457 3123 2860 3124
1035 9 2 6 1 1076 697 1174 3125 3126 3127
1036 9 2 6 1 863 874 1366 2181 3128 1702
1037 9 2 6 1 21 517 1455 2614 3129 3063
1038 9 2 6 1 845 1014 1088 2441 2435 2593
1039 9 2 6 1 773 762 1424 2048 3130 3131
1040 9 2 6 1 1037 693 1293 3041 3132 3133
1041 9 2 6 1 1054 915 1055 3134 2861 3135
1042 9 2 6 1 1105 539 1110 3088 3136 2437
1043 9 2 6 1 1106 485 1201 2541 3137 2082
1044 9 2 6 1 765 1027 1114 3138 3139 3140
1045 9 2 6 1 742 741 743 2646 3141 1699
1046 9 2 6 1 1164 491 1467 3142 3143 3144
1047 9 2 6 1 807 802 808 3145 2678 3146
1048 9 2 6 1 910 647 1493 1939 3108 3147
1049 9 2 6 1 82 83 994 102 2771 2845
1050 9 2 6 1 1028 1089 1090 3148 3149 1907
1051 9 2 6 1 113 540 1049 3150 3151 3152
1052 9 2 6 1 55 539 1050 3153 3154 3155
1053 9 2 6 1 137 486 1207 3156 2661 2405
1054 9 2 6 1 1030 515 1354 3157 3158 2573
1055 9 2 6 1 938 939 1482 2922 3159 3160
1056 9 2 6 1 801 794 802 3161 2618 3162
1057 9 2 6 1 1025 1026 1081 2822 2724 2342
1058 9 2 6 1 112 113 1049 122 3152 3018
1059 9 2 6 1 54 55 1050 64 3155 3020
1060 9 2 6 1 573 574 575 2682 2705 3163
1061 9 2 6 1 636 919 1029 1990 3164 2253
1062 9 2 6 1 515 73 1094 2617 2833 3165
1063 9 2 6 1 479 1091 1357 2303 3166 3167
1064 9 2 6 1 108 109 1034 118 2964 2867
1065 9 2 6 1 939 1328 1482 1971 3168 3159
1066 9 2 6 1 1274 480 1434 3169 3170 2433
1067 9 2 6 1 569 570 571 2803 2658 3171
1068 9 2 6 1 746 745 747 2889 3172 2919
1069 9 2 6 1 1050 539 1500 3154 3090 2895
1070 9 2 6 1 1237 496 1244 2668 3173 3174
1071 9 2 6 1 571 572 573 2659 2681 3175
1072 9 2 6 1 742 1068 1251 1685 3176 1852
1073 9 2 6 1 974 1038 1083 2821 1718 2470
1074 9 2 6 1 1143 992 1144 2737 2031 3177
1075 9 2 6 1 1204 512 1495 3045 2570 3178
1076 9 2 6 1 521 1058 1059 3179 3180 2277
1077 9 2 6 1 83 84 521 103 3181 2770
1078 9 2 6 1 25 26 522 45 3182 1760
1079 9 2 6 1 49 50 538 59 3183 3184
1080 9 2 6 1 107 108 537 117 2866 3185
1081 9 2 6 1 985 984 1426 2578 3186 3187
1082 9 2 6 1 68 69 531 88 3011 3188
1083 9 2 6 1 10 11 532 30 3014 3189
1084 9 2 6 1 1083 1084 1477 1522 3190 2893
1085 9 2 6 1 883 1133 1362 1601 2836 2607
1086 9 2 6 1 521 84 1058 3181 3191 3179
1087 9 2 6 1 522 26 1060 3182 3192 3193
1088 9 2 6 1 969 968 1115 2292 3194 3195
1089 9 2 6 1 622 612 1087 3196 2969 2787
1090 9 2 6 1 853 852 854 3197 2315 3198
1091 9 2 6 1 475 1151 1280 2691 1891 2994
1092 9 2 6 1 574 1029 1397 2254 3199 3099
1093 9 2 6 1 924 1157 1446 2498 3034 3200
1094 9 2 6 1 1027 787 1308 1965 3201 3202
1095 9 2 6 1 537 1034 1335 2868 2977 3203
1096 9 2 6 1 1179 1077 1392 2361 3204 3205
1097 9 2 6 1 835 834 1450 2823 3206 2647
1098 9 2 6 1 575 576 577 2707 2804 3207
1099 9 2 6 1 710 1277 1351 3208 3209 2358
1100 9 2 6 1 859 858 860 3210 2166 3211
1101 9 2 6 1 782 783 784 3212 2480 2313
1102 9 2 6 1 1211 1033 1255 2225 3213 3214
1103 9 2 6 1 678 1061 1326 2828 1954 3215
1104 9 2 6 1 748 749 750 3216 3217 2809
1105 9 2 6 1 1025 591 1461 2341 3218 3048
1106 9 2 6 1 804 805 814 2589 2637 3219
1107 9 2 6 1 55 56 539 65 3220 3153
1108 9 2 6 1 113 114 540 123 3221 3150
1109 9 2 6 1 1326 882 1383 2427 3222 3223
1110 9 2 6 1 84 85 1058 104 3224 3191
1111 9 2 6 1 26 27 1060 46 3225 3192
1112 9 2 6 1 526 1112 1194 3101 3226 3227
1113 9 2 6 1 857 856 858 3228 2483 3229
1114 9 2 6 1 1170 1070 1237 3037 3230 3231
1115 9 2 6 1 663 662 664 3232 2739 3233
1116 9 2 6 1 862 860 863 3234 2180 3235
1117 9 2 6 1 1059 1058 1489 3180 3236 3237
1118 9 2 6 1 987 888 1362 1524 1623 2835
1119 9 2 6 1 729 730 731 2496 2688 3238
1120 9 2 6 1 765 796 1027 3239 3240 3138
1121 9 2 6 1 855 854 856 3241 2104 3242
1122 9 2 6 1 1237 1244 1447 3174 3243 3244
1123 9 2 6 1 877 1040 1353 2730 2276 3245
1124 9 2 6 1 925 927 1386 3246 2026 2223
1125 9 2 6 1 615 609 616 3247 2346 3248
1126 9 2 6 1 986 1347 1378 3249 2720 3250
1127 9 2 6 1 634 649 667 2227 2837 3251
1128 9 2 6 1 545 547 1320 2728 3252 3253
1129 9 2 6 1 1124 1278 1279 2417 3254 2756
1130 9 2 6 1 879 684 880 3255 2817 3256
1131 9 2 6 1 1056 533 1364 2080 1720 2524
1132 9 2 6 1 840 839 841 3257 2392 3258
1133 9 2 6 1 683 640 684 3259 2754 3260
1134 9 2 6 1 491 1108 1467 3261 3262 3143
1135 9 2 6 1 986 771 1347 3263 3264 3249
1136 9 2 6 1 1000 959 1091 1973 3265 3266
1137 9 2 6 1 768 759 790 3267 2871 3268
1138 9 2 6 1 1174 486 1346 2353 3269 3270
1139 9 2 6 1 828 824 829 3271 1816 3272
1140 9 2 6 1 535 1168 1169 3273 3274 1759
1141 9 2 6 1 1036 660 1476 2355 3120 3275
1142 9 2 6 1 822 1018 1469 2797 3276 3277
1143 9 2 6 1 655 891 1486 2321 2257 2715
1144 9 2 6 1 1027 796 1073 3240 3278 2386
1145 9 2 6 1 920 989 1444 2088 3279 3280
1146 9 2 6 1 1255 952 1463 3281 3282 3283
1147 9 2 6 1 725 125 1082 3284 2469 3285
1148 9 2 6 1 598 1026 1389 2055 2649 3286
1149 9 2 6 1 719 1124 1372 2165 2758 3287
1150 9 2 6 1 585 584 586 3288 1975 3289
1151 9 2 6 1 645 729 1250 3121 3290 3291
1152 9 2 6 1 836 835 837 3292 2475 3293
1153 9 2 6 1 534 963 1099 3294 2540 1992
1154 9 2 6 1 1008 1007 1303 2946 3295 3296
1155 9 2 6 1 814 815 816 2638 2742 3297
1156 9 2 6 1 946 772 1317 2717 3298 2094
1157 9 2 6 1 966 965 1485 2027 2674 2629
1158 9 2 6 1 1007 1015 1501 2883 2399 3299
1159 9 2 6 1 752 755 1422 3300 2349 3301
1160 9 2 6 1 538 50 1241 3183 3302 3303
1161 9 2 6 1 1033 952 1255 2109 3281 3213
1162 9 2 6 1 1246 548 1466 3304 2069 2982
1163 9 2 6 1 494 1219 1229 2762 2966 3305
1164 9 2 6 1 930 1089 1322 3306 3307 3308
1165 9 2 6 1 1273 554 1332 3309 3310 3311
1166 9 2 6 1 602 600 603 3312 2402 3313
1167 9 2 6 1 910 992 1331 3314 2738 3315
1168 9 2 6 1 514 994 1439 2846 2945 3316
1169 9 2 6 1 950 948 951 1909 3317 2774
1170 9 2 6 1 864 863 865 3318 1893 3319
1171 9 2 6 1 1028 871 1089 2604 3320 3148
1172 9 2 6 1 979 516 1302 2650 3321 2766
1173 9 2 6 1 593 595 596 3062 2953 3322
1174 9 2 6 1 581 582 583 2939 3110 3323
1175 9 2 6 1 562 564 565 2581 2662 3324
1176 9 2 6 1 830 829 831 3325 2293 3326
1177 9 2 6 1 763 1088 1101 3327 2436 3328
1178 9 2 6 1 106 107 1102 116 3329 3330
1179 9 2 6 1 48 49 1103 58 3331 3332
1180 9 2 6 1 525 1066 1404 2973 3333 3334
1181 9 2 6 1 1208 527 1355 3335 2036 3336
1182 9 2 6 1 1298 892 1364 3337 2525 3338
1183 9 2 6 1 894 652 1286 3339 3340 3341
1184 9 2 6 1 67 68 1110 87 3342 3343
1185 9 2 6 1 9 10 1111 29 3344 3345
1186 9 2 6 1 762 767 1288 3082 2937 3346
1187 9 2 6 1 689 688 690 3073 3347 3068
1188 9 2 6 1 801 802 807 3162 3145 3348
1189 9 2 6 1 1162 507 1231 3349 2870 3350
1190 9 2 6 1 896 1360 1370 3351 3352 3353
1191 9 2 6 1 1107 885 1457 1550 3354 3355
1192 9 2 6 1 832 831 833 3356 2520 3357
1193 9 2 6 1 619 618 620 3358 3359 3360
1194 9 2 6 1 910 1331 1387 3315 3051 2606
1195 9 2 6 1 760 757 761 2963 3361 3021
1196 9 2 6 1 1159 922 1454 2721 1682 3362
1197 9 2 6 1 1174 697 1175 3126 2249 3363
1198 9 2 6 1 783 788 1253 3364 3365 2481
1199 9 2 6 1 1023 1053 1097 3109 2626 1776
1200 9 2 6 1 1270 15 1369 2664 3366 3367
1201 9 2 6 1 912 865 913 3368 2141 3369
1202 9 2 6 1 691 690 1067 3069 3370 3371
1203 9 2 6 1 1206 881 1379 3372 3373 2948
1204 9 2 6 1 1096 499 1148 3077 3374 3375
1205 9 2 6 1 716 1244 1246 3376 3377 2981
1206 9 2 6 1 587 586 588 3378 2624 3379
1207 9 2 6 1 1016 903 1350 2549 3380 3381
1208 9 2 6 1 558 559 560 2698 2671 3382
1209 9 2 6 1 921 733 1032 2221 2552 3383
1210 9 2 6 1 560 561 562 2672 2580 3384
1211 9 2 6 1 1171 870 1361 3385 3386 1707
1212 9 2 6 1 700 648 701 2369 3387 3004
1213 9 2 6 1 1068 832 1391 1624 3388 3389
1214 9 2 6 1 625 620 626 3390 2126 3391
1215 9 2 6 1 1062 915 1063 2862 1845 1563
1216 9 2 6 1 547 1045 1320 3392 3393 3252
1217 9 2 6 1 771 986 1413 3263 3394 2218
1218 9 2 6 1 624 610 1041 1902 3395 3396
1219 9 2 6 1 1209 1355 1366 3397 3398 3399
1220 9 2 6 1 1140 467 1417 2902 3400 3083
1221 9 2 6 1 791 790 792 3401 2940 3402
1222 9 2 6 1 596 597 599 2954 3054 3403
1223 9 2 6 1 667 668 669 2838 2906 3404
1224 9 2 6 1 1188 921 1401 2778 3405 3406
1225 9 2 6 1 922 1160 1333 2723 3407 2345
1226 9 2 6 1 748 747 749 2920 3408 3216
1227 9 2 6 1 1085 770 1445 3114 3409 3410
1228 9 2 6 1 107 537 1102 3185 3411 3329
1229 9 2 6 1 49 538 1103 3184 3412 3331
1230 9 2 6 1 1029 701 1093 3413 3414 3415
1231 9 2 6 1 899 810 900 2289 3416 2970
1232 9 2 6 1 1149 1150 1151 3417 3418 3419
1233 9 2 6 1 1321 779 1433 2583 2875 3420
1234 9 2 6 1 998 1078 1434 1958 3421 1817
1235 9 2 6 1 780 778 781 2332 3422 2978
1236 9 2 6 1 613 631 632 3423 3424 2504
1237 9 2 6 1 546 716 1466 2928 2983 2187
1238 9 2 6 1 1016 1165 1280 3425 2995 3426
1239 9 2 6 1 788 843 844 3427 3428 3429
1240 9 2 6 1 862 864 1324 3430 3431 3432
1241 9 2 6 1 1058 1102 1489 3433 3434 3236
1242 9 2 6 1 1194 1112 1199 3226 3435 3436
1243 9 2 6 1 715 1348 1349 3437 3438 2685
1244 9 2 6 1 24 25 1340 44 1761 3439
1245 9 2 6 1 515 1030 1462 3157 3440 1573
1246 9 2 6 1 604 1084 1443 3441 2812 3442
1247 9 2 6 1 68 531 1110 3188 2438 3342
1248 9 2 6 1 10 532 1111 3189 3443 3344
1249 9 2 6 1 1083 628 1299 2892 3444 2471
1250 9 2 6 1 1077 506 1350 2360 3445 3446
1251 9 2 6 1 940 941 963 2667 3447 3448
1252 9 2 6 1 683 684 879 3260 3255 3449
1253 9 2 6 1 1117 996 1135 1545 3450 3451
1254 9 2 6 1 1299 943 1452 2851 3452 2571
1255 9 2 6 1 554 550 1332 3453 3454 3310
1256 9 2 6 1 707 904 1289 3455 2204 3456
1257 9 2 6 1 750 751 752 3457 3458 2726
1258 9 2 6 1 956 955 957 2865 3459 2544
1259 9 2 6 1 952 951 953 2775 3460 3461
1260 9 2 6 1 768 790 791 3268 3401 3462
1261 9 2 6 1 890 1163 1231 2514 3463 3464
1262 9 2 6 1 531 1020 1358 3013 3465 2562
1263 9 2 6 1 734 813 1325 1900 3466 1915
1264 9 2 6 1 713 1066 1198 2325 3467 3468
1265 9 2 6 1 1246 551 1330 1591 3469 3470
1266 9 2 6 1 1300 540 1451 3471 3472 3473
1267 9 2 6 1 1129 1128 1387 3474 3475 3050
1268 9 2 6 1 466 1145 1331 3476 3477 2133
1269 9 2 6 1 807 808 878 3146 3478 3479
1270 9 2 6 1 669 670 671 2907 3009 3480
1271 9 2 6 1 717 1079 1080 2609 3481 3482
1272 9 2 6 1 873 1049 1300 2733 3483 3484
1273 9 2 6 1 1230 795 1301 3485 3486 3487
1274 9 2 6 1 1003 522 1441 1666 3488 3489
1275 9 2 6 1 680 664 681 3490 1910 3491
1276 9 2 6 1 1138 1139 1140 3492 2050 3001
1277 9 2 6 1 540 1111 1451 3493 3494 3472
1278 9 2 6 1 639 682 885 3495 3496 3497
1279 9 2 6 1 691 1067 1428 3371 1637 3498
1280 9 2 6 1 789 1072 1458 2265 3499 3500
1281 9 2 6 1 632 650 651 3501 3502 2063
1282 9 2 6 1 879 880 1003 3256 3503 3504
1283 9 2 6 1 1093 576 1397 2599 3100 3505
1284 9 2 6 1 809 930 1322 1947 3308 2675
1285 9 2 6 1 1080 1079 1473 3481 3076 3506
1286 9 2 6 1 729 990 1250 3507 3508 3290
1287 9 2 6 1 1092 1276 1357 1807 2131 3509
1288 9 2 6 1 583 584 585 3111 3288 3510
1289 9 2 6 1 1045 76 1320 1714 3511 3393
1290 9 2 6 1 984 1120 1126 3512 3513 3514
1291 9 2 6 1 723 720 1390 3515 3516 3517
1292 9 2 6 1 590 588 1431 3518 3519 2564
1293 9 2 6 1 1150 899 1151 2553 2327 3418
1294 9 2 6 1 743 744 745 3520 3521 2888
1295 9 2 6 1 901 900 902 2971 3522 3030
1296 9 2 6 1 816 817 827 2743 3523 3524
1297 9 2 6 1 811 1059 1252 2750 3525 3526
1298 9 2 6 1 1023 847 1382 1775 3527 3528
1299 9 2 6 1 1204 812 1205 3529 3530 3531
1300 9 2 6 1 793 800 847 3532 3533 3534
1301 9 2 6 1 788 844 1253 3429 2657 3365
1302 9 2 6 1 1011 1087 1095 2788 3535 2759
1303 9 2 6 1 627 942 943 3536 3537 3538
1304 9 2 6 1 1138 920 1139 2752 3539 3492
1305 9 2 6 1 621 612 622 3540 3196 3541
1306 9 2 6 1 1087 594 1123 2968 3542 3543
1307 9 2 6 1 671 672 675 3010 3544 3545
1308 9 2 6 1 882 643 1254 2714 3546 3547
1309 9 2 6 1 1021 1204 1205 3046 3531 2216
1310 9 2 6 1 903 902 1072 3031 3548 3549
1311 9 2 6 1 750 749 751 3217 3550 3457
1312 9 2 6 1 1209 1208 1355 3551 3336 3397
1313 9 2 6 1 869 868 872 3552 3553 3554
1314 9 2 6 1 785 804 1287 3122 3555 3556
1315 9 2 6 1 796 812 1073 3557 3558 3278
1316 9 2 6 1 1108 491 1454 3261 3559 1681
1317 9 2 6 1 585 1081 1432 1656 2725 3560
1318 9 2 6 1 1095 1087 1123 3535 3543 3561
1319 9 2 6 1 714 1035 1491 3562 3563 3564
1320 9 2 6 1 651 687 688 3565 3566 3072
1321 9 2 6 1 17 18 1306 37 2784 2890
1322 9 2 6 1 995 1261 1384 3006 3567 3568
1323 9 2 6 1 585 586 587 3289 3378 1654
1324 9 2 6 1 1080 1174 1175 2354 3363 3569
1325 9 2 6 1 797 769 868 3570 3571 3572
1326 9 2 6 1 928 926 1037 3573 3574 3575
1327 9 2 6 1 762 761 766 3022 3576 3080
1328 9 2 6 1 1379 538 1464 3577 3578 2949
1329 9 2 6 1 589 588 590 3579 3518 3580
1330 9 2 6 1 793 792 794 3581 2156 3582
1331 9 2 6 1 869 873 991 3583 3584 3585
1332 9 2 6 1 620 618 1499 3359 3586 2825
1333 9 2 6 1 1017 850 1302 2591 2767 3587
1334 9 2 6 1 1057 753 1352 2100 3588 2786
1335 9 2 6 1 991 1205 1438 1604 3589 3590
1336 9 2 6 1 767 766 775 3081 3591 3092
1337 9 2 6 1 701 1029 1408 3413 3592 3593
1338 9 2 6 1 4 106 1406 115 3594 3595
1339 9 2 6 1 2 48 1407 57 3596 3597
1340 9 2 6 1 27 2 1407 47 3597 3598
1341 9 2 6 1 85 4 1406 105 3595 3599
1342 9 2 6 1 1114 1027 1308 3139 3202 3600
1343 9 2 6 1 1147 1315 1359 2431 3601 3602
1344 9 2 6 1 587 588 589 3379 3579 3603
1345 9 2 6 1 632 631 650 3424 3604 3501
1346 9 2 6 1 826 986 1378 3605 3250 2343
1347 9 2 6 1 841 852 853 2704 3197 3606
1348 9 2 6 1 1088 763 1265 3327 3607 2996
1349 9 2 6 1 868 1230 1301 3608 3487 3609
1350 9 2 6 1 1163 1162 1231 3610 3350 3463
1351 9 2 6 1 1019 977 1480 2446 2677 3611
1352 9 2 6 1 758 756 759 3612 2198 3613
1353 9 2 6 1 1097 795 1249 3614 3615 1687
1354 9 2 6 1 114 1 1415 124 3616 3617
1355 9 2 6 1 1 9 1415 28 3618 3616
1356 9 2 6 1 3 67 1416 86 3619 3620
1357 9 2 6 1 56 3 1416 66 3620 3621
1358 9 2 6 1 688 687 705 3566 3622 3623
1359 9 2 6 1 800 794 801 3624 3161 3625
1360 9 2 6 1 791 792 793 3402 3581 3626
1361 9 2 6 1 1242 724 1364 3627 3628 1719
1362 9 2 6 1 580 579 581 3629 2938 3630
1363 9 2 6 1 837 839 840 2773 3257 3631
1364 9 2 6 1 764 759 768 3632 3267 3633
1365 9 2 6 1 650 631 694 3604 3634 1558
1366 9 2 6 1 758 764 765 3635 3636 3637
1367 9 2 6 1 1188 1401 1410 3406 3638 3639
1368 9 2 6 1 869 872 873 3554 3640 3583
1369 9 2 6 1 1078 997 1307 1957 3641 3642
1370 9 2 6 1 606 609 615 2684 3247 3643
1371 9 2 6 1 897 1112 1410 2857 3103 3644
1372 9 2 6 1 770 1109 1445 3087 3645 3409
1373 9 2 6 1 599 600 602 3055 3312 3646
1374 9 2 6 1 639 622 640 3647 2490 3648
1375 9 2 6 1 578 577 579 3649 3650 3651
1376 9 2 6 1 682 640 683 3652 3259 3653
1377 9 2 6 1 796 797 812 3654 3655 3557
1378 9 2 6 1 885 682 886 3496 3656 3657
1379 9 2 6 1 765 769 796 3658 3659 3239
1380 9 2 6 1 893 652 894 3660 3339 3661
1381 9 2 6 1 801 807 811 3348 3662 3663
1382 9 2 6 1 964 1033 1343 2110 1858 3664
1383 9 2 6 1 1029 919 1408 3164 3665 3592
1384 9 2 6 1 797 868 869 3572 3552 3666
1385 9 2 6 1 966 1190 1392 1618 3667 3668
1386 9 2 6 1 696 1008 1036 2947 1941 3669
1387 9 2 6 1 833 835 836 2824 3292 3670
1388 9 2 6 1 1053 519 1409 2843 2935 3671
1389 9 2 6 1 683 879 881 3449 3672 3673
1390 9 2 6 1 638 657 658 2207 3117 3674
1391 9 2 6 1 768 791 795 3462 3675 3676
1392 9 2 6 1 971 1004 1381 1649 2308 3059
1393 9 2 6 1 1234 906 1388 2449 2237 2161
1394 9 2 6 1 613 612 621 3677 3540 3678
1395 9 2 6 1 165 164 481 207 3679 2921
1396 9 2 6 1 335 334 489 377 3680 2537
1397 9 2 6 1 212 211 465 254 3681 3682
1398 9 2 6 1 382 381 473 424 3683 3684
1399 9 2 6 1 651 650 687 3502 1505 3565
1400 9 2 6 1 847 800 848 3533 3685 3686
1401 9 2 6 1 1149 1151 1167 3419 2693 3687
1402 9 2 6 1 613 621 631 3678 3688 3423
1403 9 2 6 1 1091 1092 1357 3689 3509 3166
1404 9 2 6 1 1003 1319 1340 3690 3691 1667
1405 9 2 6 1 611 612 613 3692 3677 2260
1406 9 2 6 1 972 514 1439 2335 3316 3693
1407 9 2 6 1 1338 1209 1366 3694 3399 3695
1408 9 2 6 1 1066 1197 1198 2975 3696 3467
1409 9 2 6 1 1035 711 1491 2900 3697 3563
1410 9 2 6 1 592 594 611 3698 3699 3700
1411 9 2 6 1 592 590 593 3701 3061 3702
1412 9 2 6 1 1048 715 1377 2601 3703 3704
1413 9 2 6 1 1086 964 1343 2409 3664 2701
1414 9 2 6 1 997 1291 1307 3705 3706 3641
1415 9 2 6 1 842 786 967 3707 3708 3709
1416 9 2 6 1 793 794 800 3582 3624 3532
1417 9 2 6 1 962 1186 1411 2020 3710 2231
1418 9 2 6 1 334 333 1120 376 3711 3712
1419 9 2 6 1 1135 996 1334 3450 2489 3713
1420 9 2 6 1 1047 895 1339 2444 3714 2695
1421 9 2 6 1 1160 502 1333 3715 1665 3407
1422 9 2 6 1 333 332 1126 375 3716 3717
1423 9 2 6 1 1046 520 1282 3044 2510 2815
1424 9 2 6 1 1245 296 1398 1669 3718 2248
1425 9 2 6 1 639 640 682 3648 3652 3495
1426 9 2 6 1 213 212 1116 255 3719 3720
1427 9 2 6 1 214 213 1131 256 3721 3722
1428 9 2 6 1 1037 926 1290 3574 3723 3724
1429 9 2 6 1 215 214 501 257 3725 3726
1430 9 2 6 1 162 161 497 204 3727 3728
1431 9 2 6 1 385 384 500 427 3729 3730
1432 9 2 6 1 332 331 498 374 3731 3732
1433 9 2 6 1 752 753 755 3733 3734 3300
1434 9 2 6 1 621 622 639 3541 3647 3735
1435 9 2 6 1 1199 1112 1385 3435 3736 3737
1436 9 2 6 1 755 756 757 3738 3739 2962
1437 9 2 6 1 331 330 1134 373 3740 3741
1438 9 2 6 1 216 215 1127 258 3742 3743
1439 9 2 6 1 384 383 1135 426 3744 3745
1440 9 2 6 1 219 218 1143 261 3746 3747
1441 9 2 6 1 850 806 1006 3748 3095 3066
1442 9 2 6 1 666 714 1491 2611 3564 3749
1443 9 2 6 1 211 210 1121 253 3750 3751
1444 9 2 6 1 328 327 1141 370 3752 3753
1445 9 2 6 1 690 688 1104 3347 3754 3755
1446 9 2 6 1 325 324 1148 367 3756 3757
1447 9 2 6 1 568 567 569 3758 2801 3759
1448 9 2 6 1 164 163 1119 206 3760 3761
1449 9 2 6 1 634 667 1294 3251 3762 3763
1450 9 2 6 1 1252 537 1335 3764 3203 3765
1451 9 2 6 1 161 160 1132 203 3766 3767
1452 9 2 6 1 579 577 1498 3650 3768 2886
1453 9 2 6 1 828 829 830 3272 3325 3769
1454 9 2 6 1 222 221 1153 264 3770 3771
1455 9 2 6 1 330 329 1146 372 3772 3773
1456 9 2 6 1 217 216 1145 259 3774 3775
1457 9 2 6 1 383 382 1117 425 3776 3777
1458 9 2 6 1 1163 891 1375 2255 2121 3778
1459 9 2 6 1 1089 930 1344 3306 3779 3780
1460 9 2 6 1 1084 604 1477 3441 3781 3190
1461 9 2 6 1 160 159 1136 202 3782 3783
1462 9 2 6 1 327 326 1152 369 3784 3785
1463 9 2 6 1 752 751 753 3458 3786 3733
1464 9 2 6 1 858 975 1394 2484 3787 2167
1465 9 2 6 1 913 915 1054 2423 3134 3788
1466 9 2 6 1 782 781 783 2979 3789 3212
1467 9 2 6 1 627 943 1316 3538 1612 3790
1468 9 2 6 1 796 769 797 3659 3570 3654
1469 9 2 6 1 324 323 1164 366 3791 3792
1470 9 2 6 1 223 222 1154 265 3793 3794
1471 9 2 6 1 159 158 482 201 3795 3796
1472 9 2 6 1 388 387 474 430 3797 3798
1473 9 2 6 1 218 217 466 260 3799 3800
1474 9 2 6 1 329 328 490 371 3801 3802
1475 9 2 6 1 322 321 1159 364 3803 3804
1476 9 2 6 1 743 741 744 3141 3805 3520
1477 9 2 6 1 963 941 1098 3447 2991 2539
1478 9 2 6 1 391 390 504 433 3806 3807
1479 9 2 6 1 326 325 499 368 3808 3809
1480 9 2 6 1 221 220 505 263 3810 3811
1481 9 2 6 1 156 155 503 198 3812 3813
1482 9 2 6 1 50 51 1241 60 3043 3302
1483 9 2 6 1 155 154 1155 197 3814 3815
1484 9 2 6 1 509 1023 1382 2507 3528 2015
1485 9 2 6 1 765 764 769 3636 3816 3658
1486 9 2 6 1 1104 705 1105 3817 3818 1833
1487 9 2 6 1 154 153 1158 196 3819 3820
1488 9 2 6 1 152 151 1161 194 3821 3822
1489 9 2 6 1 323 322 491 365 3823 3824
1490 9 2 6 1 394 393 475 436 3825 3826
1491 9 2 6 1 224 223 467 266 3827 3828
1492 9 2 6 1 153 152 483 195 3829 3830
1493 9 2 6 1 758 759 764 3613 3632 3635
1494 9 2 6 1 853 854 855 3198 3241 3831
1495 9 2 6 1 381 380 1118 423 3832 3833
1496 9 2 6 1 1074 703 1075 1712 3834 1895
1497 9 2 6 1 225 224 1166 267 3835 3836
1498 9 2 6 1 611 594 612 3699 2967 3692
1499 9 2 6 1 1128 911 1387 2546 2306 3475
1500 9 2 6 1 1173 1174 1346 3837 3270 3838
1501 9 2 6 1 1003 880 1319 3503 3839 3690
1502 9 2 6 1 389 388 1142 431 3840 3841
1503 9 2 6 1 393 392 1167 435 3842 3843
1504 9 2 6 1 513 24 1340 2799 3439 3844
1505 9 2 6 1 830 831 832 3326 3356 3845
1506 9 2 6 1 589 590 592 3580 3701 3846
1507 9 2 6 1 1148 1164 1467 3847 3144 3848
1508 9 2 6 1 857 858 859 3229 3210 3849
1509 9 2 6 1 735 718 1184 2744 3850 3851
1510 9 2 6 1 1237 1070 1243 3230 3852 2669
1511 9 2 6 1 508 1139 1444 2955 3853 3854
1512 9 2 6 1 392 391 1149 434 3855 3856
1513 9 2 6 1 688 705 1104 3623 3817 3754
1514 9 2 6 1 1109 828 1445 1639 3857 3645
1515 9 2 6 1 395 394 1165 437 3858 3859
1516 9 2 6 1 836 837 1064 3293 3860 3861
1517 9 2 6 1 803 806 850 3862 3748 2590
1518 9 2 6 1 855 856 857 3242 3228 3863
1519 9 2 6 1 321 320 1160 363 3864 3865
1520 9 2 6 1 1146 490 1328 3866 3867 3868
1521 9 2 6 1 662 704 1429 1528 3869 2740
1522 9 2 6 1 210 8 673 252 3870 3871
1523 9 2 6 1 751 749 754 3550 3872 3873
1524 9 2 6 1 151 150 1162 193 3874 3875
1525 9 2 6 1 226 225 1180 268 3876 3877
1526 9 2 6 1 1138 702 1408 3000 3878 3879
1527 9 2 6 1 319 318 1181 361 3880 3881
1528 9 2 6 1 592 593 594 3702 3882 3698
1529 9 2 6 1 387 386 1269 429 3883 3884
1530 9 2 6 1 747 745 1101 3172 3885 3886
1531 9 2 6 1 149 148 1182 191 3887 3888
1532 9 2 6 1 878 808 1304 3478 3889 3890
1533 9 2 6 1 1077 966 1392 3891 3668 3204
1534 9 2 6 1 648 633 1093 2376 2600 3892
1535 9 2 6 1 618 1125 1499 2898 3893 3586
1536 9 2 6 1 396 395 1176 438 3894 3895
1537 9 2 6 1 859 860 862 3211 3234 3896
1538 9 2 6 1 757 756 758 3739 3612 3897
1539 9 2 6 1 567 565 1250 3898 3899 3900
1540 9 2 6 1 1032 732 1376 2551 3901 3902
1541 9 2 6 1 1091 959 1092 3265 3028 3689
1542 9 2 6 1 1298 724 1309 3903 3904 3905
1543 9 2 6 1 803 787 806 3906 1964 3862
1544 9 2 6 1 837 840 1064 3631 3907 3860
1545 9 2 6 1 398 397 1179 440 3908 3909
1546 9 2 6 1 777 785 1287 1955 3556 2309
1547 9 2 6 1 1035 714 1435 3562 3910 3911
1548 9 2 6 1 1293 693 1428 3132 3912 3913
1549 9 2 6 1 228 227 1177 270 3914 3915
1550 9 2 6 1 227 226 508 269 3916 3917
1551 9 2 6 1 150 149 507 192 3918 3919
1552 9 2 6 1 397 396 506 439 3920 3921
1553 9 2 6 1 320 319 502 362 3922 3923
1554 9 2 6 1 1079 712 1106 2608 3924 2090
1555 9 2 6 1 616 618 619 2656 3358 3925
1556 9 2 6 1 739 737 774 2916 3926 3927
1557 9 2 6 1 639 885 1216 3497 1552 3928
1558 9 2 6 1 901 1016 1280 2550 3426 1890
1559 9 2 6 1 952 953 1463 3461 2466 3282
1560 9 2 6 1 318 317 1191 360 3929 3930
1561 9 2 6 1 148 147 1183 190 3931 3932
1562 9 2 6 1 709 1254 1312 2621 3933 2690
1563 9 2 6 1 587 589 591 3603 3934 1789
1564 9 2 6 1 593 596 1123 3322 3935 3936
1565 9 2 6 1 775 787 803 3937 3906 3938
1566 9 2 6 1 399 398 1189 441 3939 3940
1567 9 2 6 1 1283 1012 1461 2792 3040 3941
1568 9 2 6 1 229 228 1178 271 3942 3943
1569 9 2 6 1 876 1019 1471 2447 3944 3052
1570 9 2 6 1 314 313 1195 356 3945 3946
1571 9 2 6 1 655 1035 1435 3098 3911 2951
1572 9 2 6 1 1377 715 1475 3703 2687 3947
1573 9 2 6 1 936 904 1313 2372 3948 2813
1574 9 2 6 1 588 607 1431 2625 3949 3519
1575 9 2 6 1 380 6 818 422 3950 3951
1576 9 2 6 1 602 603 628 3313 3952 3953
1577 9 2 6 1 561 1005 1388 2194 2459 2487
1578 9 2 6 1 467 1154 1417 3954 3955 3400
1579 9 2 6 1 313 312 1203 355 3956 3957
1580 9 2 6 1 403 402 1193 445 3958 3959
1581 9 2 6 1 517 1339 1455 1933 3960 3129
1582 9 2 6 1 868 769 1230 3571 3961 3608
1583 9 2 6 1 795 1097 1301 3614 2628 3486
1584 9 2 6 1 144 143 1197 186 3962 3963
1585 9 2 6 1 230 229 468 272 3964 3965
1586 9 2 6 1 400 399 476 442 3966 3967
1587 9 2 6 1 147 146 484 189 3968 3969
1588 9 2 6 1 317 316 492 359 3970 3971
1589 9 2 6 1 566 565 567 3972 3898 3973
1590 9 2 6 1 804 866 1287 3974 3975 3555
1591 9 2 6 1 316 315 1192 358 3976 3977
1592 9 2 6 1 401 400 1185 443 3978 3979
1593 9 2 6 1 231 230 1187 273 3980 3981
1594 9 2 6 1 146 145 1196 188 3982 3983
1595 9 2 6 1 755 753 756 3734 2099 3738
1596 9 2 6 1 404 403 1202 446 3984 3985
1597 9 2 6 1 1096 918 1373 2807 2985 3078
1598 9 2 6 1 232 231 526 274 3986 3987
1599 9 2 6 1 402 401 524 444 3988 3989
1600 9 2 6 1 145 144 525 187 3990 3991
1601 9 2 6 1 315 314 523 357 3992 3993
1602 9 2 6 1 601 634 1294 2263 3763 3994
1603 9 2 6 1 233 232 1194 275 3995 3996
1604 9 2 6 1 234 233 1199 276 3997 3998
1605 9 2 6 1 142 141 485 184 3999 4000
1606 9 2 6 1 235 234 469 277 4001 4002
1607 9 2 6 1 405 404 477 447 4003 4004
1608 9 2 6 1 312 311 493 354 4005 4006
1609 9 2 6 1 745 744 763 3521 4007 4008
1610 9 2 6 1 921 1032 1401 3383 1723 3405
1611 9 2 6 1 1064 840 1065 3907 4009 4010
1612 9 2 6 1 793 847 1249 3534 1688 4011
1613 9 2 6 1 1435 924 1446 4012 3200 2952
1614 9 2 6 1 1277 1278 1351 4013 3116 3209
1615 9 2 6 1 862 863 864 3235 3318 3430
1616 9 2 6 1 1315 985 1359 2708 4014 3601
1617 9 2 6 1 758 765 1114 3637 3140 4015
1618 9 2 6 1 1223 1137 1224 3032 4016 4017
1619 9 2 6 1 761 757 1114 3361 4018 4019
1620 9 2 6 1 714 924 1435 2595 4012 3910
1621 9 2 6 1 623 666 1263 2530 4020 2904
1622 9 2 6 1 658 659 661 3118 3112 4021
1623 9 2 6 1 311 310 1208 353 4022 4023
1624 9 2 6 1 406 405 1210 448 4024 4025
1625 9 2 6 1 236 235 1200 278 4026 4027
1626 9 2 6 1 141 140 1201 183 4028 4029
1627 9 2 6 1 158 157 1296 200 4030 4031
1628 9 2 6 1 864 1113 1324 4032 4033 3431
1629 9 2 6 1 1055 1062 1069 2863 4034 4035
1630 9 2 6 1 581 583 598 3323 4036 4037
1631 9 2 6 1 578 579 580 3651 3629 4038
1632 9 2 6 1 1005 1374 1472 2356 4039 2460
1633 9 2 6 1 1244 496 1245 3173 2623 4040
1634 9 2 6 1 309 308 1215 351 4041 4042
1635 9 2 6 1 1154 978 1417 2913 3106 3955
1636 9 2 6 1 773 1295 1474 4043 4044 4045
1637 9 2 6 1 775 766 787 3591 4046 3937
1638 9 2 6 1 76 77 1320 96 2419 3511
1639 9 2 6 1 844 843 934 3428 4047 2635
1640 9 2 6 1 408 407 1212 450 4048 4049
1641 9 2 6 1 1290 598 1389 4050 3286 4051
1642 9 2 6 1 565 645 1250 2663 3291 3899
1643 9 2 6 1 1145 1129 1331 4052 3049 3477
1644 9 2 6 1 715 1054 1348 2603 4053 3437
1645 9 2 6 1 140 139 530 182 4054 4055
1646 9 2 6 1 237 236 528 279 4056 4057
1647 9 2 6 1 407 406 529 449 4058 4059
1648 9 2 6 1 310 309 527 352 4060 4061
1649 9 2 6 1 827 817 1171 3523 4062 4063
1650 9 2 6 1 575 577 578 3207 3649 4064
1651 9 2 6 1 304 303 916 346 4065 4066
1652 9 2 6 1 1018 1336 1469 4067 4068 3276
1653 9 2 6 1 571 573 614 3175 4069 4070
1654 9 2 6 1 628 603 1172 3952 4071 4072
1655 9 2 6 1 894 1286 1386 3341 4073 1822
1656 9 2 6 1 305 304 1217 347 4074 4075
1657 9 2 6 1 599 602 604 3646 4076 4077
1658 9 2 6 1 1127 1128 1129 4078 3474 4079
1659 9 2 6 1 1227 1211 1228 4080 4081 4082
1660 9 2 6 1 864 865 912 3319 3368 4083
1661 9 2 6 1 819 6 820 4084 1928 4085
1662 9 2 6 1 801 811 1221 3663 4086 4087
1663 9 2 6 1 675 672 1289 3544 4088 2203
1664 9 2 6 1 1128 501 1130 4089 4090 2547
1665 9 2 6 1 134 133 698 176 4091 3036
1666 9 2 6 1 1000 1091 1419 3266 2240 4092
1667 9 2 6 1 538 1241 1464 3303 4093 3578
1668 9 2 6 1 757 758 1114 3897 4015 4018
1669 9 2 6 1 824 822 1469 4094 3277 1542
1670 9 2 6 1 238 237 1213 280 4095 4096
1671 9 2 6 1 1049 540 1300 3151 3471 3483
1672 9 2 6 1 308 307 1229 350 4097 4098
1673 9 2 6 1 683 881 1206 3673 3372 4099
1674 9 2 6 1 409 408 1227 451 4100 4101
1675 9 2 6 1 578 580 925 4038 4102 4103
1676 9 2 6 1 1078 1307 1434 3642 2434 3421
1677 9 2 6 1 694 631 1216 3634 4104 1554
1678 9 2 6 1 951 948 1329 3317 4105 4106
1679 9 2 6 1 825 824 828 4107 3271 1638
1680 9 2 6 1 771 752 1422 2727 3301 4108
1681 9 2 6 1 842 967 1017 3709 2140 4109
1682 9 2 6 1 800 801 1221 3625 4087 4110
1683 9 2 6 1 306 305 1218 348 4111 4112
1684 9 2 6 1 841 853 1292 3606 4113 4114
1685 9 2 6 1 654 696 1122 2494 4115 4116
1686 9 2 6 1 629 654 1125 2448 4117 2897
1687 9 2 6 1 303 302 1240 345 4118 4119
1688 9 2 6 1 469 1199 1385 4120 3737 4121
1689 9 2 6 1 682 683 1206 3653 4099 4122
1690 9 2 6 1 239 238 1225 281 4123 4124
1691 9 2 6 1 1156 1155 1157 4125 4126 2497
1692 9 2 6 1 554 1273 1285 3309 4127 2830
1693 9 2 6 1 535 1047 1345 2445 4128 4129
1694 9 2 6 1 594 593 1123 3882 3936 3542
1695 9 2 6 1 1319 513 1340 2102 3844 3691
1696 9 2 6 1 1040 635 1305 2729 2220 2443
1697 9 2 6 1 133 132 1220 175 4130 4131
1698 9 2 6 1 1170 1237 1447 3231 3244 4132
1699 9 2 6 1 1048 913 1054 4133 3788 2602
1700 9 2 6 1 896 1370 1418 3353 4134 1628
1701 9 2 6 1 722 720 723 4135 3515 4136
1702 9 2 6 1 1147 1146 1328 4137 3868 1970
1703 9 2 6 1 768 795 1230 3676 3485 4138
1704 9 2 6 1 411 410 1223 453 4139 4140
1705 9 2 6 1 959 957 1266 2545 4141 3029
1706 9 2 6 1 1071 1069 1170 4142 2076 4143
1707 9 2 6 1 478 1227 1228 4144 4082 2987
1708 9 2 6 1 930 1042 1449 2294 4145 4146
1709 9 2 6 1 912 913 1048 3369 4133 4147
1710 9 2 6 1 1054 1055 1348 3135 4148 4053
1711 9 2 6 1 137 136 486 179 4149 3156
1712 9 2 6 1 240 239 470 282 4150 4151
1713 9 2 6 1 410 409 478 452 4152 4153
1714 9 2 6 1 307 306 494 349 4154 4155
1715 9 2 6 1 763 744 923 4007 4156 4157
1716 9 2 6 1 1193 1086 1202 4158 2912 4159
1717 9 2 6 1 130 129 710 172 4160 4161
1718 9 2 6 1 631 621 1216 3688 4162 4104
1719 9 2 6 1 661 662 663 3113 3232 4163
1720 9 2 6 1 823 822 824 4164 4094 4165
1721 9 2 6 1 869 991 1438 3585 3590 4166
1722 9 2 6 1 241 240 1222 283 4167 4168
1723 9 2 6 1 131 130 1239 173 4169 4170
1724 9 2 6 1 886 682 1206 3656 4122 4171
1725 9 2 6 1 412 411 1224 454 4172 4173
1726 9 2 6 1 772 1065 1453 2711 4174 4175
1727 9 2 6 1 245 244 471 287 4176 4177
1728 9 2 6 1 132 131 487 174 4178 4179
1729 9 2 6 1 415 414 479 457 4180 4181
1730 9 2 6 1 302 301 495 344 4182 4183
1731 9 2 6 1 1193 524 1310 4184 4185 4186
1732 9 2 6 1 764 768 1230 3633 4138 4187
1733 9 2 6 1 823 825 826 4188 4189 4190
1734 9 2 6 1 1318 861 1430 2485 4191 4192
1735 9 2 6 1 1284 1017 1302 4193 3587 4194
1736 9 2 6 1 621 639 1216 3735 3928 4162
1737 9 2 6 1 992 910 1493 3314 3147 4195
1738 9 2 6 1 301 300 1236 343 4196 4197
1739 9 2 6 1 414 413 1247 456 4198 4199
1740 9 2 6 1 848 800 1221 3685 4110 4200
1741 9 2 6 1 1401 897 1410 1722 3644 3638
1742 9 2 6 1 603 606 1172 2745 4201 4071
1743 9 2 6 1 242 241 1233 284 4202 4203
1744 9 2 6 1 643 624 1041 3067 3396 4204
1745 9 2 6 1 1030 928 1115 4205 4206 4207
1746 9 2 6 1 1353 605 1436 3023 2933 4208
1747 9 2 6 1 300 299 1070 342 4209 4210
1748 9 2 6 1 244 243 1238 286 4211 4212
1749 9 2 6 1 928 1037 1293 3575 3133 4213
1750 9 2 6 1 900 810 1321 3416 4214 4215
1751 9 2 6 1 604 1095 1363 4216 4217 4218
1752 9 2 6 1 413 412 960 455 4219 4220
1753 9 2 6 1 557 556 558 4221 2697 4222
1754 9 2 6 1 914 1043 1219 2209 2965 1570
1755 9 2 6 1 601 1294 1498 3994 4223 4224
1756 9 2 6 1 774 1248 1381 4225 3060 1962
1757 9 2 6 1 708 679 709 4226 2620 1779
1758 9 2 6 1 667 1009 1294 4227 2500 3762
1759 9 2 6 1 745 763 1101 4008 3328 3885
1760 9 2 6 1 872 1053 1409 2631 3671 4228
1761 9 2 6 1 530 1337 1473 4229 4230 3075
1762 9 2 6 1 781 778 1323 3422 4231 4232
1763 9 2 6 1 246 245 1257 288 4233 4234
1764 9 2 6 1 807 878 1232 3479 2039 4235
1765 9 2 6 1 243 242 563 285 4236 4237
1766 9 2 6 1 830 832 1085 3845 1626 4238
1767 9 2 6 1 986 867 1413 4239 2927 3394
1768 9 2 6 1 667 669 1009 3404 4240 4227
1769 9 2 6 1 707 708 904 4241 4242 3455
1770 9 2 6 1 791 793 1249 3626 4011 4243
1771 9 2 6 1 763 923 1265 4157 2378 3607
1772 9 2 6 1 957 1098 1266 4244 2992 4141
1773 9 2 6 1 1037 1290 1389 3724 4051 3042
1774 9 2 6 1 1006 1073 1495 3096 4245 2569
1775 9 2 6 1 699 992 1493 2030 4195 3107
1776 9 2 6 1 480 1275 1434 4246 4247 3170
1777 9 2 6 1 568 569 652 3759 4248 4249
1778 9 2 6 1 1043 917 1355 2208 4250 2915
1779 9 2 6 1 948 784 1329 1960 3065 4105
1780 9 2 6 1 724 1298 1364 3903 3338 3628
1781 9 2 6 1 811 807 1232 3662 4235 2751
1782 9 2 6 1 1294 993 1498 2499 2887 4223
1783 9 2 6 1 619 620 625 3360 3390 4251
1784 9 2 6 1 884 675 936 4252 2373 4253
1785 9 2 6 1 1224 1137 1419 4016 4254 4255
1786 9 2 6 1 944 674 1427 4256 4257 4258
1787 9 2 6 1 795 791 1249 3675 4243 3615
1788 9 2 6 1 903 1077 1350 4259 3446 3380
1789 9 2 6 1 677 679 707 4260 4261 4262
1790 9 2 6 1 957 958 1098 4263 1770 4244
1791 9 2 6 1 836 1064 1251 3861 4264 4265
1792 9 2 6 1 1221 811 1252 4086 3526 4266
1793 9 2 6 1 1018 489 1336 2538 4267 4067
1794 9 2 6 1 925 926 927 4268 4269 3246
1795 9 2 6 1 1165 1016 1176 3425 4270 4271
1796 9 2 6 1 713 1198 1437 3468 2365 2122
1797 9 2 6 1 997 723 1390 2007 3517 4272
1798 9 2 6 1 788 842 843 4273 4274 3427
1799 9 2 6 1 247 246 665 289 4275 4276
1800 9 2 6 1 1244 716 1447 3376 4277 3243
1801 9 2 6 1 804 814 866 3219 4278 3974
1802 9 2 6 1 826 867 986 4279 4239 3605
1803 9 2 6 1 1143 1144 1368 3177 4280 4281
1804 9 2 6 1 925 580 926 4102 4282 4268
1805 9 2 6 1 818 6 819 3950 4084 4283
1806 9 2 6 1 701 648 1093 3387 3892 3414
1807 9 2 6 1 15 16 1369 35 2746 3366
1808 9 2 6 1 810 798 1321 2238 2584 4214
1809 9 2 6 1 927 928 1030 4284 4205 2025
1810 9 2 6 1 416 415 1267 458 4285 4286
1811 9 2 6 1 983 1336 1470 4287 4288 2763
1812 9 2 6 1 1286 614 1386 4289 2224 4073
1813 9 2 6 1 769 764 1230 3816 4187 3961
1814 9 2 6 1 592 611 1283 3700 2793 4290
1815 9 2 6 1 821 820 822 4291 2796 4292
1816 9 2 6 1 627 644 942 4293 4294 3536
1817 9 2 6 1 705 687 1282 3622 2816 4295
1818 9 2 6 1 874 1338 1366 4296 3695 3128
1819 9 2 6 1 963 534 1468 3294 2108 4297
1820 9 2 6 1 129 128 1277 171 4298 4299
1821 9 2 6 1 1314 626 1371 4300 4301 4302
1822 9 2 6 1 1144 505 1368 2636 4303 4280
1823 9 2 6 1 840 841 1292 3258 4114 4304
1824 9 2 6 1 696 1036 1122 3669 4305 4115
1825 9 2 6 1 832 833 1391 3357 4306 3388
1826 9 2 6 1 967 786 1323 3708 4307 4308
1827 9 2 6 1 931 723 940 4309 2666 4310
1828 9 2 6 1 872 868 1301 3553 3609 2632
1829 9 2 6 1 953 954 955 4311 4312 2864
1830 9 2 6 1 555 554 556 4313 2829 4314
1831 9 2 6 1 808 846 1304 2855 1888 3889
1832 9 2 6 1 880 909 1319 2989 2168 3839
1833 9 2 6 1 299 298 1243 341 4315 4316
1834 9 2 6 1 671 675 884 3545 4252 4317
1835 9 2 6 1 1020 1067 1358 2536 4318 3465
1836 9 2 6 1 1082 719 1372 4319 3287 4320
1837 9 2 6 1 729 731 990 3238 4321 3507
1838 9 2 6 1 870 1171 1492 3385 4322 4323
1839 9 2 6 1 1355 917 1366 4250 1703 3398
1840 9 2 6 1 1086 1193 1310 4158 4186 4324
1841 9 2 6 1 778 776 1323 2374 4325 4231
1842 9 2 6 1 927 926 928 4269 3573 4284
1843 9 2 6 1 991 873 1300 3584 3484 4326
1844 9 2 6 1 606 615 1172 3643 1537 4201
1845 9 2 6 1 566 567 568 3973 3758 4327
1846 9 2 6 1 749 747 1264 3408 4328 4329
1847 9 2 6 1 489 334 1120 3680 3712 4330
1848 9 2 6 1 248 247 1256 290 4331 4332
1849 9 2 6 1 1069 1062 1405 4034 1778 3026
1850 9 2 6 1 212 465 1116 3682 4333 3719
1851 9 2 6 1 1066 1008 1404 1942 4334 3333
1852 9 2 6 1 853 855 889 3831 4335 4336
1853 9 2 6 1 984 1126 1426 3514 4337 3186
1854 9 2 6 1 390 389 1342 432 4338 4339
1855 9 2 6 1 1176 1016 1350 4270 3381 4340
1856 9 2 6 1 591 1283 1461 4341 3941 3218
1857 9 2 6 1 465 211 1121 3681 3751 4342
1858 9 2 6 1 481 164 1119 3679 3761 1533
1859 9 2 6 1 1120 333 1126 3711 3717 3513
1860 9 2 6 1 788 786 842 4343 3707 4273
1861 9 2 6 1 382 473 1117 3684 1546 3776
1862 9 2 6 1 417 416 999 459 4344 4345
1863 9 2 6 1 135 1173 1346 2312 3838 4346
1864 9 2 6 1 857 859 861 3849 4347 4348
1865 9 2 6 1 1095 1123 1363 3561 4349 4217
1866 9 2 6 1 332 498 1126 3732 4350 3716
1867 9 2 6 1 213 1116 1131 3720 1745 3721
1868 9 2 6 1 902 900 935 3522 4351 4352
1869 9 2 6 1 501 214 1131 3725 3722 4353
1870 9 2 6 1 737 735 1248 2931 4354 4355
1871 9 2 6 1 904 708 905 4242 2516 4356
1872 9 2 6 1 566 568 1298 4327 4357 4358
1873 9 2 6 1 956 1001 1463 2810 4359 2465
1874 9 2 6 1 625 626 1314 3391 4300 4360
1875 9 2 6 1 1067 690 1358 3370 4361 4318
1876 9 2 6 1 473 381 1118 3683 3833 4362
1877 9 2 6 1 215 501 1127 3726 4363 3742
1878 9 2 6 1 498 331 1134 3731 3741 4364
1879 9 2 6 1 500 384 1135 3729 3745 4365
1880 9 2 6 1 548 1246 1330 3304 3470 4366
1881 9 2 6 1 418 417 1275 460 4367 4368
1882 9 2 6 1 884 936 988 4253 1820 1644
1883 9 2 6 1 823 824 825 4165 4107 4188
1884 9 2 6 1 1055 1069 1071 4035 4142 4369
1885 9 2 6 1 138 1207 1337 2406 4370 4371
1886 9 2 6 1 497 161 1132 3727 3767 4372
1887 9 2 6 1 1001 1137 1228 2749 2988 4373
1888 9 2 6 1 731 1032 1376 2066 3902 4374
1889 9 2 6 1 1130 501 1131 4090 4353 1744
1890 9 2 6 1 1096 1148 1467 3375 3848 4375
1891 9 2 6 1 568 652 892 4249 4376 4377
1892 9 2 6 1 717 1080 1175 3482 3569 1567
1893 9 2 6 1 827 1259 1474 2517 4378 4379
1894 9 2 6 1 216 1127 1145 3743 4380 3774
1895 9 2 6 1 1134 330 1146 3740 3773 4381
1896 9 2 6 1 383 1117 1135 3777 3451 3744
1897 9 2 6 1 677 676 678 4382 2826 4383
1898 9 2 6 1 163 162 1356 205 4384 4385
1899 9 2 6 1 298 297 496 340 2622 4386
1900 9 2 6 1 249 248 472 291 4387 4388
1901 9 2 6 1 419 418 480 461 4389 4390
1902 9 2 6 1 128 127 488 170 4391 4392
1903 9 2 6 1 1139 920 1444 3539 3280 3853
1904 9 2 6 1 663 664 680 3233 3490 4393
1905 9 2 6 1 627 625 644 4394 4395 4293
1906 9 2 6 1 1394 1271 1403 4396 4397 4398
1907 9 2 6 1 549 1297 1479 2854 4399 4400
1908 9 2 6 1 826 825 867 4189 1913 4279
1909 9 2 6 1 813 1113 1325 4401 4402 3466
1910 9 2 6 1 1127 1129 1145 4079 4052 4380
1911 9 2 6 1 143 142 1367 185 4403 4404
1912 9 2 6 1 1141 327 1152 3752 3785 2586
1913 9 2 6 1 127 126 1281 169 4405 4406
1914 9 2 6 1 218 466 1143 3800 2132 3746
1915 9 2 6 1 1173 1076 1174 3007 3127 3837
1916 9 2 6 1 1132 160 1136 3766 3783 2918
1917 9 2 6 1 615 616 1316 3248 4407 1611
1918 9 2 6 1 1148 324 1164 3756 3792 3847
1919 9 2 6 1 490 328 1141 3801 3753 4408
1920 9 2 6 1 222 1153 1154 3771 2914 3793
1921 9 2 6 1 126 125 725 168 3284 4409
1922 9 2 6 1 580 581 1290 3630 4410 4411
1923 9 2 6 1 466 217 1145 3799 3775 3476
1924 9 2 6 1 329 490 1146 3802 3866 3772
1925 9 2 6 1 616 619 1316 3925 4412 4407
1926 9 2 6 1 934 843 1270 4047 4413 4414
1927 9 2 6 1 499 325 1148 3808 3757 3374
1928 9 2 6 1 783 786 788 4415 4343 3364
1929 9 2 6 1 221 505 1153 3811 2340 3770
1930 9 2 6 1 159 482 1136 3796 1812 3782
1931 9 2 6 1 562 565 566 3324 3972 4416
1932 9 2 6 1 887 1064 1065 4417 4010 2710
1933 9 2 6 1 1141 938 1482 2585 3160 4418
1934 9 2 6 1 654 1122 1125 4116 4419 4117
1935 9 2 6 1 1317 889 1327 4420 4421 2847
1936 9 2 6 1 326 499 1152 3809 4422 3784
1937 9 2 6 1 1315 939 1450 2430 1856 4423
1938 9 2 6 1 874 1051 1338 2408 4424 4296
1939 9 2 6 1 420 419 1274 462 4425 4426
1940 9 2 6 1 1157 1155 1158 4126 4427 1934
1941 9 2 6 1 220 219 1368 262 4428 4429
1942 9 2 6 1 704 1124 1429 2415 4430 3869
1943 9 2 6 1 741 739 1262 3047 4431 4432
1944 9 2 6 1 323 491 1164 3824 3142 3791
1945 9 2 6 1 619 625 627 4251 4394 4433
1946 9 2 6 1 467 223 1154 3827 3794 3954
1947 9 2 6 1 775 803 1483 3938 2463 4434
1948 9 2 6 1 503 155 1155 3812 3815 4435
1949 9 2 6 1 1177 989 1178 4436 4437 4438
1950 9 2 6 1 491 322 1159 3823 3804 4439
1951 9 2 6 1 1393 975 1395 4440 3025 4441
1952 9 2 6 1 1259 773 1474 3104 4045 4378
1953 9 2 6 1 157 156 1365 199 4442 4443
1954 9 2 6 1 747 1101 1264 3886 2197 4328
1955 9 2 6 1 1155 154 1158 3814 3820 4427
1956 9 2 6 1 210 673 1121 3871 4444 3750
1957 9 2 6 1 48 1103 1407 3332 4445 3596
1958 9 2 6 1 106 1102 1406 3330 4446 3594
1959 9 2 6 1 388 474 1142 3798 4447 3840
1960 9 2 6 1 67 1110 1416 3343 4448 3619
1961 9 2 6 1 9 1111 1415 3345 4449 3618
1962 9 2 6 1 739 774 1262 3927 2330 4431
1963 9 2 6 1 153 483 1158 3830 1935 3819
1964 9 2 6 1 483 152 1161 3829 3822 4450
1965 9 2 6 1 224 467 1166 3828 2903 3835
1966 9 2 6 1 516 1284 1302 4451 4194 3321
1967 9 2 6 1 522 1060 1396 3193 2999 4452
1968 9 2 6 1 475 393 1167 3825 3843 2692
1969 9 2 6 1 474 387 1269 3797 3884 4453
1970 9 2 6 1 573 575 1268 3163 4454 4455
1971 9 2 6 1 391 504 1149 3807 4456 3855
1972 9 2 6 1 1115 928 1293 4206 4213 4457
1973 9 2 6 1 1159 321 1160 3803 3865 2722
1974 9 2 6 1 608 1263 1399 2905 4458 2839
1975 9 2 6 1 1090 1089 1344 3149 3780 4459
1976 9 2 6 1 394 475 1165 3826 2993 3858
1977 9 2 6 1 1205 812 1438 3530 4460 3589
1978 9 2 6 1 581 598 1290 4037 4050 4410
1979 9 2 6 1 392 1149 1167 3856 3687 3842
1980 9 2 6 1 524 1186 1310 4461 2272 4185
1981 9 2 6 1 553 550 554 4462 3453 4463
1982 9 2 6 1 1161 151 1162 3821 3875 4464
1983 9 2 6 1 864 912 1113 4083 4465 4032
1984 9 2 6 1 995 1425 1492 4466 4467 4468
1985 9 2 6 1 754 749 1264 3872 4329 2559
1986 9 2 6 1 892 652 893 4376 3660 4469
1987 9 2 6 1 225 1166 1180 3836 1851 3876
1988 9 2 6 1 589 592 1283 3846 4290 4470
1989 9 2 6 1 783 781 786 3789 4471 4415
1990 9 2 6 1 812 797 1438 3655 4472 4460
1991 9 2 6 1 1198 1197 1367 3696 4473 4474
1992 9 2 6 1 295 5 551 337 4475 4476
1993 9 2 6 1 814 816 1295 3297 4477 4478
1994 9 2 6 1 821 822 823 4292 4164 4479
1995 9 2 6 1 482 158 1296 3795 4031 4480
1996 9 2 6 1 395 1165 1176 3859 4271 3894
1997 9 2 6 1 725 1279 1281 4481 4482 4483
1998 9 2 6 1 485 1198 1367 2363 4474 4484
1999 9 2 6 1 677 678 679 4383 2789 4260
2000 9 2 6 1 853 889 1292 4336 4485 4113
2001 9 2 6 1 674 677 1427 4486 4487 4257
2002 9 2 6 1 707 679 708 4261 4226 4241
2003 9 2 6 1 139 138 1337 181 4371 4488
2004 9 2 6 1 881 879 1441 3672 4489 4490
2005 9 2 6 1 320 502 1160 3923 3715 3864
2006 9 2 6 1 1287 866 1288 3975 4491 2936
2007 9 2 6 1 150 507 1162 3919 3349 3874
2008 9 2 6 1 1058 85 1406 3224 3599 4492
2009 9 2 6 1 1060 27 1407 3225 3598 4493
2010 9 2 6 1 812 1204 1495 3529 3178 4494
2011 9 2 6 1 508 226 1180 3916 3877 2956
2012 9 2 6 1 502 319 1181 3922 3881 1663
2013 9 2 6 1 735 1184 1248 3851 2425 4354
2014 9 2 6 1 507 149 1182 3918 3888 2297
2015 9 2 6 1 380 818 1118 3951 4495 3832
2016 9 2 6 1 506 396 1176 3920 3895 4496
2017 9 2 6 1 1065 840 1292 4009 4304 4497
2018 9 2 6 1 1235 469 1385 4498 4121 1842
2019 9 2 6 1 1056 893 1094 4499 4500 2041
2020 9 2 6 1 1181 318 1191 3880 3930 4501
2021 9 2 6 1 652 569 1286 4248 4502 3340
2022 9 2 6 1 397 506 1179 3921 2362 3908
2023 9 2 6 1 1182 148 1183 3887 3932 2173
2024 9 2 6 1 250 249 1273 292 4503 4504
2025 9 2 6 1 227 508 1177 3917 4505 3914
2026 9 2 6 1 753 751 1352 3786 4506 3588
2027 9 2 6 1 1127 501 1128 4363 4089 4078
2028 9 2 6 1 540 114 1415 3221 3617 4507
2029 9 2 6 1 539 56 1416 3220 3621 4508
2030 9 2 6 1 953 951 954 3460 4509 4311
2031 9 2 6 1 1203 493 1338 4510 4511 4512
2032 9 2 6 1 1323 776 1483 4325 4513 4514
2033 9 2 6 1 907 1394 1403 1662 4398 2910
2034 9 2 6 1 1134 1146 1147 4381 4137 4515
2035 9 2 6 1 892 893 1056 4469 4499 2523
2036 9 2 6 1 1278 488 1279 4516 4517 3254
2037 9 2 6 1 398 1179 1189 3909 4518 3939
2038 9 2 6 1 599 604 1363 4077 4218 4519
2039 9 2 6 1 136 135 1346 178 4346 4520
2040 9 2 6 1 1116 465 1260 4333 4521 1579
2041 9 2 6 1 228 1177 1178 3915 4438 3942
2042 9 2 6 1 744 741 1262 3805 4432 4522
2043 9 2 6 1 1095 604 1443 4216 3442 2760
2044 9 2 6 1 591 589 1283 3934 4470 4341
2045 9 2 6 1 510 1107 1457 2980 3355 2859
2046 9 2 6 1 774 737 1248 3926 4355 4225
2047 9 2 6 1 569 571 1286 3171 4523 4502
2048 9 2 6 1 674 8 676 4524 2259 4525
2049 9 2 6 1 628 1172 1299 4072 2852 3444
2050 9 2 6 1 1123 596 1363 3935 4526 4349
2051 9 2 6 1 851 1096 1467 2808 4375 4527
2052 9 2 6 1 1269 1090 1344 4528 4459 4529
2053 9 2 6 1 919 1138 1408 2753 3879 3665
2054 9 2 6 1 935 900 1321 4351 4215 4530
2055 9 2 6 1 819 821 870 4531 4532 4533
2056 9 2 6 1 1089 871 1322 3320 2288 3307
2057 9 2 6 1 219 1143 1368 3747 4281 4428
2058 9 2 6 1 162 497 1356 3728 2270 4384
2059 9 2 6 1 819 820 821 4085 4291 4531
2060 9 2 6 1 1073 812 1495 3558 4494 4245
2061 9 2 6 1 577 601 1498 2805 4224 3768
2062 9 2 6 1 317 492 1191 3971 4534 3929
2063 9 2 6 1 954 951 1329 4509 4106 4535
2064 9 2 6 1 147 484 1183 3969 4536 3931
2065 9 2 6 1 497 1132 1133 4372 3074 1512
2066 9 2 6 1 1106 712 1437 3924 2123 2542
2067 9 2 6 1 787 766 1308 4046 4537 3201
2068 9 2 6 1 957 955 958 3459 4538 4263
2069 9 2 6 1 1195 313 1203 3945 3957 4539
2070 9 2 6 1 476 399 1189 3966 3940 4540
2071 9 2 6 1 468 229 1178 3964 3943 4541
2072 9 2 6 1 1212 1211 1227 3057 4080 4542
2073 9 2 6 1 503 1155 1156 4435 4125 4543
2074 9 2 6 1 504 390 1342 3806 4339 2282
2075 9 2 6 1 1119 163 1356 3760 4385 4544
2076 9 2 6 1 903 1072 1440 3549 2699 4545
2077 9 2 6 1 523 314 1195 3992 3946 2473
2078 9 2 6 1 693 691 1428 2712 3498 3912
2079 9 2 6 1 1108 851 1467 3094 4527 3262
2080 9 2 6 1 505 220 1368 3810 4429 4303
2081 9 2 6 1 923 744 1262 4156 4522 2329
2082 9 2 6 1 537 1252 1489 3764 4546 4547
2083 9 2 6 1 389 1142 1342 3841 4548 4338
2084 9 2 6 1 1425 870 1492 4549 4323 4467
2085 9 2 6 1 786 781 1323 4471 4232 4307
2086 9 2 6 1 1051 1195 1203 2474 4539 4550
2087 9 2 6 1 626 638 1371 2461 4551 4301
2088 9 2 6 1 823 826 1361 4190 1708 4552
2089 9 2 6 1 882 1254 1383 3547 1738 3222
2090 9 2 6 1 638 658 1371 3674 4553 4551
2091 9 2 6 1 403 1193 1202 3959 4159 3984
2092 9 2 6 1 402 524 1193 3989 4184 3958
2093 9 2 6 1 614 573 1268 4069 4455 2382
2094 9 2 6 1 156 503 1365 3813 4554 4442
2095 9 2 6 1 1161 1162 1163 4464 3610 4555
2096 9 2 6 1 400 476 1185 3967 4556 3978
2097 9 2 6 1 230 468 1187 3965 4557 3980
2098 9 2 6 1 492 316 1192 3970 3977 4558
2099 9 2 6 1 484 146 1196 3968 3983 4559
2100 9 2 6 1 558 560 724 3382 4560 4561
2101 9 2 6 1 1184 718 1414 3850 4562 4563
2102 9 2 6 1 525 144 1197 3990 3963 2974
2103 9 2 6 1 312 493 1203 4006 4510 3956
2104 9 2 6 1 526 231 1187 3986 3981 4564
2105 9 2 6 1 524 401 1185 3988 3979 4565
2106 9 2 6 1 315 523 1192 3993 4566 3976
2107 9 2 6 1 145 525 1196 3991 4567 3982
2108 9 2 6 1 578 925 1268 4103 2383 4568
2109 9 2 6 1 232 526 1194 3987 3227 3995
2110 9 2 6 1 473 1118 1261 4362 4569 1584
2111 9 2 6 1 477 404 1202 4003 3985 2911
2112 9 2 6 1 233 1194 1199 3996 3436 3997
2113 9 2 6 1 469 234 1199 4001 3998 4120
2114 9 2 6 1 386 385 1423 428 4570 4571
2115 9 2 6 1 704 1074 1351 1713 2522 3115
2116 9 2 6 1 718 541 1414 2201 2795 4562
2117 9 2 6 1 385 500 1423 3730 3086 4570
2118 9 2 6 1 1149 504 1150 4456 1557 3417
2119 9 2 6 1 7 1002 1082 4572 4573 2468
2120 9 2 6 1 1228 1211 1255 4081 3214 4574
2121 9 2 6 1 702 701 1408 3005 3593 3878
2122 9 2 6 1 1115 968 1462 3194 1653 4575
2123 9 2 6 1 1103 538 1379 3412 3577 3071
2124 9 2 6 1 575 578 1268 4064 4568 4454
2125 9 2 6 1 235 469 1200 4002 4576 4026
2126 9 2 6 1 405 477 1210 4004 4577 4024
2127 9 2 6 1 493 311 1208 4005 4023 4578
2128 9 2 6 1 485 141 1201 3999 4029 3137
2129 9 2 6 1 1304 972 1439 1887 3693 4579
2130 9 2 6 1 1102 1058 1406 3433 4492 4446
2131 9 2 6 1 1103 1060 1407 3070 4493 4445
2132 9 2 6 1 543 1377 1475 4580 3947 2820
2133 9 2 6 1 751 754 1352 3873 3091 4506
2134 9 2 6 1 761 1114 1308 4019 3600 4581
2135 9 2 6 1 1047 1314 1484 2924 4582 4583
2136 9 2 6 1 893 894 1354 3661 2574 4584
2137 9 2 6 1 766 761 1308 3576 4581 4537
2138 9 2 6 1 1296 157 1365 4030 4443 4585
2139 9 2 6 1 842 1017 1284 4109 4193 4586
2140 9 2 6 1 955 954 1272 4312 4587 4588
2141 9 2 6 1 619 627 1316 4433 3790 4412
2142 9 2 6 1 1110 539 1416 3136 4508 4448
2143 9 2 6 1 1111 540 1415 3493 4507 4449
2144 9 2 6 1 673 8 674 3870 4524 4589
2145 9 2 6 1 1269 386 1423 3883 4571 4590
2146 9 2 6 1 690 1104 1358 3755 2563 4361
2147 9 2 6 1 926 580 1290 4282 4411 3723
2148 9 2 6 1 596 599 1363 3403 4519 4526
2149 9 2 6 1 492 1192 1271 4558 4591 4592
2150 9 2 6 1 528 236 1200 4056 4027 4593
2151 9 2 6 1 529 406 1210 4058 4025 1515
2152 9 2 6 1 140 530 1201 4055 2083 4028
2153 9 2 6 1 310 527 1208 4061 3335 4022
2154 9 2 6 1 1051 1203 1338 4550 4512 4424
2155 9 2 6 1 669 671 1311 3480 4594 4595
2156 9 2 6 1 1122 726 1125 4596 4597 4419
2157 9 2 6 1 843 842 1284 4274 4586 4598
2158 9 2 6 1 1041 610 1353 3395 3024 2275
2159 9 2 6 1 527 309 1215 4060 4042 2034
2160 9 2 6 1 296 295 1398 338 4599 3718
2161 9 2 6 1 719 1082 1420 4319 4600 1606
2162 9 2 6 1 705 1282 1500 4295 2896 4601
2163 9 2 6 1 407 529 1212 4059 3058 4048
2164 9 2 6 1 1187 468 1188 4557 4602 4603
2165 9 2 6 1 476 1189 1190 4540 4604 4605
2166 9 2 6 1 658 661 686 4021 4606 4607
2167 9 2 6 1 1048 544 1487 4608 4609 4610
2168 9 2 6 1 1064 887 1251 4417 1853 4264
2169 9 2 6 1 1279 488 1281 4517 4611 4482
2170 9 2 6 1 681 720 722 2841 4135 4612
2171 9 2 6 1 571 614 1286 4070 4289 4523
2172 9 2 6 1 969 1293 1428 4613 3913 1636
2173 9 2 6 1 484 1196 1303 4559 4614 4615
2174 9 2 6 1 1270 843 1284 4413 4598 4616
2175 9 2 6 1 1275 1276 1434 4617 1818 4247
2176 9 2 6 1 1254 643 1312 3546 4618 3933
2177 9 2 6 1 673 674 944 4589 4256 4619
2178 9 2 6 1 568 892 1298 4377 3337 4357
2179 9 2 6 1 961 1086 1310 2410 4324 2271
2180 9 2 6 1 304 916 1217 4066 4620 4074
2181 9 2 6 1 1215 308 1229 4041 4098 2878
2182 9 2 6 1 1197 143 1367 3962 4404 4473
2183 9 2 6 1 524 1185 1186 4565 4621 4461
2184 9 2 6 1 1111 532 1451 3443 2397 3494
2185 9 2 6 1 493 1209 1338 4622 3694 4511
2186 9 2 6 1 408 1212 1227 4049 4542 4100
2187 9 2 6 1 237 528 1213 4057 4623 4095
2188 9 2 6 1 142 485 1367 4000 4484 4403
2189 9 2 6 1 1325 1113 1487 4402 4624 4625
2190 9 2 6 1 1055 1071 1348 4369 4626 4148
2191 9 2 6 1 1113 813 1324 4401 4627 4033
2192 9 2 6 1 1015 695 1478 2882 1919 4628
2193 9 2 6 1 1226 906 1456 2234 2450 4629
2194 9 2 6 1 493 1208 1209 4578 3551 4622
2195 9 2 6 1 555 556 557 4314 4221 4630
2196 9 2 6 1 421 420 1341 463 4631 4632
2197 9 2 6 1 1029 1093 1397 3415 3505 3199
2198 9 2 6 1 942 644 1339 4294 2696 1932
2199 9 2 6 1 544 1048 1377 4608 3704 4633
2200 9 2 6 1 916 303 1240 4065 4119 4634
2201 9 2 6 1 969 1115 1293 3195 4457 4613
2202 9 2 6 1 305 1217 1218 4075 2371 4111
2203 9 2 6 1 598 583 1432 4036 4635 2056
2204 9 2 6 1 251 250 1332 293 4636 4637
2205 9 2 6 1 873 872 1409 3640 4228 2734
2206 9 2 6 1 1094 893 1354 4500 4584 4638
2207 9 2 6 1 698 133 1220 4091 4131 2543
2208 9 2 6 1 238 1213 1225 4096 4639 4123
2209 9 2 6 1 1071 1170 1447 4143 4132 4640
2210 9 2 6 1 663 680 1168 4393 4641 4642
2211 9 2 6 1 1102 537 1489 3411 4547 3434
2212 9 2 6 1 967 1323 1483 4308 4514 2462
2213 9 2 6 1 307 494 1229 4155 3305 4097
2214 9 2 6 1 478 409 1227 4152 4101 4144
2215 9 2 6 1 866 814 1295 4278 4478 4643
2216 9 2 6 1 1168 535 1345 3273 4129 4644
2217 9 2 6 1 847 848 1382 3686 1815 3527
2218 9 2 6 1 494 306 1218 4154 4112 2170
2219 9 2 6 1 470 239 1225 4150 4124 4645
2220 9 2 6 1 817 995 1492 1588 4468 4646
2221 9 2 6 1 836 1251 1391 4265 4647 4648
2222 9 2 6 1 644 625 1314 4395 4360 2923
2223 9 2 6 1 557 558 1242 4222 4649 4650
2224 9 2 6 1 410 478 1223 4153 3033 4139
2225 9 2 6 1 302 495 1240 4183 2125 4118
2226 9 2 6 1 474 1269 1344 4453 4529 4651
2227 9 2 6 1 1177 508 1444 4505 3854 4652
2228 9 2 6 1 1200 469 1235 4576 4498 4653
2229 9 2 6 1 530 139 1337 4054 4488 4229
2230 9 2 6 1 904 905 1313 4356 4654 3948
2231 9 2 6 1 674 676 677 4525 4382 4486
2232 9 2 6 1 878 1304 1439 3890 4579 2944
2233 9 2 6 1 132 487 1220 4179 1886 4130
2234 9 2 6 1 547 549 1045 2926 4655 3392
2235 9 2 6 1 411 1223 1224 4140 4017 4172
2236 9 2 6 1 240 470 1222 4151 4656 4167
2237 9 2 6 1 500 1135 1334 4365 3713 2084
2238 9 2 6 1 677 707 1427 4262 4657 4487
2239 9 2 6 1 130 710 1239 4161 2357 4169
2240 9 2 6 1 1241 886 1464 3123 4658 4093
2241 9 2 6 1 1009 669 1311 4240 4595 2800
2242 9 2 6 1 487 131 1239 4178 4170 1999
2243 9 2 6 1 566 1298 1309 4358 3905 4659
2244 9 2 6 1 1210 477 1343 4577 2702 1857
2245 9 2 6 1 1178 989 1400 4437 3097 4660
2246 9 2 6 1 1221 1252 1335 4266 3765 4661
2247 9 2 6 1 830 1085 1445 4238 3410 4662
2248 9 2 6 1 241 1222 1233 4168 4663 4202
2249 9 2 6 1 932 1259 1347 3105 2719 4664
2250 9 2 6 1 495 301 1236 4182 4197 1620
2251 9 2 6 1 1171 817 1492 4062 4646 4322
2252 9 2 6 1 479 414 1247 4180 4199 2304
2253 9 2 6 1 960 412 1224 4219 4173 4665
2254 9 2 6 1 471 244 1238 4176 4212 4666
2255 9 2 6 1 1112 730 1385 2856 1843 3736
2256 9 2 6 1 833 836 1391 3670 4648 4306
2257 9 2 6 1 560 562 1309 3384 4667 4668
2258 9 2 6 1 848 1221 1335 4200 4661 2976
2259 9 2 6 1 643 1041 1312 4204 2401 4618
2260 9 2 6 1 300 1070 1236 4210 3038 4196
2261 9 2 6 1 413 960 1247 4220 1615 4198
2262 9 2 6 1 516 1270 1284 2665 4616 4451
2263 9 2 6 1 934 1270 1369 4414 3367 2058
2264 9 2 6 1 245 471 1257 4177 4669 4233
2265 9 2 6 1 671 884 1311 4317 1562 4594
2266 9 2 6 1 515 1094 1354 3165 4638 3158
2267 9 2 6 1 797 869 1438 3666 4166 4472
2268 9 2 6 1 762 1288 1424 3346 4670 3130
2269 9 2 6 1 727 1226 1448 2235 4671 4672
2270 9 2 6 1 555 557 1297 4630 4673 1704
2271 9 2 6 1 931 940 1306 4310 4674 4675
2272 9 2 6 1 563 242 1233 4236 4203 4676
2273 9 2 6 1 567 1250 1460 3900 4677 2884
2274 9 2 6 1 1168 680 1169 4641 4678 3274
2275 9 2 6 1 243 563 1238 4237 4679 4211
2276 9 2 6 1 1213 528 1214 4623 1502 4680
2277 9 2 6 1 1124 664 1429 2164 2741 4430
2278 9 2 6 1 776 775 1483 3093 4434 4513
2279 9 2 6 1 604 602 1477 4076 4681 3781
2280 9 2 6 1 1076 1075 1465 2229 4682 4683
2281 9 2 6 1 1100 548 1330 2943 4366 4684
2282 9 2 6 1 855 857 1327 3863 4685 4686
2283 9 2 6 1 857 861 1327 4348 2848 4685
2284 9 2 6 1 486 136 1346 4149 4520 3269
2285 9 2 6 1 710 129 1277 4160 4299 3208
2286 9 2 6 1 1137 1000 1419 2748 4092 4254
2287 9 2 6 1 415 479 1267 4181 4687 4285
2288 9 2 6 1 885 886 1457 3657 3124 3354
2289 9 2 6 1 862 1324 1430 3432 4688 4689
2290 9 2 6 1 879 1003 1441 3504 3489 4489
2291 9 2 6 1 1365 503 1471 4554 4690 4691
2292 9 2 6 1 1396 881 1441 4692 4490 4693
2293 9 2 6 1 722 931 1044 4694 4695 4696
2294 9 2 6 1 1244 1245 1246 4040 2247 3377
2295 9 2 6 1 1120 984 1470 3512 2764 4697
2296 9 2 6 1 722 723 931 4136 4309 4694
2297 9 2 6 1 665 246 1257 4275 4234 4698
2298 9 2 6 1 1433 780 1459 2874 2642 4699
2299 9 2 6 1 1045 549 1479 4655 4400 1715
2300 9 2 6 1 813 1318 1324 1987 4700 4627
2301 9 2 6 1 470 1225 1226 4645 4701 4702
2302 9 2 6 1 1070 299 1243 4209 4316 3852
2303 9 2 6 1 1152 499 1373 4422 3079 2990
2304 9 2 6 1 1292 889 1453 4485 4703 4704
2305 9 2 6 1 958 955 1272 4538 4588 1920
2306 9 2 6 1 5 550 552 4705 4706 4707
2307 9 2 6 1 1042 1142 1449 4708 4709 4145
2308 9 2 6 1 553 554 555 4463 4313 1581
2309 9 2 6 1 583 585 1432 3510 3560 4635
2310 9 2 6 1 680 681 1421 3491 4710 4711
2311 9 2 6 1 889 1317 1453 4420 4712 4703
2312 9 2 6 1 1279 725 1372 4481 4713 2757
2313 9 2 6 1 1289 672 1496 4088 4714 4715
2314 9 2 6 1 5 251 550 294 4716 4705
2315 9 2 6 1 989 1177 1444 4436 4652 3279
2316 9 2 6 1 506 1176 1350 4496 4340 3445
2317 9 2 6 1 1344 930 1449 3779 4146 4717
2318 9 2 6 1 686 1345 1484 4718 4719 4720
2319 9 2 6 1 889 855 1327 4335 4686 4421
2320 9 2 6 1 518 1184 1414 2880 4563 2972
2321 9 2 6 1 819 870 1425 4533 4549 4721
2322 9 2 6 1 1105 705 1500 3818 4601 3089
2323 9 2 6 1 247 665 1256 4276 4722 4331
2324 9 2 6 1 7 421 721 464 4723 4724
2325 9 2 6 1 607 1313 1412 2814 4725 4726
2326 9 2 6 1 943 942 1452 3537 1764 3452
2327 9 2 6 1 563 1233 1234 4676 1677 4727
2328 9 2 6 1 658 686 1371 4607 4728 4553
2329 9 2 6 1 999 416 1267 4344 4286 4729
2330 9 2 6 1 558 724 1242 4561 3627 4649
2331 9 2 6 1 471 1238 1374 4666 4730 4731
2332 9 2 6 1 1044 1169 1421 1510 4732 4733
2333 9 2 6 1 1379 881 1396 3373 4692 2998
2334 9 2 6 1 1377 543 1497 4580 1864 4734
2335 9 2 6 1 681 722 1421 4612 4735 4710
2336 9 2 6 1 1065 1292 1453 4497 4704 4174
2337 9 2 6 1 562 566 1309 4416 4659 4667
2338 9 2 6 1 707 1289 1427 3456 4736 4657
2339 9 2 6 1 128 488 1277 4392 4737 4298
2340 9 2 6 1 498 1134 1359 4364 4738 4739
2341 9 2 6 1 902 935 1458 4352 4740 4741
2342 9 2 6 1 465 1121 1360 4342 4742 4743
2343 9 2 6 1 1077 903 1440 4259 4545 4744
2344 9 2 6 1 298 496 1243 4386 2670 4315
2345 9 2 6 1 1267 479 1357 4687 3167 4745
2346 9 2 6 1 861 859 1430 4347 4746 4191
2347 9 2 6 1 1274 1307 1341 2432 4747 4748
2348 9 2 6 1 1251 1068 1391 3176 3389 4647
2349 9 2 6 1 472 248 1256 4387 4332 1689
2350 9 2 6 1 990 731 1376 4321 4374 4749
2351 9 2 6 1 1263 666 1491 4020 3749 4750
2352 9 2 6 1 417 999 1275 4345 4751 4367
2353 9 2 6 1 1134 1147 1359 4515 3602 4738
2354 9 2 6 1 859 862 1430 3896 4689 4746
2355 9 2 6 1 711 1263 1491 4752 4750 3697
2356 9 2 6 1 966 1077 1440 3891 4744 2028
2357 9 2 6 1 1277 488 1278 4737 4516 4013
2358 9 2 6 1 678 1326 1383 3215 3223 2790
2359 9 2 6 1 1214 727 1448 2016 4672 4753
2360 9 2 6 1 480 418 1275 4389 4368 4246
2361 9 2 6 1 1324 1318 1430 4700 4192 4688
2362 9 2 6 1 1260 465 1360 4521 4743 4754
2363 9 2 6 1 1295 816 1474 4477 4755 4044
2364 9 2 6 1 665 1257 1258 4698 1921 4756
2365 9 2 6 1 488 127 1281 4391 4406 4611
2366 9 2 6 1 1001 1228 1255 4373 4574 4757
2367 9 2 6 1 1126 498 1426 4350 4758 4337
2368 9 2 6 1 960 1224 1419 4665 4255 2239
2369 9 2 6 1 1306 940 1468 4674 4759 2891
2370 9 2 6 1 483 1161 1375 4450 4760 1728
2371 9 2 6 1 126 725 1281 4409 4483 4405
2372 9 2 6 1 821 823 1361 4479 4552 4761
2373 9 2 6 1 1314 1371 1484 4302 4762 4582
2374 9 2 6 1 828 830 1445 3769 4662 3857
2375 9 2 6 1 419 480 1274 4390 3169 4425
2376 9 2 6 1 1348 1071 1349 4626 4763 3438
2377 9 2 6 1 827 1171 1378 4063 2344 2518
2378 9 2 6 1 673 944 1370 4619 4764 4765
2379 9 2 6 1 1072 902 1458 3548 4741 3499
2380 9 2 6 1 1275 999 1276 4751 2129 4617
2381 9 2 6 1 544 1377 1497 4633 4734 3035
2382 9 2 6 1 1376 732 1490 3901 1659 4766
2383 9 2 6 1 1161 1163 1375 4555 3778 4760
2384 9 2 6 1 916 1240 1405 4634 3027 4767
2385 9 2 6 1 1295 773 1424 4043 3131 4768
2386 9 2 6 1 1142 1042 1342 4708 2283 4548
2387 9 2 6 1 544 1325 1487 1837 4625 4609
2388 9 2 6 1 722 1044 1421 4696 4733 4735
2389 9 2 6 1 724 560 1309 4560 4668 3904
2390 9 2 6 1 912 1048 1487 4147 4610 4769
2391 9 2 6 1 991 1300 1451 4326 3473 2396
2392 9 2 6 1 1370 944 1418 4764 4770 4134
2393 9 2 6 1 249 472 1273 4388 4771 4503
2394 9 2 6 1 1075 703 1465 3834 2185 4682
2395 9 2 6 1 1030 1115 1462 4207 4575 3440
2396 9 2 6 1 1313 905 1412 4654 1998 4725
2397 9 2 6 1 602 628 1477 3953 2894 4681
2398 9 2 6 1 870 821 1361 4532 4761 3386
2399 9 2 6 1 1288 866 1424 4491 4772 4670
2400 9 2 6 1 552 553 1100 4773 1583 4774
2401 9 2 6 1 886 1206 1464 4171 2950 4658
2402 9 2 6 1 1039 1119 1356 2179 4544 2269
2403 9 2 6 1 1263 711 1399 4752 2881 4458
2404 9 2 6 1 7 721 1002 4724 4775 4572
2405 9 2 6 1 552 1100 1330 4774 4684 4776
2406 9 2 6 1 1142 474 1449 4447 4777 4709
2407 9 2 6 1 1002 721 1291 4775 4778 4779
2408 9 2 6 1 295 551 1398 4476 1593 4599
2409 9 2 6 1 1250 990 1460 3508 4780 4677
2410 9 2 6 1 1296 1019 1480 4781 3611 4782
2411 9 2 6 1 1291 721 1307 4778 4783 3706
2412 9 2 6 1 1189 1179 1392 4518 3205 4784
2413 9 2 6 1 1118 818 1384 4495 4785 4786
2414 9 2 6 1 552 550 553 4706 4462 4773
2415 9 2 6 1 975 1271 1394 4787 4396 3787
2416 9 2 6 1 492 1271 1393 4592 4788 4789
2417 9 2 6 1 1121 673 1370 4444 4765 4790
2418 9 2 6 1 1191 492 1393 4534 4789 4791
2419 9 2 6 1 1181 1191 1395 4501 4792 2643
2420 9 2 6 1 1082 1002 1420 4573 4793 4600
2421 9 2 6 1 1261 1118 1384 4569 4786 3567
2422 9 2 6 1 1271 1192 1403 4591 4794 4397
2423 9 2 6 1 816 827 1474 3524 4379 4755
2424 9 2 6 1 1190 1189 1392 4604 4784 3667
2425 9 2 6 1 468 1178 1400 4541 4660 4795
2426 9 2 6 1 1328 490 1482 3867 4796 3168
2427 9 2 6 1 1188 468 1400 4602 4795 2779
2428 9 2 6 1 1019 1296 1365 4781 4585 4797
2429 9 2 6 1 1303 1196 1404 4614 4798 4799
2430 9 2 6 1 1090 1269 1423 4528 4590 3085
2431 9 2 6 1 725 1082 1372 3285 4320 4713
2432 9 2 6 1 607 1412 1431 4726 4800 3949
2433 9 2 6 1 1347 771 1422 3264 4108 4801
2434 9 2 6 1 1192 523 1403 4566 2160 4794
2435 9 2 6 1 1196 525 1404 4567 3334 4798
2436 9 2 6 1 1187 1188 1410 4603 3639 4802
2437 9 2 6 1 818 819 1425 4283 4721 4803
2438 9 2 6 1 476 1190 1411 4605 2232 4804
2439 9 2 6 1 1113 912 1487 4465 4769 4624
2440 9 2 6 1 1185 476 1411 4556 4804 4805
2441 9 2 6 1 474 1344 1449 4651 4717 4777
2442 9 2 6 1 1186 1185 1411 4621 4805 3710
2443 9 2 6 1 526 1187 1410 4564 4802 3102
2444 9 2 6 1 663 1168 1402 4642 4806 4807
2445 9 2 6 1 484 1303 1501 4615 4808 4809
2446 9 2 6 1 1019 1365 1471 4797 4691 3944
2447 9 2 6 1 1122 1036 1476 4305 3275 4810
2448 9 2 6 1 491 1159 1454 4439 3362 3559
2449 9 2 6 1 1345 686 1402 4718 4811 4812
2450 9 2 6 1 503 1156 1471 4543 3053 4690
2451 9 2 6 1 940 963 1468 3448 4297 4759
2452 9 2 6 1 1273 472 1285 4771 1691 4127
2453 9 2 6 1 1345 1047 1484 4128 4583 4719
2454 9 2 6 1 896 1260 1360 2806 4754 3351
2455 9 2 6 1 1125 726 1499 4597 2598 3893
2456 9 2 6 1 935 1321 1433 4530 3420 4813
2457 9 2 6 1 1252 1059 1489 3525 3237 4546
2458 9 2 6 1 498 1359 1426 4739 4814 4758
2459 9 2 6 1 482 1296 1480 4480 4782 1768
2460 9 2 6 1 661 663 1402 4163 4807 4815
2461 9 2 6 1 420 1274 1341 4426 4748 4631
2462 9 2 6 1 890 1231 1478 3464 4816 1792
2463 9 2 6 1 1291 997 1390 3705 4272 4817
2464 9 2 6 1 1207 1080 1473 2660 3506 4818
2465 9 2 6 1 1307 721 1341 4783 4819 4747
2466 9 2 6 1 697 1076 1465 3125 4683 2070
2467 9 2 6 1 1169 680 1421 4678 4711 4732
2468 9 2 6 1 944 1427 1496 4258 4820 4821
2469 9 2 6 1 489 1120 1470 4330 4697 4822
2470 9 2 6 1 1317 772 1453 3298 4175 4712
2471 9 2 6 1 1336 489 1470 4267 4822 4288
2472 9 2 6 1 935 1433 1459 4813 4699 4823
2473 9 2 6 1 250 1273 1332 4504 3311 4636
2474 9 2 6 1 490 1141 1482 4408 4418 4796
2475 9 2 6 1 686 661 1402 4606 4815 4811
2476 9 2 6 1 1418 944 1496 4770 4821 4824
2477 9 2 6 1 1001 1255 1463 4757 3283 4359
2478 9 2 6 1 1349 1071 1447 4763 4640 4825
2479 9 2 6 1 1231 1015 1478 2869 4628 4816
2480 9 2 6 1 1360 1121 1370 4742 4790 3352
2481 9 2 6 1 522 1396 1441 4452 4693 3488
2482 9 2 6 1 1427 1289 1496 4736 4715 4820
2483 9 2 6 1 866 1295 1424 4643 4768 4772
2484 9 2 6 1 1183 484 1501 4536 4809 2398
2485 9 2 6 1 551 5 552 4475 4707 4826
2486 9 2 6 1 834 1315 1450 2709 4423 3206
2487 9 2 6 1 932 1347 1422 4664 4801 2348
2488 9 2 6 1 1191 1393 1395 4791 4441 4792
2489 9 2 6 1 551 552 1330 4826 4776 3469
2490 9 2 6 1 1225 1213 1448 4639 4827 4828
2491 9 2 6 1 1213 1214 1448 4680 4753 4827
2492 9 2 6 1 1168 1345 1402 4644 4812 4806
2493 9 2 6 1 1226 1225 1448 4701 4828 4671
2494 9 2 6 1 1271 975 1393 4787 4440 4788
2495 9 2 6 1 470 1226 1456 4702 4629 4829
2496 9 2 6 1 1222 470 1456 4656 4829 4830
2497 9 2 6 1 1384 818 1425 4785 4803 4831
2498 9 2 6 1 1458 935 1459 4740 4823 4832
2499 9 2 6 1 877 1353 1436 3245 4208 2633
2500 9 2 6 1 726 1122 1476 4596 4810 3119
2501 9 2 6 1 1337 1207 1473 4370 4818 4230
2502 9 2 6 1 1297 557 1442 4673 4833 4834
2503 9 2 6 1 1008 1303 1404 3296 4799 4334
2504 9 2 6 1 557 1242 1442 4650 2024 4833
2505 9 2 6 1 990 1376 1490 4749 4766 4835
2506 9 2 6 1 1238 563 1472 4679 4836 4837
2507 9 2 6 1 563 1234 1472 4727 2163 4836
2508 9 2 6 1 1412 929 1431 2078 2565 4800
2509 9 2 6 1 1374 1238 1472 4730 4837 4039
2510 9 2 6 1 716 1349 1447 2930 4825 4277
2511 9 2 6 1 1336 983 1469 4287 1543 4068
2512 9 2 6 1 550 251 1332 4716 4637 3454
2513 9 2 6 1 721 421 1341 4723 4632 4819
2514 9 2 6 1 1297 1442 1479 4834 4838 4399
2515 9 2 6 1 1339 895 1455 3714 3064 3960
2516 9 2 6 1 1359 985 1426 4014 3187 4814
2517 9 2 6 1 1460 990 1490 4780 4835 4839
2518 9 2 6 1 1303 1007 1501 3295 3299 4808
2519 9 2 6 1 995 1384 1425 3568 4831 4466
2520 9 2 6 1 672 1418 1496 1629 4824 4714
2521 9 2 6 1 1371 686 1484 4728 4720 4762
2522 9 2 6 1 1291 1390 1488 4817 4840 4841
2523 9 2 6 1 1442 937 1479 2023 1747 4838
2524 9 2 6 1 1002 1291 1488 4779 4841 4842
2525 9 2 6 1 789 1458 1459 3500 4832 2641
2526 9 2 6 1 1420 1002 1488 4793 4842 4843
2527 9 2 6 1 570 1460 1490 2885 4839 2391
2528 9 2 6 1 1390 720 1488 3516 4844 4840
2529 9 2 6 1 720 1420 1488 1607 4843 4844
2530 9 2 6 1 1257 471 1374 4669 4731 1922
2531 9 2 6 1 528 1200 1235 4593 4653 1503
2532 9 2 6 1 536 545 1320 2876 3253 2418
2533 9 2 6 1 1256 665 1258 4722 4756 1743
2534 9 2 6 1 1217 916 1405 4620 4767 1777
2535 9 2 6 1 1044 931 1306 4695 4675 2783
2536 9 2 6 1 1272 954 1329 4587 4535 1754
2537 9 2 6 1 999 1267 1357 4729 4745 2130
2538 9 2 6 1 1233 1222 1456 4663 4830 1678
$EndElements
