$MeshFormat
2.2 0 8
$EndMeshFormat
$PhysicalNames
6
1 1 "cc1"
1 2 "cc2"
1 3 "cc3"
1 4 "cc4"
1 5 "furo"
2 6 "surface"
$EndPhysicalNames
$Nodes
4035
1 -2 -0.5 0
2 2 -0.5 0
3 2 0.5 0
4 -2 0.5 0
5 1.00034 0.001213 0
6 0.994409 0.003757 0
7 0.976723 0.011171 0
8 0.947599 0.022828 0
9 0.907583 0.037755 0
10 0.857459 0.054724 0
11 0.798262 0.072364 0
12 0.731278 0.089264 0
13 0.658036 0.104081 0
14 0.580291 0.115625 0
15 0.5 0.12294 0
16 0.419282 0.12538 0
17 0.340356 0.122669 0
18 0.265458 0.114943 0
19 0.196735 0.102764 0
20 0.136137 0.087072 0
21 0.085318 0.069095 0
22 0.045573 0.050198 0
23 0.017809 0.031706 0
24 0.002557 0.014728 0
25 0 0 0
26 0.009755 -0.011302 0
27 0.031135 -0.018337 0
28 0.06342100000000001 -0.021343 0
29 0.105665 -0.020727 0
30 0.156756 -0.017072 0
31 0.21548 -0.011132 0
32 0.280552 -0.003798 0
33 0.350627 0.003963 0
34 0.424284 0.011194 0
35 0.5 0.01706 0
36 0.576144 0.020949 0
37 0.650981 0.02255 0
38 0.722713 0.021881 0
39 0.789523 0.019268 0
40 0.849648 0.015276 0
41 0.901434 0.010614 0
42 0.943408 0.006027 0
43 0.974334 0.002198 0
44 0.993279 -0.000331 0
45 0.99966 -0.001213 0
46 -1.900000000000277 -0.5 0
47 -1.800000000000555 -0.5 0
48 -1.700000000000832 -0.5 0
49 -1.600000000001109 -0.5 0
50 -1.500000000001387 -0.5 0
51 -1.400000000001664 -0.5 0
52 -1.300000000001942 -0.5 0
53 -1.200000000002219 -0.5 0
54 -1.100000000002496 -0.5 0
55 -1.000000000002774 -0.5 0
56 -0.9000000000030515 -0.5 0
57 -0.8000000000033287 -0.5 0
58 -0.7000000000036062 -0.5 0
59 -0.6000000000038836 -0.5 0
60 -0.5000000000041611 -0.5 0
61 -0.4000000000044384 -0.5 0
62 -0.3000000000047156 -0.5 0
63 -0.2000000000049929 -0.5 0
64 -0.1000000000052705 -0.5 0
65 -5.504485756091526e-12 -0.5 0
66 0.09999999999472964 -0.5 0
67 0.1999999999950068 -0.5 0
68 0.299999999995284 -0.5 0
69 0.3999999999955617 -0.5 0
70 0.4999999999958389 -0.5 0
71 0.5999999999961165 -0.5 0
72 0.6999999999963937 -0.5 0
73 0.7999999999966709 -0.5 0
74 0.8999999999969486 -0.5 0
75 0.9999999999972258 -0.5 0
76 1.099999999997503 -0.5 0
77 1.199999999997781 -0.5 0
78 1.299999999998058 -0.5 0
79 1.399999999998336 -0.5 0
80 1.499999999998613 -0.5 0
81 1.599999999998891 -0.5 0
82 1.699999999999168 -0.5 0
83 1.799999999999445 -0.5 0
84 1.899999999999723 -0.5 0
85 -1.950000000000151 -0.5 0
86 -1.850000000000394 -0.5 0
87 -1.750000000000733 -0.5 0
88 -1.650000000000976 -0.5 0
89 -1.550000000001256 -0.5 0
90 -1.450000000001526 -0.5 0
91 -1.350000000001803 -0.5 0
92 -1.250000000002081 -0.5 0
93 -1.150000000002358 -0.5 0
94 -1.050000000002635 -0.5 0
95 -0.9500000000029127 -0.5 0
96 -0.8500000000031902 -0.5 0
97 -0.7500000000034674 -0.5 0
98 -0.6500000000037449 -0.5 0
99 -0.5500000000040224 -0.5 0
100 -0.4500000000042998 -0.5 0
101 -0.3500000000045771 -0.5 0
102 -0.2500000000048543 -0.5 0
103 -0.1500000000051316 -0.5 0
104 -0.05000000000538751 -0.5 0
105 0.04999999999461258 -0.5 0
106 0.1499999999948685 -0.5 0
107 0.2499999999951452 -0.5 0
108 0.3499999999954229 -0.5 0
109 0.4499999999957005 -0.5 0
110 0.5499999999959777 -0.5 0
111 0.6499999999962549 -0.5 0
112 0.7499999999965326 -0.5 0
113 0.8499999999968098 -0.5 0
114 0.949999999997087 -0.5 0
115 1.049999999997365 -0.5 0
116 1.149999999997642 -0.5 0
117 1.249999999997919 -0.5 0
118 1.349999999998197 -0.5 0
119 1.449999999998474 -0.5 0
120 1.549999999998752 -0.5 0
121 1.64999999999903 -0.5 0
122 1.749999999999306 -0.5 0
123 1.849999999999584 -0.5 0
124 1.949999999999862 -0.5 0
125 2 -0.4000000000002774 0
126 2 -0.3000000000005548 0
127 2 -0.2000000000008322 0
128 2 -0.1000000000011096 0
129 2 -1.376121439022882e-12 0
130 2 0.09999999999889042 0
131 2 0.1999999999991677 0
132 2 0.2999999999994452 0
133 2 0.3999999999997227 0
134 2 -0.4500000000001682 0
135 2 -0.3500000000003965 0
136 2 -0.2500000000006935 0
137 2 -0.1500000000009709 0
138 2 -0.05000000000124283 0
139 2 0.04999999999875715 0
140 2 0.1499999999990291 0
141 2 0.2499999999993064 0
142 2 0.349999999999584 0
143 2 0.4499999999998614 0
144 1.900000000000277 0.5 0
145 1.800000000000555 0.5 0
146 1.700000000000832 0.5 0
147 1.600000000001109 0.5 0
148 1.500000000001387 0.5 0
149 1.400000000001664 0.5 0
150 1.300000000001942 0.5 0
151 1.200000000002219 0.5 0
152 1.100000000002496 0.5 0
153 1.000000000002774 0.5 0
154 0.9000000000030515 0.5 0
155 0.8000000000033287 0.5 0
156 0.7000000000036062 0.5 0
157 0.6000000000038836 0.5 0
158 0.5000000000041611 0.5 0
159 0.4000000000044384 0.5 0
160 0.3000000000047156 0.5 0
161 0.2000000000049929 0.5 0
162 0.1000000000052705 0.5 0
163 5.504485756091526e-12 0.5 0
164 -0.09999999999472964 0.5 0
165 -0.1999999999950068 0.5 0
166 -0.299999999995284 0.5 0
167 -0.3999999999955617 0.5 0
168 -0.4999999999958389 0.5 0
169 -0.5999999999961165 0.5 0
170 -0.6999999999963937 0.5 0
171 -0.7999999999966709 0.5 0
172 -0.8999999999969486 0.5 0
173 -0.9999999999972258 0.5 0
174 -1.099999999997503 0.5 0
175 -1.199999999997781 0.5 0
176 -1.299999999998058 0.5 0
177 -1.399999999998336 0.5 0
178 -1.499999999998613 0.5 0
179 -1.599999999998891 0.5 0
180 -1.699999999999168 0.5 0
181 -1.799999999999445 0.5 0
182 -1.899999999999723 0.5 0
183 1.950000000000151 0.5 0
184 1.850000000000394 0.5 0
185 1.750000000000733 0.5 0
186 1.650000000000976 0.5 0
187 1.550000000001256 0.5 0
188 1.450000000001526 0.5 0
189 1.350000000001803 0.5 0
190 1.250000000002081 0.5 0
191 1.150000000002358 0.5 0
192 1.050000000002635 0.5 0
193 0.9500000000029127 0.5 0
194 0.8500000000031902 0.5 0
195 0.7500000000034674 0.5 0
196 0.6500000000037449 0.5 0
197 0.5500000000040224 0.5 0
198 0.4500000000042998 0.5 0
199 0.3500000000045771 0.5 0
200 0.2500000000048543 0.5 0
201 0.1500000000051316 0.5 0
202 0.05000000000538751 0.5 0
203 -0.04999999999461258 0.5 0
204 -0.1499999999948685 0.5 0
205 -0.2499999999951452 0.5 0
206 -0.3499999999954229 0.5 0
207 -0.4499999999957005 0.5 0
208 -0.5499999999959777 0.5 0
209 -0.6499999999962549 0.5 0
210 -0.7499999999965326 0.5 0
211 -0.8499999999968098 0.5 0
212 -0.949999999997087 0.5 0
213 -1.049999999997365 0.5 0
214 -1.149999999997642 0.5 0
215 -1.249999999997919 0.5 0
216 -1.349999999998197 0.5 0
217 -1.449999999998474 0.5 0
218 -1.549999999998752 0.5 0
219 -1.64999999999903 0.5 0
220 -1.749999999999306 0.5 0
221 -1.849999999999584 0.5 0
222 -1.949999999999862 0.5 0
223 -2 0.4000000000002774 0
224 -2 0.3000000000005548 0
225 -2 0.2000000000008322 0
226 -2 0.1000000000011096 0
227 -2 1.376121439022882e-12 0
228 -2 -0.09999999999889042 0
229 -2 -0.1999999999991677 0
230 -2 -0.2999999999994452 0
231 -2 -0.3999999999997227 0
232 -2 0.4500000000001682 0
233 -2 0.3500000000003965 0
234 -2 0.2500000000006935 0
235 -2 0.1500000000009709 0
236 -2 0.05000000000124283 0
237 -2 -0.04999999999875715 0
238 -2 -0.1499999999990291 0
239 -2 -0.2499999999993064 0
240 -2 -0.349999999999584 0
241 -2 -0.4499999999998614 0
242 0.9973745000000107 0.002484999999995392 0
243 0.9855660000000026 0.007463999999998909 0
244 0.9621610000000012 0.01699949999999955 0
245 0.9275910000000106 0.03029149999999604 0
246 0.8825210000000649 0.04623949999997801 0
247 0.8950519999999369 0.04199725000002136 0
248 0.8699900000000337 0.05048174999998858 0
249 0.8278605000000842 0.06354399999997494 0
250 0.8426597499999904 0.05913400000000287 0
251 0.8130612499997359 0.06795400000007869 0
252 0.7647700000000873 0.08081399999997796 0
253 0.7815160000001408 0.07658899999996449 0
254 0.7480239999999856 0.08503900000000364 0
255 0.6946570000000661 0.09667249999998662 0
256 0.7129674999999559 0.09296825000000891 0
257 0.6763465000000054 0.1003767499999989 0
258 0.6191635000000852 0.1098529999999873 0
259 0.6385997500001824 0.1069669999999729 0
260 0.599727250000026 0.1127389999999961 0
261 0.5401455000001513 0.1192824999999862 0
262 0.5602182500000059 0.1174537499999995 0
263 0.5200727500002197 0.12111124999998 0
264 0.4596410000001115 0.1241599999999966 0
265 0.4798204999999959 0.1235500000000001 0
266 0.4394615000000904 0.1247699999999973 0
267 0.3798190000001193 0.1240245000000041 0
268 0.399550500000137 0.1247022500000047 0
269 0.3600875000000191 0.1233467500000007 0
270 0.3029070000000649 0.1188060000000067 0
271 0.3216315000000698 0.1207375000000072 0
272 0.2841824999999661 0.1168744999999965 0
273 0.2310965000000855 0.1088535000000151 0
274 0.2482772500001228 0.1118982500000218 0
275 0.2139157499999969 0.1058087499999995 0
276 0.1664360000000757 0.09491800000001961 0
277 0.1815855000000832 0.09884100000002155 0
278 0.1512865000000298 0.09099500000000771 0
279 0.1107275000000656 0.07808350000002319 0
280 0.1234322500000245 0.08257775000000867 0
281 0.09802275000003571 0.07358925000001262 0
282 0.06544550000003475 0.05964650000001653 0
283 0.03169100000004599 0.04095200000003063 0
284 0.01018300000002784 0.02321700000003099 0
285 0.00127850000000506 0.007364000000029144 0
286 0.004877499999986808 -0.005650999999984716 0
287 0.02044499999996491 -0.01481949999998845 0
288 0.04727799999995258 -0.01983999999999558 0
289 0.08454299999997872 -0.02103500000000031 0
290 0.1312104999999323 -0.01889950000000484 0
291 0.118437749999979 -0.0198132500000015 0
292 0.1439832499999699 -0.01798575000000215 0
293 0.1861179999999402 -0.01410200000000604 0
294 0.171436999999995 -0.01558700000000051 0
295 0.2007989999999862 -0.0126170000000014 0
296 0.2480159999999346 -0.007465000000007367 0
297 0.2317480000000122 -0.009298499999998629 0
298 0.2642839999999169 -0.00563150000000937 0
299 0.3155894999999025 8.249999998920145e-05 0
300 0.2980707499999513 -0.001857750000005392 0
301 0.3331082499999862 0.002022749999998471 0
302 0.3874554999999024 0.007578499999990417 0
303 0.3690412499999771 0.005770749999997748 0
304 0.4058697499999861 0.009386249999998635 0
305 0.4621419999999994 0.01412699999999996 0
306 0.443213 0.0126605 0
307 0.4810709999999765 0.01559349999999818 0
308 0.5380719999998701 0.01900449999999336 0
309 0.519035999999935 0.01803224999999668 0
310 0.5571080000000281 0.01997675000000144 0
311 0.6135624999998915 0.02174949999999768 0
312 0.5948532499998626 0.02134924999999706 0
313 0.6322717499995231 0.0221497499999898 0
314 0.6868469999998916 0.02221550000000101 0
315 0.6689139999999458 0.02238275000000051 0
316 0.7047800000000253 0.02204824999999977 0
317 0.7561179999998702 0.02057450000000508 0
318 0.7394154999997901 0.02122775000000821 0
319 0.7728204999999686 0.01992125000000123 0
320 0.8195854999999134 0.01727200000000575 0
321 0.8045542499998224 0.01827000000001179 0
322 0.834616749999838 0.01627400000001075 0
323 0.8755409999999135 0.01294500000000778 0
324 0.8625945000000321 0.0141104999999971 0
325 0.8884874999999793 0.01177950000000185 0
326 0.9224209999999995 0.008320500000000054 0
327 0.9588709999999997 0.004112500000000042 0
328 0.9838064999999996 0.0009335000000000651 0
329 0.9964694999999999 -0.0007719999999999845 0
330 0.9999999999999684 -1.129283298817452e-13 0
331 1.458159317950501 -0.4174317826144207 0
332 1.448518457561496 0.4259469574595736 0
333 -0.4445923704151317 -0.3988297004863711 0
334 -0.4421232887436082 0.4163442627637635 0
335 -0.00198386765363128 0.03414697204930994 0
336 0.989790395319127 0.01792195552234757 0
337 0.9346239203147287 0.05496874772643231 0
338 0.8476321673752537 0.08429143332714058 0
339 0.9831195294152582 -0.01082762033622846 0
340 0.01382233178789843 -0.02961386933707794 0
341 0.9197321773794587 -0.01628395621857481 0
342 0.8322675295500799 -0.008653256680380377 0
343 0.7342568309136659 -0.01176167074776333 0
344 0.6347356261109882 -0.01022900221764184 0
345 0.5173510693889571 -0.01453788705661157 0
346 -1.462442902858307 -0.4051352253096166 0
347 -1.136623588849237 -0.4183760587488597 0
348 -0.8496486621062508 -0.418636830373008 0
349 0.4085736247253158 -0.02117288230324086 0
350 0.2975490877877816 -0.03548634516089939 0
351 0.2033710954492099 -0.03804523790592171 0
352 0.120020411425378 -0.04193630195231916 0
353 -0.7471841708070835 0.4140288202557557 0
354 -1.049785939051899 0.4201755999260056 0
355 -1.358881625117204 0.4182447238047314 0
356 0.05601473751667062 0.08543322965544464 0
357 -1.918401953420604 0.05466588582046844 0
358 1.91350109738044 -0.05558997835036165 0
359 1.147104370041794 -0.4147949648162989 0
360 0.1444100189457461 0.1149493670056511 0
361 1.145962682680924 0.4146391600421701 0
362 0.754719835036415 0.1143212410916855 0
363 -0.1649815665694311 -0.4172921339396165 0
364 -0.1435818869031087 0.4161496847939872 0
365 0.2484747213051459 0.1420488619332928 0
366 0.6434753321939031 0.139802424260361 0
367 0.3593080107402137 0.160220827965207 0
368 0.9480803851846283 -0.4189829849036603 0
369 0.5217982322504124 0.1604939556930652 0
370 0.7495391610650609 -0.4216065822000479 0
371 0.05559780130598011 -0.404798004647965 0
372 0.5501939222767749 -0.4008730137898981 0
373 -1.649999999999022 0.4161565701306964 0
374 0.2451907053749962 -0.4159601746100224 0
375 0.9441259164933766 0.4118998980672463 0
376 1.644398996006902 -0.4286534547577873 0
377 1.639970512021052 0.4043397828201796 0
378 0.4394552236221687 0.1551480043948356 0
379 -0.01275926407170532 0.01067801559134169 0
380 1.904255583105586 0.1600268960142524 0
381 0.05567533429508512 0.4122371116558262 0
382 -1.913396789988456 -0.150014471803774 0
383 -0.6487742086135252 -0.4177167431726483 0
384 -1.651609335070922 -0.4091507903308882 0
385 0.7500084920848578 0.412186091565959 0
386 0.2498309780450565 0.4161482049349388 0
387 1.899617063105886 -0.2576191325959876 0
388 0.5567358586040745 0.4175813618654473 0
389 -1.913397459621796 0.2500000000006935 0
390 1.909542021584392 0.3439834372515504 0
391 -1.915632440700788 -0.346096224596142 0
392 0.02167326726651427 0.07643689790993899 0
393 0.030654689552802 0.107219716130135 0
394 -0.001416887201920267 0.09901246189334569 0
395 0.007299605679117195 0.1320085538958836 0
396 -0.02699008267019305 0.1230081060765656 0
397 -0.0177772325506281 0.1592161944588972 0
398 -0.05533528059542601 0.149245042301379 0
399 -0.06360388200087663 0.1109128614108983 0
400 -0.0943578433999961 0.1376066276028474 0
401 -0.1035763906967791 0.09589350222285897 0
402 -0.1370204965083925 0.1259006526530904 0
403 -0.1473273450321964 0.07920436952404181 0
404 -0.18491064564859 0.1134684516189171 0
405 -0.1956670008735846 0.06084598154194679 0
406 -0.2376150978144308 0.09900521738412296 0
407 -0.2476458590305882 0.04235696588478533 0
408 -0.2094433884978709 0.005789805205006007 0
409 -0.2941081738511971 0.08209840116548298 0
410 -0.3070703232387386 0.02001499946890182 0
411 -0.3586175070015651 0.06377001859767763 0
412 -0.3696857778990563 -0.006435681646818483 0
413 -0.4287246133546112 0.04370964514274767 0
414 0.0168565237891346 0.1694967238615893 0
415 -0.4421972277835317 -0.02938019845116722 0
416 -0.5026062708967719 0.02100008220293907 0
417 -0.51745651633274 -0.05247586514132822 0
418 -0.5827464310524068 -0.00306019263222977 0
419 -0.3826684921887377 -0.07962267056595357 0
420 -0.2791083971548469 0.1430107958248173 0
421 -0.5648586813539943 0.07958744021542925 0
422 -0.6470803394927473 0.05508975984904552 0
423 -0.6663260179591527 -0.03084346718683501 0
424 -0.7327820605172999 0.0297500223511982 0
425 -0.04410258347805644 0.1827346180342439 0
426 -0.7524320640070052 -0.05955093557805265 0
427 -0.8210315329267442 0.003257657709282477 0
428 -0.4105829327219137 0.1163878205543205 0
429 -0.8406911399595087 -0.08951925744009406 0
430 -0.9110614852790785 -0.02542435117061407 0
431 -0.8901666379012536 0.06803901060226965 0
432 -0.9819927313141142 0.03963762008935415 0
433 -1.003268231166342 -0.05473794912942557 0
434 -1.074937529436548 0.01102170899172305 0
435 -0.1715837935730016 0.1625434199720647 0
436 -1.096319778231224 -0.08427704666201705 0
437 -1.168543376793614 -0.01790595520808846 0
438 -1.146709298093619 0.07796676731707904 0
439 -1.24109183533636 0.04899157258499004 0
440 -1.262836889098905 -0.04739441077525421 0
441 -1.335589317670822 0.01959377570146814 0
442 -1.355220932008914 -0.07479641890465548 0
443 -1.429944531601237 -0.009535557396074854 0
444 -1.452020104337033 -0.1043308125459159 0
445 -1.525096071411505 -0.03902882652427359 0
446 -1.503308678444931 0.05749678650662076 0
447 -0.1108477509803992 0.05450716977915446 0
448 -1.024085747032577 -0.1503029744925731 0
449 -0.6272121700465514 0.1405253201686751 0
450 -0.6863739724720421 -0.1195761189471868 0
451 -1.596334069002307 0.03013349218941304 0
452 -1.626521873341842 -0.05179347514723968 0
453 -1.282357060345386 -0.145421215217082 0
454 -1.313864318403215 0.116211469025244 0
455 -0.9604482289231295 0.1337771904019912 0
456 -1.57615868973385 0.125382362623213 0
457 -0.8691338063599187 0.1611592430163291 0
458 0.0664235063501943 0.114546851478859 0
459 -1.669225612811228 0.09798831589422377 0
460 -1.652585101300493 0.189547414317209 0
461 -1.55937640451507 0.2336059585547195 0
462 -0.9386244422560932 0.2284649322184447 0
463 -1.117718021124136 -0.1802258810135051 0
464 -1.045651490502949 -0.2444264869343492 0
465 -0.9512837607257634 -0.2161658099502657 0
466 -0.5441808631703512 0.1646956248334421 0
467 -0.6061171756623026 0.2232062180164415 0
468 -1.030467919512257 0.1971524104382472 0
469 -0.5226345048938836 0.2473557868605638 0
470 -0.6902584764868007 0.19795704870869 0
471 -0.5980913667032249 0.3182359087153341 0
472 -1.744911999474157 0.1625953401503663 0
473 0.04632194558178226 -0.04460457186441609 0
474 -0.8410406168003925 0.2478732889860176 0
475 -1.72596819227486 0.255253599110065 0
476 0.9044248263273702 0.06444408408983124 0
477 0.9261562076527815 0.08187694519504009 0
478 0.9553416354614195 0.07685620970678123 0
479 0.9459216647737261 0.1052184789031163 0
480 0.9742028833668299 0.0987747754441583 0
481 0.9658699457343891 0.1301707254901622 0
482 0.9990899357357805 0.1190039783334913 0
483 0.930180811727003 0.1391552180022981 0
484 0.988159627211437 0.1578397308494676 0
485 1.023992244350592 0.1500595607527447 0
486 1.033809160405109 0.1167847491975593 0
487 1.05879922882143 0.1427194539073836 0
488 1.067824916902584 0.1092699713007679 0
489 1.093549215178605 0.1354633497830516 0
490 1.102568807807313 0.09929774774962929 0
491 1.131719873084806 0.1285066655365114 0
492 1.141791267035237 0.08731448846588197 0
493 1.174703453749058 0.1194408914797867 0
494 1.187039084391996 0.07455570084733182 0
495 1.145152458728068 0.04120341120615752 0
496 1.197564344854796 0.02835672274454537 0
497 1.164733914151394 -0.00332100268300543 0
498 1.236225118383762 0.06210030141510311 0
499 1.212196557196004 -0.01706458259131689 0
500 1.168468499741726 -0.05129388890957366 0
501 1.224614235105882 -0.06967767263489269 0
502 1.074049110581818 0.07639289524799331 0
503 1.184602773467455 -0.1064020220685912 0
504 1.132684225621796 -0.09148055543589939 0
505 1.239350203284167 -0.12491311937955 0
506 1.282822003609729 -0.082271635278583 0
507 1.053625575679762 0.1789510115564226 0
508 1.297942824940256 -0.1428606276481965 0
509 1.343715649834416 -0.09797591937742056 0
510 1.145122659869055 -0.142731104083045 0
511 1.089403131811589 -0.1240269517375765 0
512 1.160616053861178 0.1632170162646015 0
513 1.105091142796787 -0.1781672367992076 0
514 1.053533688224508 -0.16392570676937 0
515 1.25157847738024 -0.1855709354937008 0
516 1.210820993037337 0.1550820580756547 0
517 1.360356318086043 -0.1623815930959171 0
518 1.408836017332745 -0.1149674069392914 0
519 1.390076712157295 -0.04853063507311434 0
520 1.458907542183553 -0.06523434048052594 0
521 1.437644374107951 0.006239187321962681 0
522 1.511804267093073 -0.01249483728213045 0
523 1.488809028054529 0.06287986399221157 0
524 1.530625425189984 -0.0858985773766946 0
525 1.567155577047114 0.04310417396628277 0
526 1.088710693331832 -0.0750243657851454 0
527 1.54360971162044 0.1198699042943197 0
528 1.464691648581088 0.1391988070213585 0
529 1.427416166222652 -0.1829503772667477 0
530 1.060291263723419 -0.2178967603684858 0
531 1.00711366019215 -0.1974928371331819 0
532 1.005245285251502 -0.1416812521104343 0
533 0.9614597247224675 -0.1774505823109578 0
534 1.624458946868477 0.1013135422962672 0
535 1.647618576932793 0.0208672955643689 0
536 1.193469469513669 0.2070144616144072 0
537 1.253763614915256 0.1959976908898597 0
538 0.9577942801270745 -0.1282074567399847 0
539 0.9141536867291553 -0.1524531578328504 0
540 0.921096759714939 -0.2126722532814267 0
541 0.8697727793584196 -0.1925774055354041 0
542 0.8611912267934585 -0.1384310631859912 0
543 0.8183432146672671 -0.1724181289294196 0
544 0.8162224351216056 -0.1194890456292136 0
545 0.7697956270319958 -0.1421965598374975 0
546 0.7740632756822783 -0.2043695050228391 0
547 0.7218722606147693 -0.181792126123814 0
548 0.8779817050014647 -0.25301576188131 0
549 1.520517243408991 0.1978737303374323 0
550 1.44106722593076 0.2149670519945237 0
551 1.119128415593258 -0.235442379384085 0
552 0.7135639416947743 -0.123356270656453 0
553 0.6671220977799721 -0.1560590668463717 0
554 0.6680064442845858 -0.2165617152781174 0
555 0.6177668060947126 -0.1878875413505661 0
556 1.375296460674056 -0.2323045565263094 0
557 1.117753551778317 0.005535802708811401 0
558 1.231144721449524 0.2555277415838114 0
559 0.9872095701642204 -0.097581024024783 0
560 1.069178133369436 -0.2782526343921849 0
561 0.6134577444854544 -0.1294292444548097 0
562 0.5652747742011124 -0.1598051801933434 0
563 0.5668761144428529 -0.2199773614525594 0
564 0.511936277434956 -0.1898047429871841 0
565 0.5138101172253245 -0.2531879934318435 0
566 0.4557351540418642 -0.2210350272564414 0
567 0.4577376988422078 -0.2878668683271255 0
568 0.4004256342075089 -0.2532485403024768 0
569 0.3994939674631579 -0.1890831511477877 0
570 0.3461155100650151 -0.2185620166780507 0
571 0.3494250411216485 -0.1584990895935162 0
572 0.2971512039655655 -0.1857447812488008 0
573 0.2918495064381565 -0.2511383341269882 0
574 0.2441435529051037 -0.212616172641859 0
575 0.2524170659932027 -0.1543068542753436 0
576 0.1973716754120576 -0.1701398140311945 0
577 0.1866599093650301 -0.231905661135211 0
578 0.1469951621334256 -0.1968258891545117 0
579 0.1489858613533704 -0.1480860364381605 0
580 0.1062692518125568 -0.1676754922671372 0
581 0.09864500338744595 -0.2172375786671144 0
582 0.0627074092095095 -0.1858282012200537 0
583 0.05053704333769127 -0.2356137189755649 0
584 0.01179728920948057 -0.1933257750459099 0
585 -0.002319098550093161 -0.2553302500418851 0
586 -0.04563704531928781 -0.2176918941084644 0
587 -0.03561175375603418 -0.1598813704543653 0
588 -0.08967808259793532 -0.1798885925382475 0
589 -0.07427530614273622 -0.1245363527847814 0
590 -0.1326190095755996 -0.1294656040918937 0
591 -0.148086248753424 -0.1996456915199171 0
592 -0.196330420658164 -0.1556208345808756 0
593 -0.2109745836935659 -0.2228367215072731 0
594 0.07326661962091893 -0.1418239646746719 0
595 0.9793266694938783 0.07232056539548992 0
596 -0.0227091526924154 -0.1088585448688924 0
597 -0.05974002777974743 -0.07990472846712407 0
598 -0.01498152951646363 -0.01096972181964768 0
599 -0.03187518619647942 0.006201267286067041 0
600 0.5114323394873799 -0.1302029448426114 0
601 0.4029347777565122 -0.3239827844946682 0
602 1.712230910697978 0.08458166372713971 0
603 1.690301599525191 0.1702126226505685 0
604 0.09441786163023722 -0.2779549948327491 0
605 1.166141651379969 0.2661221022558815 0
606 0.3953852190800385 -0.130704647689214 0
607 1.446502036536788 -0.2559097788943399 0
608 0.9519918499852512 -0.08557600304917848 0
609 1.36652648915906 0.01995891781272428 0
610 -0.05754711365802143 -0.2801087099244621 0
611 1.731838668799337 -0.002137036947870758 0
612 0.8513074990485626 -0.09215181715625295 0
613 -0.2639547028510889 -0.1749327590274971 0
614 -0.2821815923066871 -0.2448335703514019 0
615 1.379901177172279 0.1509874610556955 0
616 1.299238444740791 0.2441573155761632 0
617 1.278072984385957 0.3115827482414191 0
618 1.668246659287844 -0.0645555821921671 0
619 1.753534084389364 -0.08830218596096764 0
620 1.694668944584437 -0.1506446812220043 0
621 0.9366773808604438 -0.274674281673789 0
622 -0.03735525764925038 -0.0196375131333696 0
623 -0.05515664497220533 -0.0008347616874354272 0
624 -0.04833997817744765 0.02608222785754338 0
625 0.8103773466256561 -0.07204640376542862 0
626 0.3461025457439826 -0.09710361917447977 0
627 0.9006068126718085 0.09123448968088001 0
628 -0.2471206176349536 -0.109488393053941 0
629 0.9748149615504877 -0.05767289774729462 0
630 1.005253705354457 -0.06663876309052523 0
631 1.349668794943125 0.2985263611443287 0
632 -0.3370894161745673 -0.196987152850581 0
633 -0.3549815655166026 -0.2710295567099195 0
634 -0.4144702990639322 -0.218193292568198 0
635 -0.2913806092793327 -0.329433250657815 0
636 0.5796576336163709 -0.2863326156446546 0
637 1.850486032256166 -0.4183466010957892 0
638 -1.849576263071508 0.4153227954942532 0
639 1.002268871794605 0.01642028816920233 0
640 1.000255972871822 0.02721098864660554 0
641 1.012935030026394 0.01961430003998326 0
642 1.011046559587727 0.03532669760692862 0
643 1.024007503773899 0.02905696228567266 0
644 1.026400094800774 0.01660398008412229 0
645 1.0395644191338 0.02294766127017527 0
646 1.036433921300954 0.005998504855288579 0
647 1.022887314728621 0.04526848229341876 0
648 1.022943911492265 -0.004947630089371805 0
649 1.037591292866679 -0.0120394159713833 0
650 1.05835108672321 -0.001102499787087894 0
651 1.022568361236444 -0.02117344557262533 0
652 1.037887950731412 -0.03676018446252982 0
653 0.9879740537970556 0.03310083571328703 0
654 0.06890531493684129 -0.05035808185599047 0
655 0.05497417369779467 -0.06981261012562648 0
656 0.08375229896312977 -0.07416962179591044 0
657 0.02939826449653427 -0.06807615412780826 0
658 1.499322517545039 -0.2036380872637509 0
659 1.521353212069053 -0.2786656648942254 0
660 1.497807027114895 0.2738476185247428 0
661 1.578636723233678 0.2581096651900808 0
662 -0.9166541077366268 0.3240575865552868 0
663 0.880538450717482 -0.3175808294221106 0
664 0.8205264309448317 -0.2886336205937721 0
665 -0.01974298092006214 -0.06899511330358545 0
666 0.03543693570310716 -0.09193068628858481 0
667 -0.9761204794951422 -0.3196481083087619 0
668 1.134409661875993 -0.2958296501306452 0
669 1.77536320271755 -0.1756357004077758 0
670 1.702953917433562 -0.2539467744499553 0
671 -0.1652903572947366 -0.2748224553998835 0
672 0.8875259811475247 -0.01228675857874501 0
673 0.89944229888914 -0.04021237296347846 0
674 0.8684371199252744 -0.03673532224829144 0
675 1.38983522284791 -0.3059294899491006 0
676 1.319489731653189 -0.2843472437651 0
677 1.793216282867085 0.06012219281868368 0
678 1.2677707512365 0.1410393463971108 0
679 1.341138248427384 -0.3574610092619875 0
680 1.265354980486293 -0.3481716390891325 0
681 -1.750991688519857 0.05826377063041624 0
682 0.9954908663390781 -0.007232206374314581 0
683 0.9930674700254111 -0.01974158489825763 0
684 -0.8779420889069548 -0.278695028307742 0
685 1.570764761245577 -0.2118317399558362 0
686 -0.009951873696871043 0.07042491113505804 0
687 1.177468562028041 -0.2526338764115522 0
688 1.120068391027182 -0.04968242313869836 0
689 0.009104520334499405 -0.1418253352088364 0
690 -1.139762929234757 -0.2677753499517249 0
691 0.9442098844817323 -0.04986739363850989 0
692 1.322681774599708 0.369180731175361 0
693 1.080326429059284 -0.3507213589261178 0
694 -0.00233944059775415 -0.3317951621875631 0
695 1.022323297331964 -0.0975822173873296 0
696 -0.4333492320632502 -0.2967662899329782 0
697 -0.4955970938856064 -0.2392733164654195 0
698 -0.5164488348801388 -0.3267072462706578 0
699 -0.5767961736125735 -0.2628283050424604 0
700 -0.5594055029701769 -0.1765844311318211 0
701 0.9629791325122257 -0.01331057832752288 0
702 0.9612966363834559 0.0513007543548246 0
703 1.086288788448363 -0.03951118224663212 0
704 1.006335463904625 -0.3132664020558402 0
705 1.554211150098076 0.3416133901310797 0
706 0.892196947589708 -0.104830676796535 0
707 0.4524296509356501 -0.151495055678861 0
708 0.4684487505976164 -0.09388052278169412 0
709 0.5181881830769375 -0.07853456437768394 0
710 0.485007841762201 -0.04606802392026953 0
711 1.605671179822263 -0.2931117931486719 0
712 1.011247708780148 -0.01142743452162356 0
713 1.010159975590785 -0.0004951770973527226 0
714 1.003125879782817 -0.0004051594823461406 0
715 1.004555277142933 0.003208139281257311 0
716 -0.002426127956597347 -0.02492379060734011 0
717 1.01559364698049 0.09052053837596626 0
718 1.043005449676272 0.08111374253260756 0
719 1.054232523483573 0.05485845787999261 0
720 1.077910213438916 0.04610986723438761 0
721 0.3004422152214734 -0.1293894454038677 0
722 0.2582650982836518 -0.1027966004110167 0
723 0.2155711478412775 -0.1193195526651396 0
724 0.3907598318135745 -0.08104598819425386 0
725 0.3598141156946902 -0.05478286137585936 0
726 -0.0639345674928386 -0.02538135456745191 0
727 -0.08545977827043462 -0.008786373749784197 0
728 1.007076210120977 0.05172932789314121 0
729 1.107191266735738 0.06405118019190387 0
730 -0.04937831768028177 0.4054303015220365 0
731 -0.1053242304678119 0.3395297563537505 0
732 -0.1814478557636089 0.3385128156906663 0
733 -0.1374373041248427 0.2779792790000131 0
734 -0.2100052458695771 0.2623630469223974 0
735 -0.2576053339529245 0.3321154121231632 0
736 -0.2903940125447914 0.2626604726341525 0
737 -0.07818178295553248 0.2759575664123171 0
738 -0.3363650414198562 0.326917255810657 0
739 -0.3663815994415006 0.2577233368337551 0
740 0.007159933817685534 0.3356490447807521 0
741 0.07545134389985012 0.331990323373702 0
742 0.04340769042609108 0.2726798452073881 0
743 0.1038354640704629 0.2699543532389083 0
744 0.1446006669583401 0.3200196743484603 0
745 0.1620978529845183 0.2614204502353858 0
746 0.1271614604014744 0.2162129338535709 0
747 0.1788842151149628 0.2081639335077894 0
748 0.2160143785170682 0.2475199816475966 0
749 0.1448198728078237 0.172937160004656 0
750 0.1009475155159248 0.1754889182704731 0
751 0.1889260482074557 0.1625068084329687 0
752 0.07576658717504395 0.2185423592695803 0
753 0.1542187132569838 0.429239683258595 0
754 -0.08843895953481667 -0.04780021074979389 0
755 -0.1270418892816701 -0.01920185479713777 0
756 -0.1357824764806673 -0.0639062999434713 0
757 -0.07323497588617581 -0.3472649515389398 0
758 1.049765106088518 0.4049049836511399 0
759 0.9957275185696483 0.3387186673088037 0
760 0.9238373035056329 0.3321863722470115 0
761 0.9679398712371254 0.2773505421118695 0
762 0.9013134390073705 0.263979570066094 0
763 1.028926463201623 0.278479443455548 0
764 0.8565803249003341 0.3183551336365544 0
765 0.8362973876556153 0.2591771036435047 0
766 0.8732891007357972 0.2121890275374046 0
767 0.816063688777718 0.2047993341516615 0
768 0.7777520126842268 0.2482316073729892 0
769 0.8476847831582373 0.1645026986051071 0
770 0.7616169495100858 0.1961512391321053 0
771 0.7207965480469596 0.2346856682469323 0
772 0.7368846392650915 0.2901164569082804 0
773 0.6775061616025146 0.2756773564181597 0
774 0.6612413356615123 0.2139050550216833 0
775 0.6187580765396967 0.2578414547142891 0
776 0.6326773021756079 0.3191730197279849 0
777 0.5711144048203531 0.2986545587807683 0
778 0.5587707280244317 0.2408313026093562 0
779 0.5110692576715112 0.2782070119112282 0
780 0.5017531336253249 0.2137520487328826 0
781 0.4537641169542272 0.2560778858589299 0
782 0.462343356339372 0.3175557549723598 0
783 0.4006687386709624 0.2950475384864379 0
784 0.4106101160076933 0.3632592556105145 0
785 0.3464230381618967 0.3354172381204524 0
786 0.3340398703425477 0.2613464178183292 0
787 0.2895331426261771 0.3031259775013895 0
788 0.9982116513613409 0.2309943125555823 0
789 0.9461618984148822 0.2292041916716975 0
790 0.6456749185567432 0.4069152242216065 0
791 1.108820596382248 0.3443671211456177 0
792 0.5636425771776121 -0.1039145359159009 0
793 0.6130739985382804 -0.07773745742572764 0
794 0.6616212576715099 -0.09928008456399132 0
795 0.7039649899164734 -0.07311528167351387 0
796 0.7460141765597184 -0.09135448491623571 0
797 0.565846616570976 -0.05127962129083827 0
798 -0.2515783629706638 -0.4160438800413666 0
799 1.003421603478636 -0.005540410069026567 0
800 0.4628183905341652 -0.3599713522322278 0
801 1.796350988214848 -0.2604286653942373 0
802 1.742030963833523 -0.326767203105258 0
803 0.2976721936319176 -0.07928370972724143 0
804 0.2630960842501666 -0.05985816767608904 0
805 0.221230540811859 -0.07266859495393467 0
806 0.1865978817212868 -0.09232007035201445 0
807 0.9778150756015771 -0.02832393082683479 0
808 1.533922952101072 -0.355103684737383 0
809 0.8468334222983775 0.427957828372543 0
810 0.1538053738342428 -0.4174008195485198 0
811 0.2000554685509338 -0.3460751020427894 0
812 0.284597973297482 -0.3321029250440148 0
813 0.3316154316197329 -0.409194603541802 0
814 0.7967235943837556 0.162548152970334 0
815 0.116362575164196 0.1052506757064477 0
816 -0.100025855464009 0.2223191337180571 0
817 0.8486364059130458 -0.4302566711226486 0
818 0.6571088561404033 -0.04835762242592879 0
819 0.112131742919133 -0.1274411164387521 0
820 0.6537262455391556 -0.4174086743156836 0
821 0.7001459546939883 -0.3374137831232195 0
822 0.3921933983077444 0.2355473620416542 0
823 0.9162106602921952 -0.07023571181135341 0
824 -1.831469926353934 0.1081662856784376 0
825 0.8297142463933278 0.1224299418524874 0
826 0.345939203862711 0.4164515072373507 0
827 -0.4106889619690089 0.3305521062999598 0
828 1.233857767385425 0.3827924357071285 0
829 -0.3436648685951705 -0.414712426185667 0
830 0.8691097850915652 0.1348060964922339 0
831 0.8913610354545881 0.1604442820783079 0
832 1.060096910493031 -0.05505692831354707 0
833 0.2260032641966849 0.2000425361076723 0
834 0.2716341603602343 0.2408317481984943 0
835 0.2713071901376537 0.1812373599217081 0
836 0.02103109563352329 0.2227870382451095 0
837 0.3448041610974587 0.2067533923603196 0
838 1.412579364583272 0.07759156739194656 0
839 1.343104919871835 0.08120563576442213 0
840 1.29538449584496 0.02892456113715619 0
841 0.2034183676127572 0.3036481948451147 0
842 1.021451661317909 0.06545026922360839 0
843 -0.07164691584823106 0.07444845178076563 0
844 -0.4655124159255716 0.1773281603847812 0
845 0.3146938933285843 0.1646049907594821 0
846 0.1205024610859977 0.1370276528679839 0
847 0.1218530684403261 -0.3447131741184238 0
848 -0.03574216150398153 0.08943132924007796 0
849 -0.5474621990122991 0.4145177904542839 0
850 -0.6484660651197269 0.4123892518879257 0
851 -0.6998909678048792 0.3333985913469797 0
852 -0.5512373757208241 -0.4149798661877687 0
853 1.00853848486668 0.008694879435177242 0
854 1.04620541643396 -0.4265129247880433 0
855 0.6817202871213304 0.1365896617445425 0
856 0.7080674765694541 0.1776480476373241 0
857 -0.2077656835242446 -0.3437848708126896 0
858 0.6063113868820915 0.2006223668041973 0
859 1.17062555406517 0.3382913318696462 0
860 -0.307272665737226 0.4004307523472886 0
861 -0.8569942905517619 -0.1869608746016384 0
862 -0.780977953039647 -0.2501896399252602 0
863 -0.7494915631064951 -0.4178486023769839 0
864 -0.7039440094660526 -0.3301623527096456 0
865 1.750000000000693 0.4133974596217964 0
866 1.703805414661958 0.3261965570642845 0
867 1.799863162092245 0.3319663208343463 0
868 1.747663686413661 0.2464093320700851 0
869 1.84307166045989 0.2455824630253418 0
870 1.794650157304596 0.1632055682301858 0
871 0.7192106082608137 0.1246111448600129 0
872 1.901471762071361 0.05013535397294851 0
873 1.917202769315343 -0.1536382582348409 0
874 0.9962077127304358 -0.04001424716248354 0
875 0.8776260292241546 -0.06743720818884863 0
876 1.057077044362158 0.2283634249572173 0
877 1.094281812746522 0.1971822686927917 0
878 1.082346003362242 0.2863867077992603 0
879 0.7708191698677545 -0.008768224030822658 0
880 0.7587529857249883 -0.03363351731456856 0
881 -0.4751372305377647 -0.1546296669697719 0
882 -1.219446223811265 0.1452669700409871 0
883 -1.292024830250855 0.2129006603908359 0
884 -1.198390048454028 0.2371164280527608 0
885 -1.386392619024857 0.1824498739572861 0
886 -1.359872972262293 0.2719784303694346 0
887 -1.91377927991518 -0.2493354407421837 0
888 -1.826902053775559 -0.1998583898021033 0
889 -1.827343333850196 -0.1008842733192923 0
890 -1.742938597489158 -0.1544926205246142 0
891 -1.740762663407084 -0.2506060909275873 0
892 -1.653457681752883 -0.2029125450915202 0
893 -1.73257913597258 -0.05276594295975101 0
894 -1.653466876319141 -0.3019729049935228 0
895 -1.56511222302268 -0.2493796229317812 0
896 -1.740261525324779 -0.3497273792812767 0
897 -1.562518132938496 -0.3495924257469398 0
898 -1.477308107989426 -0.2964308432501168 0
899 -1.382462117202072 -0.3312214598044027 0
900 -1.404571713356922 -0.2519199329095366 0
901 -1.308461425005618 -0.2516820264229155 0
902 -1.281030590869762 -0.3503851186973621 0
903 -1.914820297253701 -0.05024670943139132 0
904 -1.749929377177953 0.4169340040864107 0
905 -1.810397287256066 0.3220937775045273 0
906 -1.550024231409204 0.413857379198992 0
907 -1.6012083648299 0.3336693034963874 0
908 -1.504610373644082 0.3287587934565689 0
909 -1.455671777370351 0.416573140300701 0
910 -0.8506501097278671 0.4140968101559715 0
911 -1.147742967339586 0.4158209330354017 0
912 -1.081335750279752 0.3462375310371875 0
913 -1.256610877998528 0.4031913938623047 0
914 -1.038881003433733 -0.4134745006133099 0
915 -0.9485105568404163 -0.414606418165498 0
916 -1.82734811648413 -0.2992506676049076 0
917 -1.837127997203965 -0.4078139657004419 0
918 1.018699013337676 -0.04157591087833103 0
919 -1.568540775356335 -0.1398987798077187 0
920 1.606795827240702 -0.1293843965900468 0
921 -1.408460135790701 0.08675250666563153 0
922 -1.271060685933856 0.3006278781974781 0
923 -0.799403058935635 0.09609531638562462 0
924 0.2274080881170597 -0.2771791533650831 0
925 -1.481661349599146 0.1542986921992451 0
926 0.1743141818638058 -0.03992624228483764 0
927 -0.9312307757858386 -0.1205185361307685 0
928 -0.1528485064078844 0.02366842744967287 0
929 1.237588258095997 -0.4259131862675638 0
930 -1.189859252854636 -0.1142267303539168 0
931 -1.053377042542623 0.1054504983672511 0
932 0.6991964897668616 -0.03176323717928559 0
933 0.003558027329236955 -0.08870833237162318 0
934 -1.210590546750495 -0.2097551619246129 0
935 -0.3197601013106554 -0.1276407287020339 0
936 -0.2970601228087824 -0.05433962423371212 0
937 0.7910762128609197 0.1029872973624094 0
938 1.324569916683068 -0.03343070579850249 0
939 -0.5981033498952176 -0.1006980170524867 0
940 -0.6430131068414846 -0.1992333474360485 0
941 -1.124106885498381 0.1683631120614375 0
942 0.1764216900963392 0.1249398739572124 0
943 -0.2546998098050859 0.203024384639937 0
944 0.2363515698346599 -0.0363584391308952 0
945 -0.7714661283132411 -0.1480906151285478 0
946 -1.821687146135702 0.2181578965513015 0
947 -0.04117171923257663 0.05490437793170976 0
948 -0.9499999999970871 0.4159734119804095 0
949 0.9999836715205574 0.008535877067997407 0
950 -0.7117491742100869 0.1150475019936516 0
951 -1.010341439114279 0.2846606093697865 0
952 0.8028399229206191 -0.00862250383684322 0
953 0.5563468141383991 -0.0132487382156515 0
954 0.818909025325917 0.08912333450840246 0
955 0.3443315928429953 -0.2851719254968392 0
956 0.7228275790869843 -0.2549486703962987 0
957 1.821810263188431 -0.02417237067225015 0
958 0.8773999443334282 0.0732625512159239 0
959 0.605308805148445 0.1469469091815438 0
960 1.268894149492946 -0.02068952401177752 0
961 0.4022929339435002 0.1609046287398648 0
962 0.6224784352065997 -0.3445586667809364 0
963 0.8594363945432819 -0.01020199632908329 0
964 -0.03431753307217855 -0.4224517361269554 0
965 0.5633857379144213 0.1522207728476653 0
966 0.009160196066550145 0.05181088310181038 0
967 1.197323040507587 -0.1613817392450768 0
968 0.947229051214957 -0.3454268902127737 0
969 0.4769578857852062 0.1642170444198722 0
970 1.847700017153521 0.4193570228250847 0
971 0.0004808993093664638 -0.04600231655571244 0
972 -0.1581917137416385 0.2190996827415084 0
973 0.6944800575999619 0.3380208149009158 0
974 1.36801806666182 0.2266791039965807 0
975 1.915566950028067 -0.3515645342378018 0
976 -0.02321770712766728 0.02891572469160374 0
977 0.6712070137712441 -0.007941667014583974 0
978 -0.4961051598712334 0.3319285390108262 0
979 0.4490472317414951 -0.01869538577640693 0
980 1.478395425634206 -0.1339954002408162 0
981 -1.916561279943742 0.3502907555812105 0
982 0.5935838384171966 -0.01199290793926185 0
983 0.1466573075865772 -0.04197175181316887 0
984 0.1331186356000505 -0.06925610878556529 0
985 -1.829593123281485 -0.002290436637828708 0
986 0.478546779876061 0.3882465617483587 0
987 -0.3201598328989456 0.1955228979894127 0
988 1.31399717005131 0.1813298448207673 0
989 1.588591150356779 -0.03279165128163224 0
990 -0.4860776295705356 0.1004514622222766 0
991 -0.777070597129059 0.1795704336795159 0
992 1.603442719047226 0.1823935593578247 0
993 0.08849249621529617 0.09530310218688806 0
994 1.458768630846467 -0.3304764025865915 0
995 0.9975007101109192 -0.258811308472944 0
996 1.057149341281568 0.03313182787342265 0
997 1.078567032736995 0.01767596910799159 0
998 0.4309008774314081 -0.05610619021655375 0
999 -0.8010430704763949 0.3321242167144656 0
1000 1.309126762796941 -0.2125961370673687 0
1001 -0.1845670160487295 -0.0904840718943033 0
1002 -0.07837963589917962 0.03824414464101323 0
1003 -1.454671577168135 0.2479482800203666 0
1004 -0.3421078570759757 0.1303994738293347 0
1005 -0.2226350437053027 -0.05098373682974483 0
1006 1.744638024717805 -0.4085277588183812 0
1007 0.8189856133032611 -0.0359708105397041 0
1008 0.7496271044164506 0.1519808645879231 0
1009 0.7939746217930148 0.305005038694675 0
1010 0.6560452114565745 -0.2837321725790363 0
1011 0.1571421181456523 -0.2892367251996364 0
1012 0.06184414475671142 -0.3285000186687472 0
1013 1.660635494317632 0.248566463121827 0
1014 -0.08456505030027948 0.1774581203435819 0
1015 1.056153772621923 -0.09106039069399921 0
1016 1.00710590941485 -0.02440035099530725 0
1017 0.5276053961227636 0.3436150884615168 0
1018 0.1477687763248702 -0.1024373624961659 0
1019 -0.2316512903911932 0.4145347774925175 0
1020 -0.6025187808811414 -0.3431459419827091 0
1021 0.434744333760493 0.1967847366526755 0
1022 0.3723118588812022 -0.02289497575862972 0
1023 0.8240050424583736 -0.2281691485891337 0
1024 1.246926754606617 -0.2580148232886202 0
1025 1.838539217793936 -0.114157920176102 0
1026 1.157909169767463 -0.1957262013977742 0
1027 -0.8103419437045482 -0.3419104907962893 0
1028 -1.488604647472541 -0.2055433435561715 0
1029 -1.342872343952226 -0.4184894344593894 0
1030 0.6664895086658806 0.1713110323085655 0
1031 0.2107646158362878 0.1344794053996544 0
1032 0.7623665630133514 -0.3007330169869435 0
1033 -0.1729145282376905 -0.03343956286589345 0
1034 0.8028645045601566 -0.3571257577448886 0
1035 -0.01478309581108832 0.04801541484894321 0
1036 1.544633136196575 0.4252101939942555 0
1037 -0.2223404949287884 0.1530146804318732 0
1038 0.5153077835372067 -0.316381415504798 0
1039 -1.221560718975597 -0.2845738528860684 0
1040 0.4069702363275876 -0.4068819824240323 0
1041 0.2810694180694133 0.147053584964993 0
1042 1.422830874258465 0.2875280526375657 0
1043 -0.02041256743095762 -0.03785292901004317 0
1044 0.5468927592195026 0.1933418561162605 0
1045 1.118559345609941 0.1655895874748014 0
1046 1.141724197482484 0.2063344363627045 0
1047 -0.01803018274917139 0.2576145555312644 0
1048 -1.922354278006376 0.1518822927637878 0
1049 1.227029449779485 0.1054157526008542 0
1050 -0.1242907921645529 0.1741546061718583 0
1051 -0.102896189367317 -0.2419470804066282 0
1052 0.04282879239292123 0.1387726521614729 0
1053 0.05739429544782083 0.1778741106466085 0
1054 0.336246493850093 -0.02610499495286028 0
1055 0.4828997479932494 -0.01091524759857756 0
1056 1.197470865028502 -0.3131809036043592 0
1057 -1.175231851763707 0.3250366270562388 0
1058 1.931373853029974 0.2499185592579515 0
1059 1.054013160235305 0.01573029266395804 0
1060 1.085157572743114 -0.0104031731907704 0
1061 0.7870684944862653 -0.0342877103313011 0
1062 -0.3961506866591185 -0.1454562957916509 0
1063 0.9568519012665573 0.1615556503462964 0
1064 -1.080257326194266 -0.3330373892825201 0
1065 -0.01631267237143133 0.2040735883689836 0
1066 0.4225181999708404 0.4315768820052104 0
1067 0.08070087150891823 0.1438532569509918 0
1068 1.395653193719863 0.3555794898421832 0
1069 -0.3744378688967411 -0.3439677259284495 0
1070 -0.3905051416322061 0.1888248624546267 0
1071 1.373011041756854 -0.4266828907750105 0
1072 -1.699106956606403 0.340436628965717 0
1073 1.036957506230288 0.0377319240163845 0
1074 -0.3688675914566292 0.3852483221717702 0
1075 0.09306737316399548 -0.04468689553799904 0
1076 0.08395493549111295 -0.1074684321818746 0
1077 0.1115740020930739 -0.09094189256211488 0
1078 -0.2601720710987732 -0.01032380981295623 0
1079 1.012145311685953 0.186758734246498 0
1080 0.9710084931635212 0.1923737773175167 0
1081 -1.675130475929563 0.01636523212141247 0
1082 1.280800950116293 0.0913006247206401 0
1083 -0.7456678505137432 0.2594749835878953 0
1084 -0.1033490485832179 0.01800066094136392 0
1085 1.359984552278958 0.4306461891908196 0
1086 -1.550000000001248 -0.4321272777153231 0
1087 0.9245205690409574 0.1878900442355585 0
1088 -1.370375984579042 -0.1632795817836042 0
1089 0.9709278622988013 0.03043513682403075 0
1090 -0.1429435368105401 -0.3450058497557518 0
1091 0.3803923771336043 0.1919176135655489 0
1092 -0.09817115590271343 -0.08912263920741287 0
1093 0.5858227194252106 0.3614452814909387 0
1094 -1.749858978674264 -0.4328285691779513 0
1095 0.986103500398384 0.05026290113772434 0
1096 -0.7027677570977415 -0.2509278947748744 0
1097 1.477275639824895 0.3516209504315667 0
1098 -0.05637203906370802 0.2261811060276667 0
1099 1.060895600334301 -0.02581223066199177 0
1100 1.101675742823075 0.03398867124737352 0
1101 0.6176704419790193 -0.2388982812609868 0
1102 0.8713073531398919 0.1050245200276518 0
1103 0.9416435441187585 -0.02427996682864302 0
1104 1.627451858866479 0.3157651716654903 0
1105 0.2651129483745086 -0.0285931903935782 0
1106 0.8971918041661802 0.1228000047695342 0
1107 -1.231298452779606 -0.4241948029449551 0
1108 0.6148674736829255 -0.03989858591143715 0
1109 1.242052933154494 0.01632549573874205 0
1110 0.1085678131249352 -0.06463069999087903 0
1111 1.00221459788579 0.07001022669051027 0
1112 1.845414648229513 -0.1922959353617887 0
1113 0.2944299930077672 0.3646880182885786 0
1114 0.4722593751311208 -0.4310081696477723 0
1115 1.824781670359382 -0.3372089825412425 0
1116 1.553402823578678 -0.4338754338768955 0
1117 0.9577825604326765 -0.03301357082866507 0
1118 1.002066711607625 -0.01366839737170592 0
1119 1.537180791371101 -0.152949640285429 0
1120 -1.413771739609624 0.3381198202626031 0
1121 -1.103312315770401 0.2597611196692764 0
1122 0.1910714022169423 -0.06307230164792518 0
1123 0.1632546975522555 -0.06816397289661288 0
1124 0.7562158430094497 0.3430209136291688 0
1125 1.083763035607252 0.1639811342828902 0
1126 0.1364712735469771 -0.2451796287583561 0
1127 -0.4409184157004518 0.2556098519251532 0
1128 -0.4502007593066475 -0.09603670670960679 0
1129 0.7734997042952452 -0.06456711338298568 0
1130 1.046758019810218 -0.125100098450439 0
1131 1.019320819807231 0.007183233804922508 0
1132 0.1792590685305725 -0.126460567196535 0
1133 0.7045670666751571 -0.0007830403643337459 0
1134 0.327476887341693 -0.05855230607826804 0
1135 0.9989353077636195 0.0395402310972378 0
1136 0.1859065504804871 0.3645041186716136 0
1137 -0.04705479648708757 -0.04980791179403335 0
1138 1.848664276663158 0.1096098375361412 0
1139 0.345839049289979 -0.3434187921301137 0
1140 0.8079162144164905 0.3681168237867269 0
1141 0.9230531756566873 -0.03991381991428688 0
1142 1.153476068191135 -0.3490363167283451 0
1143 1.032898021455458 -0.0621464128413118 0
1144 0.4270031995015615 -0.1015738473397705 0
1145 0.7826699339411445 -0.2573159430064963 0
1146 1.926794919242963 0.4267949192428157 0
1147 1.926794919242814 -0.4267949192429619 0
1148 -1.926794919242963 -0.4267949192428157 0
1149 -1.926794919242814 0.4267949192429619 0
1150 1.639953222814943 -0.2080413213335325 0
1151 1.109928414953653 -0.02387461309861792 0
1152 1.670724798737108 -0.3451232440253398 0
1153 -0.2315185652197134 -0.2831421737458126 0
1154 0.6329398389389295 0.1736868668707312 0
1155 -0.9000473856018887 -0.3559304910850962 0
1156 1.303418505752917 -0.4116457450787389 0
1157 0.04094958985871485 -0.1556680259326881 0
1158 0.04664729841313706 -0.119976663362601 0
1159 0.8430381314052288 -0.05728533785033926 0
1160 0.02434894139509472 -0.04591870556689516 0
1161 0.9666449492766427 -0.2239081659896522 0
1162 0.3052434231522297 0.2131784495467557 0
1163 -1.647793712038753 0.2682390092579859 0
1164 0.7813939470538116 0.1325942581411815 0
1165 0.04042810211535851 -0.2858388289413019 0
1166 0.06095312845365633 -0.09267160275091946 0
1167 -1.665997673746362 -0.1220670041778717 0
1168 -0.6647033743849329 0.2659263220917034 0
1169 -0.008235585045119679 0.02244469460869913 0
1170 0.1184711783399282 0.3738136943973327 0
1171 0.2450998895572187 0.287856232487567 0
1172 0.894079859301409 -0.3786701224674886 0
1173 0.8436485256706188 -0.03103304289510419 0
1174 1.20624120085799 -0.2106655151673448 0
1175 1.403798649853724 -0.3682310862924671 0
1176 -0.1091698214539693 -0.2983141892747507 0
1177 0.1529122729607677 0.1415792099241233 0
1178 -0.6459180725908349 -0.2798822182434292 0
1179 0.7856975712094998 -0.09677277564807216 0
1180 0.8811347209013281 0.3738848145260399 0
1181 1.001721314323328 -0.3745782400821828 0
1182 0.5298174481415772 -0.04353790070020403 0
1183 0.5662617471463806 -0.3401217331595017 0
1184 1.133895369444466 0.3042337082807704 0
1185 -0.7153219453518743 -0.1905016206814325 0
1186 1.286090267120916 0.4355656099155585 0
1187 0.9099425072902046 0.2225556303286293 0
1188 0.244899398669857 0.3441552602452398 0
1189 -0.5288915790670157 -0.1210055580172104 0
1190 -0.2023109400380233 0.1996134046784213 0
1191 1.112577679796307 0.2481037747247709 0
1192 -0.355931218684985 0.4460826590552343 0
1193 -0.002432092735625402 -0.01210634737560614 0
1194 -1.181755601150537 -0.3463904287519151 0
1195 -0.05054775880552734 0.3242439325288384 0
1196 1.315290965581217 0.1291181510091941 0
1197 1.035956582096362 0.05519968966646428 0
1198 1.140373770771288 -0.02531208962580012 0
1199 1.218886142263031 0.3097907265486955 0
1200 1.202447510249132 -0.3703437746906155 0
1201 0.2245376068497526 0.1653207616387394 0
1202 0.9200114601982998 0.1080570273101737 0
1203 0.9286003541805726 -0.1083279932497225 0
1204 1.053117137520856 0.3305713846720739 0
1205 0.006905764588167966 -0.06618020611312397 0
1206 -1.332039580184301 0.3464324492993103 0
1207 0.09610865826065058 0.1194093562805538 0
1208 0.7300414879455623 -0.04915964064012924 0
1209 0.3916757278827282 -0.04721732295131467 0
1210 -0.09723189151166346 -0.4055703684034489 0
1211 0.01440752581751304 -0.1102599124201075 0
1212 -1.000792643546935 0.3601079906433118 0
1213 0.9940855466925534 0.09012601684792321 0
1214 1.603535939236462 -0.3671254634474804 0
1215 -0.07413701718049702 0.01454117960054018 0
1216 0.6875925996831421 -0.1113181776102222 0
1217 0.7087644658056238 -0.09823577616498344 0
1218 0.6827931237939917 -0.08619768311875259 0
1219 1.847984025660367 -0.2590238989951125 0
1220 1.810566329287115 -0.29881882396774 0
1221 1.862199366732634 -0.2974140575686151 0
1222 0.4893555097052655 0.1889845465763774 0
1223 0.468248733692909 0.205268392692779 0
1224 0.4558511097728496 0.1805008905362738 0
1225 0.5011794555755791 -0.03030295548844055 0
1226 0.5001254086911032 -0.01272656732759456 0
1227 0.4839537948777252 -0.02849163575942354 0
1228 1.113715399550539 -0.3827581618712084 0
1229 1.063265922746622 -0.3886171418570805 0
1230 1.096654893237877 -0.4206539448021711 0
1231 0.02662918035411298 -0.3682965834177641 0
1232 -0.01832848683496635 -0.3771234491572593 0
1233 0.01064013411690078 -0.4136248703874602 0
1234 0.05872097303134577 -0.3666490116583561 0
1235 0.02975235207947863 -0.3301475904281551 0
1236 -0.04475584870501215 0.04049330289462657 0
1237 -0.05977567756587813 0.0465742612863615 0
1238 -0.06335980703831363 0.0321631862492783 0
1239 0.481930995211515 -0.1408490002607362 0
1240 0.4899405450424981 -0.1120417338121527 0
1241 0.4604392007666332 -0.1226877892302776 0
1242 -1.87493593988727 0.08141608574945303 0
1243 -1.873997538351045 0.02618772459131987 0
1244 -1.83053152481771 0.05293792452030446 0
1245 0.511684308461168 -0.1600038439148977 0
1246 0.482182964185303 -0.1706498993330225 0
1247 1.058527280129045 0.07875331889030043 0
1248 1.048618986579923 0.06798610020630008 0
1249 1.064140817032696 0.06562567656399296 0
1250 0.2598909557213998 0.1616431109275004 0
1251 0.2479223984937031 0.1732790607802237 0
1252 0.2365061640774493 0.1536848117860161 0
1253 0.07066636875833532 0.07726411482772233 0
1254 0.05079386875833531 0.06781561482772232 0
1255 1.907592006566977 -0.3045918334168947 0
1256 1.870174310193724 -0.3443867583895222 0
1257 -1.861897373438931 0.2860468887526104 0
1258 -1.863479283599904 0.3361922665428689 0
1259 -1.914979369782769 0.300145377790952 0
1260 -1.791230807436896 0.08321502815442693 0
1261 -1.790292405900671 0.02798666699629376 0
1262 1.654312548627912 -0.2735292837993136 0
1263 1.671453570124252 -0.2309940478917439 0
1264 1.622812201318603 -0.2505765572411022 0
1265 0.276429640607338 -0.1418481498396057 0
1266 0.2793536567525626 -0.1160930229074422 0
1267 0.2553410821384272 -0.1285517273431802 0
1268 0.01894380971132894 0.1961418810533494 0
1269 0.03712540961847771 0.1736854172540989 0
1270 0.03921269554067205 0.200330574445859 0
1271 1.126171862731903 0.05262729569903069 0
1272 1.104433504779406 0.04901992571963869 0
1273 1.123414100775571 0.03759604122676552 0
1274 0.9920996976595635 0.01083947776117378 0
1275 0.9971963357602787 0.006146438533998703 0
1276 0.9948870334198423 0.01322891629517249 0
1277 -0.5787544264326973 -0.1386412240921539 0
1278 -0.6205582283683511 -0.1499656822442676 0
1279 -0.6012093049058307 -0.1879088892839348 0
1280 -0.438970801239191 -0.3477979952096746 0
1281 -0.4748990334716945 -0.311736768101818 0
1282 -0.4805206026476352 -0.3627684733785145 0
1283 -1.512480517898402 -0.3773638255282782 0
1284 -1.469875505423866 -0.3507830342798667 0
1285 -1.519913120463961 -0.3230116344985283 0
1286 0.3117865064843625 0.2822361976598594 0
1287 0.2805836514932057 0.2719788628499419 0
1288 0.302837015351391 0.2510890830084118 0
1289 1.638197989279686 -0.3191175185870058 0
1290 1.686839358085335 -0.2995350092376475 0
1291 1.847344022469223 0.05512877339581609 0
1292 1.807513273027758 0.01797491107321676 0
1293 1.861641012629896 0.01298149165034918 0
1294 0.5117756829378687 0.1871230022129739 0
1295 0.4993780590178093 0.1623555000564686 0
1296 0.4185186338519966 0.1788446826962701 0
1297 0.4075683554470487 0.1943511751091122 0
1298 0.3913426555385523 0.1764111211527069 0
1299 0.5074126449518891 -0.04480296231023678 0
1300 0.5235842587652672 -0.0290378938784078 0
1301 1.701266255111585 0.1273971431888541 0
1302 1.753440534001287 0.1238936159786627 0
1303 1.742475878414893 0.1667090954403772 0
1304 1.070937013742201 0.09283143327438059 0
1305 1.055415183289428 0.09519185691668772 0
1306 1.172981341341572 0.457319580021085 0
1307 1.189910225033175 0.3987157978746493 0
1308 1.216928883693822 0.4413962178535643 0
1309 0.9969455112909472 0.4084024408591931 0
1310 0.9699267175315125 0.375309282688025 0
1311 1.022746312329083 0.3718118254799718 0
1312 0.3520560859188362 0.1834871101627633 0
1313 0.3297490272130215 0.1856791915599008 0
1314 0.337000952034399 0.1624129093623445 0
1315 -1.867542302878749 0.2340789482759975 0
1316 -1.816042216695884 0.2701258370279144 0
1317 0.6058100960152683 0.1737846379928706 0
1318 0.5848485623982564 0.1764215698259313 0
1319 0.5843472715314331 0.1495838410146046 0
1320 0.6350914273393418 -0.06304753992582822 0
1321 0.6359881649116643 -0.04412810416868297 0
1322 0.6139707361106029 -0.0588180216685824 0
1323 0.003148508307401675 0.4088337065889314 0
1324 -0.02110919193129811 0.3705396731513943 0
1325 0.03141763405638533 0.3739430782182892 0
1326 0.07362157724827698 0.2713170992231482 0
1327 0.05958713880056751 0.2456111022384842 0
1328 0.08980102562275341 0.2442483562542443 0
1329 1.010736757446537 0.01415458973758025 0
1330 1.013929652336956 0.007939056620049876 0
1331 1.016127924916812 0.01339876692245289 0
1332 -0.008703828736530488 -0.01794675621349389 0
1333 -0.01769704847371063 -0.02441132541484542 0
1334 -0.01141934769377748 -0.03138835980869164 0
1335 0.6903430197373732 -0.1397076687514123 0
1336 0.664371677725741 -0.1276695757051815 0
1337 0.288438791756232 0.227005098872625 0
1338 0.3196416467473887 0.2372624336825425 0
1339 0.6948938818453922 0.1571188546909333 0
1340 0.7004654476910721 0.1306004033022777 0
1341 0.713639042415134 0.1511295962486685 0
1342 0.4582065547036874 0.1596825244073539 0
1343 0.4370997786913309 0.1759663705237555 0
1344 1.143471862881653 0.06425894983601974 0
1345 1.124491266885488 0.07568283432889292 0
1346 1.854702591838318 0.3379748790429483 0
1347 1.821467411276068 0.2887743919298441 0
1348 1.876306841022141 0.2947829501384461 0
1349 0.2976106407098495 -0.05738502744407041 0
1350 0.2803225860189741 -0.04767225641849421 0
1351 0.2803841389410421 -0.06957093870166522 0
1352 0.6373476281048951 -0.08850877099485949 0
1353 0.6593650569059566 -0.07381885349496005 0
1354 -0.303636332866255 0.4502153761736443 0
1355 -0.2694619780642096 0.4074827649199031 0
1356 -0.2658256451932386 0.4572673887462587 0
1357 0.9211034601573644 0.04636187386321615 0
1358 0.9195243733210494 0.05970641590813178 0
1359 0.9060039131636851 0.05109954204491562 0
1360 0.03221939302980718 0.2477334417262488 0
1361 0.04839884140428362 0.2206646987573449 0
1362 -0.6422386611836299 -0.1101370679998367 0
1363 -0.6646935396567634 -0.1594047331916177 0
1364 -1.917875868814086 0.2009411463822406 0
1365 -1.872020712071039 0.1850200946575446 0
1366 0.02736659803327507 0.05100444155090519 0
1367 0.01348459803327507 0.04175844155090519 0
1368 -0.1342007430281334 -0.0966859520176825 0
1369 -0.1153950827391565 -0.1092941216496533 0
1370 -0.1169768161916903 -0.07651446957544208 0
1371 0.4208740787828344 0.1580263165673502 0
1372 0.8103952296271237 0.1127086196074484 0
1373 0.8055540967235697 0.1275120999968344 0
1374 0.7862350799573656 0.1177907777517954 0
1375 0.7114867668904863 -0.2961812267597591 0
1376 0.6894363952717794 -0.2693404214876675 0
1377 0.6780955830752814 -0.3105729778511279 0
1378 -1.826578536244818 0.1631620911148695 0
1379 -1.876912102180155 0.1300242892211127 0
1380 0.9696007100747358 -0.09157851353698074 0
1381 0.9810122658573541 -0.07762696088603881 0
1382 0.9634034057678695 -0.07162445039823655 0
1383 0.2747841349793841 -0.1700258177620722 0
1384 0.2987967095935194 -0.1575671133263343 0
1385 0.2673165160916979 0.2954911049944783 0
1386 0.2583670249587265 0.2643439903430307 0
1387 -0.2158256451931 0.4572673887462587 0
1388 -0.04122459023608142 -0.09438163666800822 0
1389 -0.02122606680623877 -0.08892682908623892 0
1390 -0.03974150434990479 -0.07444992088535476 0
1391 0.06658044131143238 0.1982082349580944 0
1392 0.9832566976595636 0.01454647776117378 0
1393 0.2882237398678192 -0.2916206295855015 0
1394 0.2596287972776081 -0.2641587437460357 0
1395 0.2560030307072709 -0.304641039204549 0
1396 0.3250237921248442 0.2099659209535376 0
1397 0.309968658240407 0.1888917201531189 0
1398 0.293000541733119 0.1729211753405951 0
1399 0.2882753066449417 0.1972079047342319 0
1400 0.9888822245580913 0.0255113956178173 0
1401 0.9794509580479285 0.03176798626865888 0
1402 0.9803591288089641 0.02417854617318916 0
1403 1.873663621782738 0.2028046795197971 0
1404 1.818860908882243 0.2043940156277638 0
1405 1.849452870205091 0.1616162321222191 0
1406 -0.376177135043897 -0.04302917610638603 0
1407 -0.33986430749876 -0.06698114739983284 0
1408 -0.3333729503539193 -0.0303876529402653 0
1409 0.02528381212188831 0.3041644449940701 0
1410 -0.00543512446574293 0.2966318001560083 0
1411 0.01268875383845984 0.2651472003693263 0
1412 0.576602073050797 0.1969821114602289 0
1413 0.555139248566962 0.1727813144819629 0
1414 0.8386732068842908 0.103360687589814 0
1415 0.8594697602575728 0.09465797667739621 0
1416 0.8505107997666099 0.1137272309400696 0
1417 -0.883652108732247 0.3690771983556291 0
1418 -0.8588485891065109 0.3280909016348762 0
1419 -0.825846590102131 0.3731105134352186 0
1420 -0.4095151196559363 -0.3713987132074103 0
1421 -0.4038935504799956 -0.3203670079307138 0
1422 0.9411114601573644 0.03889837386321615 0
1423 0.954447818191728 0.0370643771774123 0
1424 0.9479602783490924 0.05313475104062845 0
1425 1.752723596782531 0.0723519282729117 0
1426 1.79393322008584 0.1116638805244347 0
1427 -1.470312375904787 -0.1549370780510437 0
1428 -1.429490316025791 -0.1844114626698879 0
1429 -1.411198044458037 -0.13380519716476 0
1430 0.3144647830702387 -0.308637425270427 0
1431 0.3180905496405759 -0.2681551298119137 0
1432 -1.556259066469872 -0.3908598517311315 0
1433 -1.506221451429777 -0.4186312515124698 0
1434 0.06616315746842065 -0.03585054092799524 0
1435 0.08098634405041838 -0.04752248869699476 0
1436 0.07824418658199775 -0.03301494776899952 0
1437 -0.1601747462646984 -0.0771951859188873 0
1438 -0.1585930128121646 -0.1099748379930985 0
1439 1.123552185019648 -0.4573974824081495 0
1440 1.073102708215732 -0.4632564623940216 0
1441 1.010703842185466 -0.005961305809488143 0
1442 1.00679078953471 -0.003017793583189645 0
1443 1.007334656129392 -0.008483922295325064 0
1444 0.9715064223825344 -0.2939703418648146 0
1445 1.001918087007772 -0.2860388552643921 0
1446 0.9670890454856815 -0.2667427950733665 0
1447 0.3218873696879501 -0.0881936644508606 0
1448 0.3367897165428378 -0.0778279626263739 0
1449 0.3125745404868053 -0.06891800790275474 0
1450 0.9738254311494007 0.02080306841201537 0
1451 0.2064714116266675 -0.1447296833481671 0
1452 0.197415108185925 -0.1228900599308373 0
1453 0.188315371971315 -0.1483001906138647 0
1454 1.05535131002096 0.20365721825682 0
1455 1.034611178024055 0.2075610796018577 0
1456 1.032885443682858 0.1828548729014603 0
1457 1.006642927686801 -0.0004501682898494316 0
1458 1.007357626366859 0.001356481091952294 0
1459 1.003840578462875 0.001401489899455585 0
1460 0.1047015875701115 -0.4110994120982424 0
1461 0.1378292211372845 -0.3810569968334718 0
1462 0.08872543487315313 -0.3747555893831944 0
1463 0.5885501608315333 -0.1166718901853553 0
1464 0.6132658715118674 -0.1035833509402687 0
1465 0.5883582878579463 -0.09082599667081429 0
1466 1.064734698546428 -0.2480746973803353 0
1467 1.028895986917169 -0.2383540344207149 0
1468 1.033339421740178 -0.2685319714325645 0
1469 0.7344188563386322 0.138296004723968 0
1470 0.7288472904929524 0.1648144561126236 0
1471 0.7312562588536698 -0.3190734000550815 0
1472 0.7425970710501678 -0.2778408436916211 0
1473 -0.6232787159114759 0.3653125803016299 0
1474 -0.6741785164623031 0.3728939216174527 0
1475 -0.648991167254052 0.3258172500311569 0
1476 1.280352620088591 -0.1990835362805348 0
1477 1.249252615993429 -0.2217928793911605 0
1478 1.278026758701779 -0.2353054801779945 0
1479 -1.609284952387781 -0.2261460840116507 0
1480 -1.566826499189508 -0.19463920136975 0
1481 -1.610999228554609 -0.1714056624496195 0
1482 0.8417014776388193 -0.3373532935834996 0
1483 0.8484721819307828 -0.3678979401061886 0
1484 0.8873091550094455 -0.3481254759447996 0
1485 0.2749154890248861 0.4580741024674694 0
1486 0.2978850909538838 0.4162998560861447 0
1487 0.3229696019337133 0.4582257536186753 0
1488 -0.06762539892455385 0.092680656595832 0
1489 -0.0536945386761063 0.0819398905104218 0
1490 -0.04967302175242908 0.1001720953254882 0
1491 -1.446588180414731 -0.2287316382328541 0
1492 -1.387473848967982 -0.2075997573465704 0
1493 0.2647720696872796 0.1445512234491429 0
1494 0.2761883041035335 0.1641454724433505 0
1495 1.25997401725317 0.4091790228113435 0
1496 1.243045133561568 0.4677828049577792 0
1497 0.898358395548837 -0.4246198280131545 0
1498 0.9210801222430187 -0.3988265536855745 0
1499 0.8713581326072274 -0.4044633967950686 0
1500 -0.05640931754040385 0.06467641485623769 0
1501 -0.03845694036827908 0.07216785358589387 0
1502 0.9105830886897293 -0.002834978109287404 0
1503 0.8944799905737624 -0.0008363792893725068 0
1504 0.9036290792634917 -0.01428535739865991 0
1505 1.9074864297259 -0.002727312188706567 0
1506 1.867655680284436 -0.0398811745113059 0
1507 1.033702461957785 -0.2076947987508338 0
1508 1.002307185151535 -0.2281520728030629 0
1509 0.9815197826892882 -0.1349443544252095 0
1510 0.9962274277078611 -0.1196311380676086 0
1511 0.9725019251456475 -0.1128942403823839 0
1512 0.50650615640547 -0.380422183011063 0
1513 0.5327508529069909 -0.3586272146473481 0
1514 0.489063087035686 -0.3381763838685129 0
1515 -1.295409242675502 -0.1985516208199988 0
1516 -1.259525985878057 -0.2307185941737642 0
1517 -1.246473803547941 -0.1775881885708474 0
1518 -1.326366522462214 -0.1543503985003431 0
1519 -1.33941870479233 -0.2074808041032599 0
1520 1.032228555497091 0.07328200587810797 0
1521 1.028704121707136 0.06032497944503633 0
1522 1.039481015886317 0.06815671609953591 0
1523 -0.03778720824196498 -0.3395300568632514 0
1524 -0.05377625447917718 -0.3848583438329476 0
1525 1.131453005253193 0.02336960695748446 0
1526 1.109714647300696 0.01976223697809246 0
1527 -0.0549435299493852 -0.1422088616195733 0
1528 -0.02916045322422479 -0.1343699576616288 0
1529 -0.04849222941757581 -0.1166974488268369 0
1530 0.0278376671502948 0.4561185558279131 0
1531 -0.02468915883738864 0.4527151507610182 0
1532 -0.572776782857762 0.366376849584809 0
1533 -0.597964132066013 0.4134535211711048 0
1534 0.07783766715017783 0.4561185558279131 0
1535 0.1049470237760345 0.4207383974572106 0
1536 0.1271093566311272 0.4646198416292975 0
1537 0.4838357157384101 -0.2054198851218128 0
1538 0.4540824024887572 -0.1862650414676512 0
1539 0.4049525070420499 -0.3654323834593503 0
1540 0.3743869135232456 -0.333700788312391 0
1541 0.3764046428087833 -0.3751503872770731 0
1542 0.03872847279089113 -0.03147078593220805 0
1543 0.05487147279089113 -0.03297378593220805 0
1544 0.6391761103661755 0.3630441219747957 0
1545 0.663578679887785 0.3285969173144503 0
1546 0.6700774880783525 0.3724680195612611 0
1547 -1.007500741464438 -0.366561304461036 0
1548 -0.9936957801370747 -0.4140404593894039 0
1549 -0.9623155181677793 -0.36712726323713 0
1550 1.045094552789968 0.05502907377322845 0
1551 0.2248943707026301 -0.1622233341532691 0
1552 0.2339941069172401 -0.1368132034702416 0
1553 0.9597824110376405 0.3354525197779076 0
1554 0.9458885873713792 0.3047684571794405 0
1555 0.9818336949033868 0.3080346047103366 0
1556 1.016449548070445 0.1178943637655253 0
1557 1.007341791358135 0.1047622583547288 0
1558 1.024701403692799 0.1036526437867628 0
1559 1.068459059730102 0.008286734660451848 0
1560 1.06629009648615 0.01670313088597481 0
1561 1.056182123479258 0.007313896438435072 0
1562 0.9763150185760324 -0.0429984142870647 0
1563 0.9677988180171269 -0.03066875082774993 0
1564 0.9662987609915821 -0.04534323428797984 0
1565 0.934626655122248 0.2706650560889817 0
1566 0.9237376687111263 0.2465918808688958 0
1567 0.9570508848260038 0.2532773668917835 0
1568 1.104389542179507 -0.06235339446192188 0
1569 1.103178589737772 -0.04459680269266524 0
1570 1.087499740890097 -0.05726777401588876 0
1571 1.111043678716693 -0.107753753586738 0
1572 1.110697459476814 -0.0832524606105224 0
1573 1.089056912571711 -0.09952565876136096 0
1574 1.098160292257656 0.0116058859084015 0
1575 1.081862302740054 0.003636397958610595 0
1576 1.101455562260715 -0.0024336852409795 0
1577 -1.617269224551348 -0.1309828919927952 0
1578 -1.659727677749622 -0.162489774634696 0
1579 0.9720629582480753 0.4559499490336231 0
1580 1.024882553045646 0.45245249182557 0
1581 0.7661263450101168 -0.04910031534877712 0
1582 0.7443972368352754 -0.0413965789773489 0
1583 0.7517705961204038 -0.05686337701155746 0
1584 0.2486552271671693 0.1906399480146902 0
1585 0.2252704355232188 0.1826816488732059 0
1586 0.04130563885876783 0.3338196840772271 0
1587 0.0594295171629706 0.302335084290545 0
1588 0.922062958248214 0.4559499490336231 0
1589 0.8734167111507145 0.4639789141862715 0
1590 0.8954796693958771 0.4199288632198946 0
1591 0.281331018081145 -0.03203976777723879 0
1592 0.2641045163123376 -0.04422567903483361 0
1593 0.1530228377582186 0.2121884336806801 0
1594 0.135990666604649 0.1945750469291135 0
1595 0.1618520439613932 0.1905505467562227 0
1596 0.3658077158076473 -0.454597301770901 0
1597 0.3158077158075085 -0.454597301770901 0
1598 1.718982642969426 0.2083109773603268 0
1599 1.771156921859129 0.2048074501501355 0
1600 0.8505324408311569 -0.3031072250079413 0
1601 0.8116954677524941 -0.3228796891693304 0
1602 0.08707325631750668 0.3930254030265795 0
1603 0.136344945798456 0.4015266888279638 0
1604 1.597090831059564 0.3729765864756297 0
1605 1.592301824108814 0.4147749884072175 0
1606 1.549422143147326 0.3834117920626676 0
1607 0.9592634311494006 0.02663156841201537 0
1608 -0.0119072322732768 -0.1766035727501376 0
1609 0.01045090477198999 -0.1675755551273732 0
1610 -0.01325361671076739 -0.1508533528316008 0
1611 0.5283679293041178 0.4587906809327236 0
1612 0.489273389940111 0.4441232808741793 0
1613 0.5176413192400677 0.402913961806903 0
1614 1.496575796879036 0.4255785757269145 0
1615 1.462897048693195 0.3887839539455701 0
1616 1.510954388010735 0.3884155722129111 0
1617 -0.3383780505688975 0.006789658911041668 0
1618 -0.3020652230237605 -0.01716231238240515 0
1619 0.1404437059624604 -0.08584673564086559 0
1620 0.1223463188465622 -0.08009900067384008 0
1621 0.129671389208972 -0.09668962752914037 0
1622 0.1555117369385628 -0.08530066769638939 0
1623 0.148186666576153 -0.06871004084108909 0
1624 0.9984331672193741 0.2779149927837087 0
1625 0.9830757612992331 0.2541724273337259 0
1626 1.013569057281482 0.2547368780055652 0
1627 0.5582278347115777 -0.3704973734746999 0
1628 0.5407847653417936 -0.3282515743321499 0
1629 -0.07501327587370535 0.05634629821088943 0
1630 -0.8788473622685097 0.2859654377706522 0
1631 -0.8210418436383937 0.2899987528502416 0
1632 0.5783679293039791 0.4587906809327236 0
1633 0.6012053885804088 0.4122482930435268 0
1634 0.6228374592803134 0.4534576121108033 0
1635 0.7731753494001031 0.1572645087791286 0
1636 0.7655105257351311 0.1422875613645523 0
1637 0.7890587707187836 0.1475712055557578 0
1638 0.323272380482728 -0.1132465322891737 0
1639 0.2990572044266955 -0.1043365775655546 0
1640 0.5343454957349576 0.1769179059046628 0
1641 0.5243229464224137 0.2035469524245715 0
1642 0.6978417053208005 0.4095506578937828 0
1643 0.7222442748424098 0.3751034532334374 0
1644 1.590831504482277 0.328689280898285 0
1645 1.633711185443765 0.360052477242835 0
1646 0.9673341524776489 0.07458838755113557 0
1647 0.9583191359224377 0.06407848203080291 0
1648 0.9703116529386671 0.06181065987515726 0
1649 -0.2714794861249982 -0.3727385653495908 0
1650 -0.3175227389372516 -0.372072838421741 0
1651 -0.2976216157829171 -0.4153781531135168 0
1652 -1.580292384672485 0.2836376310255534 0
1653 -1.531993389079576 0.2811823760056442 0
1654 -1.552909369236991 0.3312140484764782 0
1655 0.9881992647076291 -0.005579310168114231 0
1656 0.9893051978771681 -0.009029913355271521 0
1657 0.9943849331695391 -0.00378160318715729 0
1658 -1.321436171977084 -0.4592447172296947 0
1659 -1.265649226390774 -0.4620974014724776 0
1660 -1.287085398365916 -0.4213421187021722 0
1661 0.9056279731487875 0.2432676001973617 0
1662 0.9280522028525434 0.2258799110001634 0
1663 1.887222756744932 0.2477505111416466 0
1664 1.920457937307183 0.296950998254751 0
1665 -0.0216939124939209 0.3299464886547953 0
1666 -0.03428897077734937 0.2909292440300514 0
1667 0.9870387770977198 0.04168186842550568 0
1668 0.9785156813485927 0.04034901898087755 0
1669 1.515743394961485 0.3466171702813232 0
1670 0.07779890065035487 -0.4523990023239825 0
1671 0.1269026869144863 -0.4587004097742599 0
1672 0.03362313363325714 0.06331744895496949 0
1673 0.01541673166653221 0.06412389050587469 0
1674 1.821657216983877 0.1364077028831635 0
1675 1.876459929884372 0.1348183667751968 0
1676 -1.81856399860226 -0.4539069828502209 0
1677 -1.868563998602121 -0.4539069828502209 0
1678 0.9787267647076291 -0.004314810168114231 0
1679 0.8639840715998528 0.4009213214492915 0
1680 0.9126303186973523 0.3928923562966431 0
1681 0.6157488189909769 0.3841802528562726 0
1682 0.6092500108004093 0.3403091506094618 0
1683 0.5893662593432833 -0.1446172123240765 0
1684 0.5644586756893623 -0.1318598580546222 0
1685 0.2721304855264119 0.3904181116117587 0
1686 0.3201845984352391 0.3905697627629646 0
1687 0.9339816099995047 0.3720431351571289 0
1688 -0.03577884265255747 0.02749897627457356 0
1689 -0.03219471318012196 0.04191005131165675 0
1690 0.4612590999875008 0.4657884410026052 0
1691 0.4505324899234507 0.4099117218767846 0
1692 0.6805369230284384 -0.06073645204972133 0
1693 0.007912566173184359 0.03292648602465497 0
1694 0.0002865661731843603 0.02443748602465497 0
1695 0.5148102612821587 -0.1043687546101476 0
1696 0.4933184668372769 -0.08620754357968903 0
1697 0.9595124230161101 -0.05377014569290225 0
1698 0.9481008672334917 -0.06772169834384419 0
1699 -0.09648010229169526 0.4107899931580118 0
1700 -0.1244530586854603 0.3778397205738688 0
1701 -0.07735127407404685 0.3724800289378934 0
1702 0.8446763947567576 0.208494180844533 0
1703 0.8318742359679776 0.1846510163783843 0
1704 0.8604869419470172 0.1883458630712558 0
1705 0.2070339987410449 -0.254542407250147 0
1706 0.1719010137553412 -0.2605711931674237 0
1707 0.192275103131356 -0.2832079392823598 0
1708 -1.186810950108868 0.2810765275544998 0
1709 -1.150851182112214 0.2484387738610186 0
1710 -1.139272083767054 0.2923988733627576 0
1711 -1.028188902844704 -0.326342748795641 0
1712 -1.059569164813999 -0.373255944947915 0
1713 0.7416797843633851 -0.1327764152469753 0
1714 0.757904901795857 -0.1167755223768666 0
1715 0.7297890591272463 -0.1073553777863444 0
1716 0.9548930650561629 -0.1068917298945816 0
1717 0.4034851181615746 -0.4534409912120162 0
1718 0.3692928339736603 -0.4080382929829172 0
1719 0.9661122493411286 0.04086794558942768 0
1720 1.097863894384721 0.409772071846655 0
1721 1.079292851235383 0.3746360523983788 0
1722 1.127391639531586 0.3795031405938939 0
1723 1.029299548328381 0.0858171404542869 0
1724 1.018522654149199 0.07798540379978733 0
1725 -0.422296185209785 -0.4494148502431856 0
1726 -0.3718324342998044 -0.4573562130928335 0
1727 -0.3941286195051511 -0.4067710633360191 0
1728 0.3529583307193364 -0.07594324027516956 0
1729 0.3436455015181916 -0.05666758372706369 0
1730 1.072432232976878 -0.08304237823957231 0
1731 1.072778452216756 -0.1075436712157879 0
1732 0.06556333909746762 0.3721137175147641 0
1733 -0.5338431053004815 -0.3708435562292133 0
1734 -0.4979148730679779 -0.4069047833370699 0
1735 0.9240401925907884 -0.4594914924518302 0
1736 0.8743182029549972 -0.4651283355613243 0
1737 -0.3512142967496965 -0.1036316996339937 0
1738 -0.3084101120597189 -0.09099017646787298 0
1739 0.6019600839079653 -0.4091408440527909 0
1740 0.6381023403728776 -0.38098367054831 0
1741 0.5863361787416873 -0.3727158402854173 0
1742 0.1329666585274906 0.2656874017371471 0
1743 0.1154984622359687 0.2430836435462396 0
1744 0.1446296566929964 0.2388166920444784 0
1745 -0.0190004014693778 0.03846556977027348 0
1746 -0.02797740752183248 0.05145989639032648 0
1747 0.9960296335568661 0.01717112184577495 0
1748 1.001126271657582 0.01247808261859987 0
1749 0.996231637759339 -0.08210989355765411 0
1750 0.9900343334524726 -0.06215583041890993 0
1751 0.9303900639837551 0.06842284646073619 0
1752 0.9152905169900758 0.07316051464243567 0
1753 -1.128283801021729 0.3356370790467131 0
1754 -1.092324033025076 0.3029993253532319 0
1755 0.09184860659851879 -0.3366065963935855 0
1756 -0.026168393582857 -0.01530361747650864 0
1757 -0.028883912540104 -0.02874522107170639 0
1758 0.996587741214167 0.1045649975907073 0
1759 1.004839596836522 0.09032327761194472 0
1760 1.314308247225065 -0.2484716904162343 0
1761 1.283208243129903 -0.2711810335268601 0
1762 0.2123008181305345 -0.05535691642992819 0
1763 0.2287910553232595 -0.05451351704241493 0
1764 0.2198613326419349 -0.03720183851840846 0
1765 0.173178768382714 -0.1591129252346775 0
1766 0.1641224649419714 -0.1372733018173477 0
1767 0.9531935662561128 -0.003641789163761437 0
1768 0.9686565662561128 -0.005556289163761437 0
1769 0.05462614937155776 0.1266597518201659 0
1770 0.07356218892955627 0.1292000542149254 0
1771 0.06176483195091973 0.1413129545562323 0
1772 1.396240270877776 0.114289514223821 0
1773 1.361503048522057 0.1160965484100588 0
1774 1.377842142227554 0.07939860157818435 0
1775 -0.06700766696124183 -0.1022205406259527 0
1776 0.7515052296270724 -0.347269770434054 0
1777 0.782615533786754 -0.328929387365916 0
1778 0.2779686459577847 -0.09104015506912906 0
1779 0.08964340398515649 0.3009723383063051 0
1780 1.000730709042447 -0.05332650512650439 0
1781 0.9855113371404618 -0.04884357245488908 0
1782 1.126376308324489 -0.07058148928729888 0
1783 0.2074646562020703 0.1812746722703205 0
1784 0.2067318275286041 0.1639137850358541 0
1785 -0.1399451978447773 0.002233286326267549 0
1786 -0.1628815173227874 -0.004885567708110293 0
1787 -0.1499782087596803 -0.02632070883151561 0
1788 0.9419532160377004 -0.3100505859432814 0
1789 0.976782257559791 -0.329346646134307 0
1790 0.6402899211327133 -0.1427441556505907 0
1791 0.6375395010784821 -0.1143546645094005 0
1792 1.875068019367259 0.07987259575454486 0
1793 1.820940279765121 0.08486601517741246 0
1794 -1.422452510030189 -0.3681783425570097 0
1795 -1.429885112595749 -0.3138261515272598 0
1796 0.8688054133314929 0.2615783368547994 0
1797 0.8547932441957062 0.2356830655904547 0
1798 0.8873012698715839 0.2380842988017493 0
1799 1.150576362681761 -0.07138722217273652 0
1800 1.144268445384454 -0.05048815602413601 0
1801 0.3673543045067551 0.2781969781523835 0
1802 0.3631166343251461 0.2484468899299917 0
1803 0.3964310684893534 0.2652974502640461 0
1804 0.1668729605076397 0.1677219842188124 0
1805 0.1839051316612093 0.1853353709703791 0
1806 0.5894603075546282 -0.06450853935828296 0
1807 0.5647445968742941 -0.0775970786033696 0
1808 0.8132189203885417 0.1424890474114107 0
1809 -0.1290875480062978 0.06685576965159813 0
1810 -0.1500879257200404 0.05143639848685734 0
1811 -0.1318481286941418 0.03908779861441367 0
1812 -0.006802316178957997 -0.1253419400388644 0
1813 -0.1213807672963273 0.3087545176768818 0
1814 -0.1078095435401876 0.2769684227061651 0
1815 -0.09175300671167219 0.3077436613830338 0
1816 0.1994980396046195 -0.4166804970792711 0
1817 0.222623086962965 -0.3810176383264059 0
1818 0.1769304211925883 -0.3817379607956546 0
1819 0.5797152274940863 -0.03163626461505006 0
1820 0.5903570451269508 -0.04558910360113771 0
1821 0.6042256560500611 -0.0259457469253495 0
1822 0.1704910340497406 0.2347921918715876 0
1823 0.8876724567613069 -0.1454421105094208 0
1824 0.9031753171594317 -0.1286419173146927 0
1825 0.8766940871915833 -0.1216308699912631 0
1826 0.02637343953409771 -0.174496900489299 0
1827 0.02502705509660713 -0.1487466805707622 0
1828 -1.311951467410994 -0.3844372765783757 0
1829 -1.256164521824684 -0.3872899608211586 0
1830 0.5015980124195693 -0.06230129414897673 0
1831 0.5240028156092573 -0.06103623253894398 0
1832 0.5420173998239568 -0.0649070928342611 0
1833 0.5478320323562766 -0.04740876099552115 0
1834 0.9449827778880742 0.06591247871660677 0
1835 0.5750969611364457 -0.4504365068949491 0
1836 0.626863122767636 -0.4587043371578418 0
1837 0.2369181230624647 -0.1110580765380782 0
1838 1.012326990885636 0.3085990553821758 0
1839 0.2606805912669092 -0.08132738404355286 0
1840 0.8387068309575321 -0.1289600544076024 0
1841 0.8562493629210106 -0.1152914401711221 0
1842 0.8337649670850842 -0.1058204313927333 0
1843 0.5409153801272748 -0.09122455014679244 0
1844 0.7777465991207477 -0.1194846677427848 0
1845 0.7658558738846091 -0.09406363028215393 0
1846 0.5712792890146425 0.389513321678193 0
1847 0.8494120157424465 0.1286180191723606 0
1848 0.8702085691157286 0.1199153082599428 0
1849 0.9125753712565017 0.2980829711565528 0
1850 0.9721867748881116 0.2300992521136399 0
1851 0.788840319143902 0.2004752866418834 0
1852 0.7791702719469207 0.1793496960512197 0
1853 0.8063936415807368 0.1836737435609977 0
1854 1.048992430612222 -0.04590855638803844 0
1855 1.060496255413666 -0.04043457948776942 0
1856 1.049391775532857 -0.03128620756226079 0
1857 0.2423267209242079 -0.3390890135434021 0
1858 0.2137317783339968 -0.3116271277039362 0
1859 0.7556220269632683 0.1740660518600142 0
1860 0.4767282961799087 -0.06997427335098183 0
1861 0.7249895832380959 -0.0822348832948748 0
1862 0.3684311887787786 -0.08907480368436682 0
1863 0.3752869737541323 -0.0679144247850566 0
1864 0.1276275565829636 -0.1578807643526489 0
1865 0.1305588021362517 -0.1377635764384563 0
1866 0.1092004973658449 -0.1475583043529446 0
1867 -1.652538105695031 -0.3555618476622055 0
1868 -1.69686420082196 -0.3258501421373997 0
1869 -1.69593543019785 -0.3794390848060825 0
1870 -0.4380476743237426 0.1468579904695508 0
1871 -0.4757950227480536 0.1388898113035289 0
1872 -0.4483302811462246 0.1084196413882985 0
1873 0.8261805382166667 0.2319882188975831 0
1874 0.08690524810764809 0.08219905109344403 0
1875 0.07225361686598339 0.09036816592116635 0
1876 0.3724051301008435 -0.1446018686413651 0
1877 0.3707438824120106 -0.1139041334318469 0
1878 0.3477637934328155 -0.127801354383998 0
1879 1.402085431633506 0.01309905256734348 0
1880 1.425111869345612 0.04191537735695462 0
1881 1.389552926871166 0.04877524260233542 0
1882 0.8222041887709964 0.1635254257877206 0
1883 -0.1072120708385891 0.07520033600100672 0
1884 -0.09124733341431512 0.06447781077996004 0
1885 -0.08761165327250506 0.08517097700181231 0
1886 0.08448833051103313 -0.1767518467435955 0
1887 0.08976793571673786 -0.1547497284709046 0
1888 0.06798701441521421 -0.1638260829473628 0
1889 1.038407305040691 0.09894924586508343 0
1890 0.02774197069754736 -0.03212785278344758 0
1891 0.03533544348843849 -0.04526163871565562 0
1892 0.09269918127002597 -0.134632540556712 0
1893 1.33095549250201 0.02444173947494024 0
1894 1.309977206264014 -0.002253072330673147 0
1895 1.345548202921064 -0.006735893992889104 0
1896 0.8308424228371094 -0.08209911046084079 0
1897 0.8132998908736309 -0.09576772469732112 0
1898 1.027644347861749 0.2296788687563998 0
1899 1.005178481523647 0.2088765234010402 0
1900 0.2024437396558239 0.2041032348077308 0
1901 -0.07618676351382764 -0.0365907826586229 0
1902 -0.06774687801095212 -0.04880406127191362 0
1903 -0.05549468198996309 -0.03759463318074263 0
1904 1.878621019368956 0.3816702300383176 0
1905 1.823781589622883 0.3756616718297155 0
1906 1.231627284081624 0.08375802700797867 0
1907 1.258513034250027 0.07670046306787161 0
1908 1.253915199947889 0.09835818866074716 0
1909 1.050817038653846 0.1130273602491636 0
1910 1.154943186439731 0.01894120426157605 0
1911 1.141243732964856 0.001107400012902986 0
1912 -0.3590513687459558 -0.3793400760570582 0
1913 0.9509962224572044 -0.04144048223358748 0
1914 -1.881961458223464 -0.4173044424716288 0
1915 -1.91339745962162 -0.4633974596214078 0
1916 1.694518510362353 -0.4185906067880842 0
1917 1.707681411727457 -0.3768255014218605 0
1918 1.657561897372005 -0.3868883493915635 0
1919 -0.2296720232474542 -0.3799143754270281 0
1920 -0.2495731464017886 -0.3366090607352523 0
1921 -0.1187315797944258 0.2501492063590351 0
1922 -0.08910381920977076 0.2491383500651871 0
1923 0.3232881225436069 -0.1721219354211585 0
1924 0.3249336281715609 -0.143944267498692 0
1925 0.6459222411256957 -0.02929331232178531 0
1926 0.6248015498969568 -0.02506379406453949 0
1927 0.7016327033021083 -0.4195076282578658 0
1928 0.7248425578795246 -0.3795101826616337 0
1929 0.6769361001165719 -0.3774112287194515 0
1930 0.3394220157200032 0.2340499050893244 0
1931 0.3684987797026015 0.2211503772009869 0
1932 0.1785987933482931 -0.3176559136212129 0
1933 0.1140544879586996 0.195850926062022 0
1934 0.1228836941618742 0.1742130391375646 0
1935 0.06530111695212501 -0.1137225477722378 0
1936 0.07245403197238465 -0.100070017466397 0
1937 0.05380021343339669 -0.1063241330567602 0
1938 -0.115195468932444 -0.0006005969278869254 0
1939 -0.1280987774955512 0.02083454419551839 0
1940 -0.5048466395479614 0.1710118926091116 0
1941 -0.5151292463704434 0.1325735435278594 0
1942 0.9965898552596807 0.05099611451543277 0
1943 1.004645404003384 0.06086977729182574 0
1944 0.994159049142087 0.06013656391411731 0
1945 0.1721834187727416 -0.1834828515928531 0
1946 0.147990511743398 -0.1724559627963361 0
1947 1.743334494275664 -0.3676474809618196 0
1948 1.706377881285315 -0.3359452235652989 0
1949 0.4579543595968045 -0.05108710706841164 0
1950 0.4496748140145123 -0.07499335649912393 0
1951 0.8386995147757825 0.1434663202287972 0
1952 -0.1433860431157104 0.3390212860222084 0
1953 -0.1594425799442258 0.3082460473453397 0
1954 1.073192849470697 -0.0472840552800896 0
1955 1.074403801912431 -0.06504064704934623 0
1956 0.7762018328126088 -0.3893661699724683 0
1957 0.02247866589394922 -0.02397543466853897 0
1958 0.01908563659149658 -0.03776628745198655 0
1959 1.024422328045252 0.3346450259904388 0
1960 1.051441121804687 0.3677381841616069 0
1961 1.013784291291733 -0.1196317347488819 0
1962 1.004766433748092 -0.0975816207060563 0
1963 1.122180037421275 0.09330611810775563 0
1964 1.104880037271526 0.08167446397076658 0
1965 0.3729696019335746 0.4582257536186753 0
1966 0.3930725254468065 -0.1058753179417339 0
1967 0.010128190032297 0.08772467990164234 0
1968 -0.005684380449395655 0.08471868651420186 0
1969 0.005860696784821613 0.07343090452249851 0
1970 0.1107249883009613 0.1562582855692285 0
1971 0.1326611669469107 0.1549824064363199 0
1972 0.9647722594141247 0.08781549257546976 0
1973 0.9767647764303541 0.08554767041982411 0
1974 0.338727240454856 -0.3763066978359579 0
1975 1.347596071376748 0.1400528060324448 0
1976 1.329197942726526 0.1051618933868081 0
1977 0.2648943393362391 -0.3740315498270186 0
1978 1.0076019509105 0.0180172941045928 0
1979 1.005403678330643 0.01255758380218979 0
1980 -1.679550504657211 -0.05227970905349534 0
1981 -1.650826174635702 -0.01771412151291361 0
1982 -1.703854805951072 -0.01820035541916927 0
1983 1.91781471806778 0.204972727636102 0
1984 -0.1217909434489192 0.4580748423969936 0
1985 -0.07468915883750571 0.4527151507610182 0
1986 0.01178866589394921 -0.02045793466853897 0
1987 1.46322670108124 0.03455952565708713 0
1988 1.450694196318901 0.07023571569207906 0
1989 0.3728047387640865 -0.2038225839129192 0
1990 0.3744595042924032 -0.173791120370652 0
1991 0.3477702755933317 -0.1885305531357834 0
1992 0.2397478195477554 -0.08773259768247568 0
1993 0.2184008443265683 -0.09599407380953714 0
1994 0.7597569404274818 -0.0779607991496107 0
1995 0.7380278322526403 -0.07025706277818247 0
1996 0.2249154890250247 0.4580741024674694 0
1997 0.1771093566309883 0.4646198416292975 0
1998 0.2020248456510202 0.4226939440967669 0
1999 0.8717522233191353 -0.098491246976394 0
2000 0.003588164206459432 0.04297892757556016 0
2001 -0.002811449872269089 0.0499131489753768 0
2002 -0.008383481732359799 0.04108119344912658 0
2003 1.496041135025787 -0.3862677336759018 0
2004 1.505781070764589 -0.4256536082456581 0
2005 1.543662887839875 -0.3944895593071392 0
2006 -0.7424609812528498 -0.2901759963174529 0
2007 -0.7956599483720976 -0.2960500653607748 0
2008 -0.7571429765853004 -0.3360364217529674 0
2009 0.8243116358596224 0.1057766381804449 0
2010 0.8332705963505853 0.08670738391777152 0
2011 0.3974395932715982 -0.1598938994185009 0
2012 1.030323674208329 -0.180709271951276 0
2013 1.029389486738005 -0.1528034794399021 0
2014 1.006179472721826 -0.1695870446218081 0
2015 1.12298134134171 0.457319580021085 0
2016 1.074882553045507 0.45245249182557 0
2017 -0.04996303824290455 0.3648371170254374 0
2018 -0.04220502706816898 -0.03472271246370148 0
2019 -0.0337336819590226 -0.04383042040203826 0
2020 1.150290219116465 -0.381915640772322 0
2021 1.11690124862521 -0.3498788378272315 0
2022 1.011976359346067 -0.05410733698442813 0
2023 1.007453363034056 -0.04079507902040728 0
2024 -1.741785412246219 0.002748913835332614 0
2025 -1.781086129627033 -0.02752818979878986 0
2026 -0.2082799647700475 -0.4166680069904916 0
2027 -0.1863736250468379 -0.3805385023761531 0
2028 1.011541090043186 0.134531769543118 0
2029 1.028900702377851 0.133422154975152 0
2030 0.8730315745747145 -0.05208626521857003 0
2031 0.8557376256652516 -0.04701033004931535 0
2032 0.8603320803146917 -0.06236127301959395 0
2033 0.5887644022820642 0.2493363786618226 0
2034 0.5825410574532617 0.2207268347067767 0
2035 0.6125347317108941 0.2292319107592432 0
2036 -1.607063734004709 -0.379371608038914 0
2037 -1.607992504628818 -0.3257826653702313 0
2038 -1.597531324349089 -0.0958461274774792 0
2039 -1.646259773544102 -0.0869302396625557 0
2040 0.9866464095513052 0.1088893768888248 0
2041 0.9841442150296917 0.09445039614604075 0
2042 -0.01717142756030136 0.230844071950124 0
2043 -0.03720111090643971 0.2418978307794656 0
2044 -0.03634235571756968 0.2151273471983252 0
2045 0.2706473784353346 -0.1991804769453299 0
2046 0.2482803094491532 -0.1834615134586013 0
2047 0.9213770204548639 -0.1303905755412864 0
2048 0.9103986508851403 -0.1065793350231287 0
2049 1.247400100507992 0.1232275494989825 0
2050 1.274285850676396 0.1161699855588755 0
2051 -1.699288404859471 -0.08741647356881135 0
2052 1.013788501343211 -0.08211049023892741 0
2053 1.027610659393711 -0.0798643151143207 0
2054 1.019075863404958 -0.06439258796591851 0
2055 -1.35651656918127 -0.2518009796662261 0
2056 0.9107709235907955 0.149799750040303 0
2057 0.9273506903839801 0.1635226311189283 0
2058 0.9079408022477727 0.1741671631569332 0
2059 1.354815704515448 0.05058227678857321 0
2060 1.319244707858398 0.05506509845078916 0
2061 0.725004246044232 0.4560930457829795 0
2062 0.6728374592801747 0.4534576121108033 0
2063 -0.1291087846028237 0.2207094082297828 0
2064 -0.1412412529530956 0.1966271444566834 0
2065 -0.1121583238142809 0.1982368699449577 0
2066 0.2039142112665729 -0.08249433265297457 0
2067 0.2010845147812821 -0.105819811508577 0
2068 1.253718119357806 -0.07597465395673784 0
2069 1.275858076551337 -0.05148057964518026 0
2070 1.246754192299414 -0.04518359832333511 0
2071 -0.2669041034799664 0.1730175902323772 0
2072 -0.2874298213520158 0.1992736413146749 0
2073 -0.2996341150268962 0.169266846907115 0
2074 -1.206527026965072 -0.3852926158484351 0
2075 -1.23139309601015 -0.3483877737246386 0
2076 0.8934841400183323 -0.02624956577111174 0
2077 0.9095872381342993 -0.02824816459102663 0
2078 -1.829986775163787 0.3687082864993902 0
2079 -1.883068771507625 0.3828067755377318 0
2080 1.173552185019787 -0.4573974824081495 0
2081 -0.07793599463666963 0.3318868444412945 0
2082 0.05011154392037102 0.1583233814040407 0
2083 0.06904758347836953 0.1608636837988002 0
2084 0.695417011685785 -0.2357551928372081 0
2085 0.6620258278705802 -0.2501469439285768 0
2086 0.7750042460440932 0.4560930457829795 0
2087 0.7984209571916177 0.4200719599692511 0
2088 0.8234167111508531 0.4639789141862715 0
2089 -0.002429110346111374 -0.01851506899147312 0
2090 -0.008706811126044515 -0.01153803459762691 0
2091 0.2225953526850015 -0.4579800873050112 0
2092 0.1769026869146249 -0.4587004097742599 0
2093 0.2421633125310128 -0.06626338131501186 0
2094 0.5349199928479715 0.2595191572602922 0
2095 0.5064111956484181 0.2459795303220554 0
2096 0.5302619308248784 0.2272916756711194 0
2097 -1.507023990841603 0.2407771192875431 0
2098 -1.479640975406109 0.2883535367384678 0
2099 -0.009575562681589222 -0.09878343862025778 0
2100 -0.008092476795412595 -0.0788517228376043 0
2101 1.039238534976944 -0.09432130404066441 0
2102 1.044525897038691 -0.07660340176765551 0
2103 -0.1625148713333588 0.3773312502423267 0
2104 0.1266322069729912 -0.1822506907108245 0
2105 0.4134688660341187 0.2161660493471648 0
2106 0.3862928877206743 0.2137324878036015 0
2107 1.218405396150943 -0.04337112761310478 0
2108 1.240545353344475 -0.01887705330154721 0
2109 -0.1070983997818085 0.03625391536025919 0
2110 0.8257504552366012 -0.3936912144337686 0
2111 1.154421135256507 -0.03830298926768689 0
2112 1.130221080899235 -0.03749725638224924 0
2113 0.8049926190934183 0.09605531593540591 0
2114 1.017095810136206 -0.008187532305497684 0
2115 1.016551943541525 -0.002721403593362264 0
2116 0.7747695805308659 -0.4608032911000239 0
2117 0.8243182029548584 -0.4651283355613243 0
2118 0.7990877834890533 -0.4259316266613483 0
2119 -1.25129565492268 -0.3174794857917153 0
2120 -1.201658160063067 -0.3154821408189917 0
2121 -0.1717909434490578 0.4580748423969936 0
2122 0.9833525049869847 -0.159565917210696 0
2123 0.9596270024247711 -0.1528290195254713 0
2124 -0.06433381688916796 0.1800963691889129 0
2125 -0.05023731127088223 0.2044578620309553 0
2126 -0.07046854468199375 0.2018196131856243 0
2127 0.2497238270424133 -0.04810830340349212 0
2128 1.019667562413584 0.01810914006205278 0
2129 1.022860457304003 0.0118936069445224 0
2130 0.427614560752511 -0.2050590892021146 0
2131 0.425961809199404 -0.1702891034133244 0
2132 1.265804807114361 0.04551243127612965 0
2133 1.239139025769128 0.03921289857692258 0
2134 1.268718714499727 0.02262502843794912 0
2135 0.5943700911764902 -0.342340199970219 0
2136 0.5383535568442461 -0.1450040625179774 0
2137 0.537537458332496 -0.1170587403792561 0
2138 0.8695229093064127 0.1624734903417075 0
2139 0.8823250680951926 0.1863166548078563 0
2140 -0.03020762792474388 0.1934041032016137 0
2141 -0.1324907832873508 -0.4586460669698083 0
2142 -0.182490783287212 -0.4586460669698083 0
2143 1.080968866951552 0.3374692529088458 0
2144 -1.71306108222471 0.03731450137591436 0
2145 1.071754329733162 -0.005752836488929147 0
2146 0.4272164278125948 0.2755627121726839 0
2147 0.4229787576309858 0.245812623950292 0
2148 1.085196862354948 0.1042838595251986 0
2149 1.088308959194566 0.0878453214988113 0
2150 0.2207576141585806 -0.1913779933365268 0
2151 0.7247695805307273 -0.4608032911000239 0
2152 0.6768631227677746 -0.4587043371578418 0
2153 0.3735458884164296 0.3152323883034451 0
2154 0.3402314542522222 0.2983818279693908 0
2155 0.6399997061006045 0.2358732548679862 0
2156 0.6337763612718019 0.2072637109129403 0
2157 1.568710626215343 -0.1076414869833707 0
2158 1.59769348879874 -0.08108802393583953 0
2159 1.559608287773382 -0.05934511432916342 0
2160 0.691018941854236 0.2242953616343078 0
2161 0.6846544061154832 0.1957765513295037 0
2162 0.7144320123082069 0.2061668579421282 0
2163 0.3216333570152903 -0.2021533989634257 0
2164 1.228909839119115 -0.1981182253305228 0
2165 1.226583977732304 -0.2343401692279825 0
2166 0.1014640237882592 0.2173776465615756 0
2167 0.02779890065023781 -0.4523990023239825 0
2168 0.2725953526851401 -0.4579800873050112 0
2169 0.2884030684973645 -0.4125773890759122 0
2170 1.479079658974557 -0.4587158913072104 0
2171 1.429079658974418 -0.4587158913072104 0
2172 1.029688916396609 0.0005254373829583874 0
2173 1.027877370554093 0.006590869330105543 0
2174 1.021132365649748 0.001117801857775351 0
2175 0.8989048348883772 0.2000395358864815 0
2176 0.06121912193343246 0.09999004056715181 0
2177 0.07745800128274524 0.1049249768328735 0
2178 0.974040192590927 -0.4594914924518302 0
2179 -0.7033558832818971 -0.29054512374226 0
2180 -0.7418728550686943 -0.2505587673500673 0
2181 -0.5093698323825585 0.289642162935695 0
2182 -0.4817764602971677 0.2514828193928584 0
2183 -0.4685117877858426 0.2937691954679897 0
2184 0.5610967153546875 -0.03226417975324489 0
2185 0.5749653262777978 -0.01262082307745667 0
2186 0.9870113941660065 -0.03416908899465916 0
2187 0.4280803941246866 -0.2371417837794591 0
2188 0.3999598008353334 -0.2211658457251323 0
2189 0.1242180655144015 0.2949870137936843 0
2190 0.1533492599714292 0.2907200622919231 0
2191 0.5386055258180342 -0.1748049615902637 0
2192 0.4328765841453387 -0.341977068363448 0
2193 0.4348943134308764 -0.38342666732813 0
2194 -0.01691987805490362 -0.2055088345771872 0
2195 -0.04062439953766099 -0.1887866322814148 0
2196 1.476750338317809 0.1010393355067851 0
2197 1.43863550658218 0.1083951872066525 0
2198 1.158294118373047 0.3764652459559081 0
2199 1.202241660725298 0.3605418837883874 0
2200 -0.900325054862477 0.4150351110681905 0
2201 -0.933327053866857 0.3700154992678482 0
2202 -0.187616588647151 0.4153422311432524 0
2203 1.006546881004807 0.005951509358217276 0
2204 1.004261078193619 0.008615378251587324 0
2205 1.002269474331745 0.005872008174627359 0
2206 1.637521243264273 -0.09696998939110696 0
2207 1.628418904822312 -0.04867361673689967 0
2208 -0.6243871043087044 -0.4588583715863241 0
2209 -0.5756186878623539 -0.4574899330938843 0
2210 -0.6000057921671746 -0.4163483046802085 0
2211 1.722492440633542 -0.2903569887776066 0
2212 0.7969078507309724 0.2265154707623254 0
2213 0.7696844810971564 0.2221914232525473 0
2214 0.4477259750495889 -0.09772718506073229 0
2215 0.4397164252186058 -0.1265344515093157 0
2216 1.496345791473769 -0.3427900436619873 0
2217 1.458463974398484 -0.3739540926005061 0
2218 -0.5470982632872292 0.3250822238630802 0
2219 -0.5217836794417663 0.3732231647325551 0
2220 -0.6978251179634052 0.4132090360718407 0
2221 -0.7235375693059813 0.3737137058013677 0
2222 0.8397672207303628 -0.1554245960577054 0
2223 0.8172828248944364 -0.1459535872793166 0
2224 -0.04810598285235194 0.2667860609717907 0
2225 -0.06436477088052991 0.3001007494705777 0
2226 -0.2257891814878283 -0.4580219400206833 0
2227 1.090121387780035 0.02583232017768256 0
2228 0.5949362406800249 0.2782480067475287 0
2229 0.5649425664223924 0.2697429306950623 0
2230 1.452879437255924 0.1770829295079411 0
2231 1.410484201551519 0.1829772565251096 0
2232 1.422296412876684 0.145093134038527 0
2233 -0.4054954401001187 0.4007962924677668 0
2234 -0.3623994050708071 0.4156654906135022 0
2235 -0.3990272537142966 0.4312134609094989 0
2236 0.03884400239159244 0.08093506378269182 0
2237 -0.3218324342999431 -0.4573562130928335 0
2238 0.2488187122784596 0.2204371421530834 0
2239 0.271470675248944 0.2110345540601012 0
2240 0.9429267143002453 -0.03707368023357645 0
2241 0.9497130522757176 -0.02864676882865405 0
2242 0.6641579349558238 -0.02814964472025638 0
2243 0.6529713199411162 -0.009085334616112904 0
2244 -0.03339888870357486 -0.0594015125488094 0
2245 -0.0533974121334175 -0.06485632013057871 0
2246 1.031417008050864 0.01130124246970543 0
2247 -0.08359013634882785 0.1034031818168787 0
2248 0.8789468819538523 0.2911673518513243 0
2249 0.8464388562779748 0.2887661186400295 0
2250 -0.7235920854017386 0.4570144101278779 0
2251 -0.6742330325580603 0.4561946259439629 0
2252 -0.4264061253563085 0.3734481845318616 0
2253 -0.4691142243074208 0.3741364008872948 0
2254 -0.4533970609201212 0.331240322655393 0
2255 0.6424444519373423 -0.1719733040984689 0
2256 0.6156122752900834 -0.1586583929026879 0
2257 1.037756798637031 -0.2957595182240126 0
2258 0.7253479503047058 0.3405208642650423 0
2259 0.7531121675471537 0.3776035025975639 0
2260 0.07632880694998553 -0.06226385182595046 0
2261 0.08840983606356262 -0.05942825866695474 0
2262 0.5250969611363069 -0.4504365068949491 0
2263 0.16095426849563 -0.3453941380806066 0
2264 -0.6822971710949061 0.2996624567193416 0
2265 -0.631397370544079 0.2920811154035187 0
2266 -0.2757891814876897 -0.4580219400206833 0
2267 0.8919632330437874 -0.1725152816841272 0
2268 0.865482003075939 -0.1655042343606976 0
2269 1.42425922878158 0.4629734787297868 0
2270 1.474259228781441 0.4629734787297868 0
2271 0.6991513548247371 0.255181512332546 0
2272 0.6693737486320135 0.2447912057199215 0
2273 0.1972212488330761 -0.05055876977692345 0
2274 0.2061509715144006 -0.06787044830092992 0
2275 -1.087752296141485 -0.4159252796810848 0
2276 -1.108440457521751 -0.3757067240156899 0
2277 0.01175602307600622 -0.126042623814472 0
2278 -0.004150813437451179 -0.1095592286445 0
2279 0.7458339438233825 -0.1619943429806557 0
2280 0.7177181011547717 -0.1525741983901335 0
2281 1.58821797053392 -0.252471766552254 0
2282 1.60535899203026 -0.2099365306446843 0
2283 -0.8189861217957044 -0.2185752572634493 0
2284 -0.7762220406764441 -0.199140127526904 0
2285 -0.8142302094325016 -0.1675257448650931 0
2286 -0.0003958388151604486 0.06111789711843421 0
2287 0.9737000683909199 0.05078182774627447 0
2288 0.001500456442175946 0.2402007968881869 0
2289 0.002359211631045979 0.2134303133070465 0
2290 0.7015807398416675 -0.05243925942639973 0
2291 0.6781526729536325 -0.04006042980260718 0
2292 -0.06264491817698475 -0.1698849814963064 0
2293 -0.08197669437033578 -0.1522124726615144 0
2294 -0.1737212749972099 0.2701711629612052 0
2295 -0.1840984798056078 0.2407313648319529 0
2296 -0.1478145089332406 0.2485394808707608 0
2297 0.6010680344114854 -0.3154456412127955 0
2298 0.6392618233315871 -0.3141454196799863 0
2299 0.6178514225364726 -0.2850323941118454 0
2300 0.7170032389310179 -0.06113746115682156 0
2301 1.066071368461245 0.05048416255719011 0
2302 1.075979662010367 0.06125138124119046 0
2303 1.139723075223709 0.3413292265076319 0
2304 0.373270572136262 -0.2359052784902638 0
2305 1.378301600658177 -0.01428585863019503 0
2306 1.357323314420181 -0.04098067043580841 0
2307 0.9827150849461311 0.06129173326660713 0
2308 1.17653563660459 -0.07884795548908242 0
2309 1.158643499544625 -0.0989412887522453 0
2310 -0.4710616443697235 0.4581721313818817 0
2311 -0.4210616443695849 0.4581721313818817 0
2312 -0.4722961852096464 -0.4494148502431856 0
2313 -0.07408949365728205 -0.06385246960845897 0
2314 0.3125129875647373 -0.04701932561958371 0
2315 0.8583972841249012 0.1496543975486704 0
2316 0.9435163564967801 0.1503554341742972 0
2317 0.9406862351537573 0.1747228472909274 0
2318 -0.1254518678644877 0.08754893587345039 0
2319 0.1655350909319029 -0.02849912114241882 0
2320 0.180216090931873 -0.02701412114242184 0
2321 0.1081354650352817 -0.3113340844755865 0
2322 0.1394975932929892 -0.3169749496590302 0
2323 0.1257799898879448 -0.2835958600161927 0
2324 1.260767183075878 0.1685185186434852 0
2325 1.290883960643905 0.1611845956089391 0
2326 1.283880392483283 0.1886637678553135 0
2327 1.04630419461327 0.1297521015524715 0
2328 1.041395736586011 0.1463895073300642 0
2329 0.5528317436219672 0.2170865793628083 0
2330 -0.272090370221868 -0.08191400864382659 0
2331 -0.2348778306701281 -0.08023606494184293 0
2332 -0.2598475832570425 -0.05266168053172847 0
2333 -1.393516915279497 -0.2915706963569696 0
2334 -1.440939910673174 -0.2741753880798267 0
2335 1.282139322668953 0.004117518562689337 0
2336 1.296732033088007 -0.02706011490514001 0
2337 -0.4258036888347303 0.2930809791125565 0
2338 1.694985256010872 0.408868621220988 0
2339 1.671887963341505 0.365268169942232 0
2340 1.726902707331326 0.3697970083430404 0
2341 -0.5237310995040689 0.457258895227142 0
2342 -0.4947927438779536 0.4154310266090237 0
2343 0.6368578267177969 -0.2613152269200115 0
2344 0.5986640377976951 -0.2626154484528206 0
2345 1.347393096163622 -0.2583259001457047 0
2346 1.342211611735499 -0.2224503467968391 0
2347 0.1488660728842957 0.1572581849643897 0
2348 0.1709191605841117 0.152043009178546 0
2349 1.00890412243314 0.08026538253323826 0
2350 1.011833129601849 0.06773024795705933 0
2351 1.588780294243139 -0.1706080682729415 0
2352 1.623374525027823 -0.1687128589617897 0
2353 0.1974492968160155 0.227841957577693 0
2354 0.2210088213568766 0.2237812588776345 0
2355 1.288092722980626 0.06011259292889815 0
2356 -0.02284701760042629 0.07992812018756801 0
2357 -0.02556179646472384 0.0626646445333839 0
2358 -0.5256186878624927 -0.4574899330938843 0
2359 0.4777586252897761 0.2349149672959062 0
2360 0.4442542253573601 0.2264313112558027 0
2361 1.138903442745425 -0.1171058297594722 0
2362 1.117262895840322 -0.1333790279103108 0
2363 -0.195726550816593 0.3004379313065318 0
2364 1.293045133561429 0.4677828049577792 0
2365 1.090620188658778 0.07022203771994859 0
2366 1.063312072862007 0.1259947126040757 0
2367 1.669985256010942 0.4521698914100898 0
2368 1.725000000000763 0.4566987298108982 0
2369 -0.9041390256387627 -0.2015633422759521 0
2370 -0.8941125331688002 -0.1537397053662034 0
2371 -0.9412572682558009 -0.1683421730405171 0
2372 -0.8488427152556353 -0.1382400660208662 0
2373 -0.8859609578726737 -0.1050188967854313 0
2374 1.023102708215593 -0.4632564623940216 0
2375 0.9971429008092945 -0.4227479548458518 0
2376 -0.01260078739064928 0.03153134837045685 0
2377 -0.01572664608639348 0.02568020965015144 0
2378 -0.005109726349375479 0.02829583332900454 0
2379 0.8849114884069313 -0.08613394249269182 0
2380 0.8644667641363586 -0.07979451267255079 0
2381 -0.5334076840321174 0.2060257058470029 0
2382 -0.4940734604097276 0.2123419736226725 0
2383 -0.04529698233553484 0.1169604837437319 0
2384 -0.03136612208708729 0.1062197176583217 0
2385 1.043001753781891 0.2534214342063826 0
2386 -0.1811459474528777 0.01472911632733944 0
2387 -0.1911789583677807 -0.01382487883044372 0
2388 0.8942764198103841 0.141622143423921 0
2389 0.9136863079465916 0.1309776113859161 0
2390 0.1671833290230785 -0.09737871642409016 0
2391 0.1749262896367711 -0.08024202162431367 0
2392 -1.52685843524761 -0.2274614832439764 0
2393 -1.528572711414438 -0.1727210616819451 0
2394 0.7412067487785228 0.2154184536895188 0
2395 0.73484221303977 0.1868996433847147 0
2396 1.073953694213142 0.1880666401246071 0
2397 1.07567942855434 0.2127728468250045 0
2398 -0.1034471578591679 -0.1270009784383375 0
2399 -0.08622323102272483 -0.1068294959960971 0
2400 -0.2834403594728045 -0.1185645608779874 0
2401 0.3179780903940369 0.319271607810921 0
2402 0.9407489215571005 0.07936657745091066 0
2403 -0.1543485023591789 -0.04867293140468237 0
2404 -0.17874077214321 -0.06196181738009837 0
2405 -0.1539625516899856 -0.3811489918476841 0
2406 -0.1753546101673923 -0.3443953602842207 0
2407 0.1483773188391203 -0.1252616994671632 0
2408 0.1299502596220016 -0.114939239467459 0
2409 1.526701411788645 -0.4669377169384478 0
2410 0.4239074350078443 -0.1410998516840375 0
2411 0.5915207901479125 -0.1738463607719547 0
2412 1.02600165253086 -0.1333906752804366 0
2413 1.034540658571091 -0.1113411579188843 0
2414 1.672199498003035 -0.4643267273788936 0
2415 1.622199498002896 -0.4643267273788936 0
2416 -1.624501038434327 0.3009541563771866 0
2417 -1.603585058276912 0.2509224839063527 0
2418 0.9323483598877229 -0.03209689337146495 0
2419 0.9336315300692097 -0.04489060677639838 0
2420 1.051455896216071 -0.1080802445722191 0
2421 1.068080575810904 -0.1245635250940078 0
2422 -0.6763591090397889 -0.373939547941147 0
2423 -0.6256464947473332 -0.3804313425776787 0
2424 -0.6532313951735971 -0.3366541473461774 0
2425 0.4824166873128692 0.267142448885079 0
2426 -0.6743871043085656 -0.4588583715863241 0
2427 1.001262422333214 0.02181563840790393 0
2428 1.006595501449108 0.0234126443432944 0
2429 1.95675054869022 -0.02779498917586888 0
2430 1.95073588103568 0.02506767698578619 0
2431 1.022756136364354 -0.01306053783099857 0
2432 1.016908035008296 -0.01630044004712445 0
2433 1.276501029828023 0.2200775032330114 0
2434 1.306617807396051 0.2127435801984652 0
2435 -0.6242330325579217 0.4561946259439629 0
2436 -1.92037811571349 0.1032740892921281 0
2437 -0.1714971729528905 0.0700251755329943 0
2438 -0.1742577536407345 0.04225720449580983 0
2439 -0.3779656093402733 0.4730413295276171 0
2440 1.619985256011081 0.4521698914100898 0
2441 1.522316568098981 0.4626050969971277 0
2442 -0.5737310995042078 0.457258895227142 0
2443 0.9842866924573086 -0.1874717097220698 0
2444 -0.6991328858600101 -0.4177826727748161 0
2445 -0.7267177862862739 -0.3740054775433148 0
2446 0.05761363025931178 -0.04748132686020328 0
2447 1.413860543132623 -0.02114572387557583 0
2448 -0.8248243310547898 -0.459318415186504 0
2449 -0.7747457815549119 -0.4589243011884919 0
2450 -0.799570112606373 -0.4182427163749959 0
2451 0.02616397840965813 0.09182830702003698 0
2452 0.01461890117544087 0.1031160890117403 0
2453 0.467538882832643 -0.39548976094 0
2454 0.5112266487039479 -0.4159405917188352 0
2455 0.07861077755601595 -0.1246461984282733 0
2456 0.05995695901702799 -0.1309003140186364 0
2457 1.050145854017363 -0.1445129026099045 0
2458 1.218794129046889 -0.4629565931337819 0
2459 1.192346314068895 -0.4203540755419314 0
2460 1.949808531552943 -0.2288095662984099 0
2461 1.958601384657672 -0.1768191291178365 0
2462 1.908409916210615 -0.2056286954154142 0
2463 1.035392986093435 -0.04945329865192081 0
2464 1.046497465974244 -0.05860167057742943 0
2465 -0.7247457815550506 -0.4589243011884919 0
2466 1.751834288377101 0.3290814389493154 0
2467 1.72573455053781 0.2863029445671848 0
2468 1.773763424252953 0.2891878264522157 0
2469 -0.2061580929538002 0.2309882258004093 0
2470 -0.1802513268898309 0.2093565437099648 0
2471 1.164415175713617 0.08093509465660689 0
2472 1.166095771560032 0.05787955602674467 0
2473 -1.131006463672402 -0.3397139090172175 0
2474 -1.159189594999887 -0.3823832437503874 0
2475 1.303246614456838 -0.35281632417556 0
2476 1.284386743119605 -0.3799086920839357 0
2477 1.32227837709015 -0.3845533771703632 0
2478 1.704149590365647 0.247487897595956 0
2479 1.675468546921412 0.2093895428861977 0
2480 0.7946691064304598 0.08767564868120467 0
2481 0.7779231064305034 0.09190064868119366 0
2482 -0.8674681897293584 -0.2328279514546902 0
2483 -0.829460020973301 -0.2644423341165011 0
2484 0.1024571276000014 -0.1924565354671258 0
2485 0.08067620629847772 -0.201532889943584 0
2486 0.5410918312459322 0.2884307853459983 0
2487 -0.09461369343978941 0.04637565721008384 0
2488 1.516209369837485 0.09137488414326561 0
2489 1.504150680100764 0.1295343556578391 0
2490 -0.09229545288214425 0.1998886270308195 0
2491 -0.1044279212324162 0.1758063632577201 0
2492 1.171358401791432 0.03478006697535144 0
2493 1.181149129503095 0.01251786003076997 0
2494 1.775000000000624 0.4566987298108982 0
2495 -0.4550336964747693 -0.2287333045168088 0
2496 -0.4448037648008485 -0.1864114797689849 0
2497 -0.4853671622116855 -0.1969514917175957 0
2498 0.008982776573374996 -0.09948412239586535 0
2499 1.571988309305901 -0.1411670184377379 0
2500 1.553972776308339 -0.1823906901206326 0
2501 -0.914612924816359 -0.2474304191290039 0
2502 -1.345461771103845 -0.2914517431136591 0
2503 1.95675054869022 -0.07779498917573562 0
2504 1.915351933347892 -0.1046141182926013 0
2505 1.958601384657672 -0.1268191291179752 0
2506 1.952127791552793 0.1300134480065714 0
2507 1.902863672588473 0.1050811249936005 0
2508 1.95073588103568 0.07506767698591946 0
2509 -0.776906796722022 0.01650384003024034 0
2510 -0.7660925597264674 0.06292266936841141 0
2511 -0.8102172959311896 0.04967648704745355 0
2512 0.7930090310768008 -0.1308428027333556 0
2513 0.8009600031655527 -0.1081309106386429 0
2514 -0.2301425617546265 -0.1652767968041863 0
2515 -0.2217255191465588 -0.1325546138174083 0
2516 -0.2555376602430213 -0.1422105760407191 0
2517 1.774931581046469 0.3726818902280714 0
2518 0.6944971791973706 -0.1689255964850928 0
2519 1.251471619291145 -0.3870424126783482 0
2520 1.270503381924457 -0.4187794656731513 0
2521 -0.9876847538791704 -0.1832343922214194 0
2522 -0.977658261409208 -0.1354107553116708 0
2523 0.05064805963978847 -0.05720859099502128 0
2524 0.06193974431731798 -0.06008534599080848 0
2525 -0.5275012984278916 -0.2079288737986204 0
2526 -0.5172713667539708 -0.1656070490507965 0
2527 0.1890561157507933 0.2544702159414912 0
2528 0.2097163730649127 0.2755840882463557 0
2529 0.1827581102986378 0.2825343225402503 0
2530 0.1100260054290951 0.3260049988610811 0
2531 1.8725158556677 -0.2249575339788882 0
2532 1.82088281822218 -0.226362300378013 0
2533 0.369850193936909 0.176069220765378 0
2534 0.3625982691155315 0.1993355029629342 0
2535 -1.768182739765463 0.2886736883072961 0
2536 -1.773827669205281 0.2367057478306832 0
2537 1.952127791552793 0.1800134480067101 0
2538 0.03241760009982071 -0.08000342020819654 0
2539 0.01647814591288561 -0.07839224324971572 0
2540 0.01949748151617206 -0.09031950933010399 0
2541 0.1920157923885438 -0.2010227375832028 0
2542 0.1668275357492278 -0.2143657751448614 0
2543 -1.745060251999522 -0.391277974229614 0
2544 -1.700734156872593 -0.4209896797544197 0
2545 0.9315700886897293 -0.005128478109287403 0
2546 0.9306878607491086 -0.02028196152360891 0
2547 0.9425257720593793 -0.009126483414321511 0
2548 1.949808531552943 -0.2788095662982712 0
2549 1.043330946481955 -0.331993880490979 0
2550 1.004028389113977 -0.3439223210690115 0
2551 1.041023871691306 -0.3626497995041503 0
2552 1.795367673436776 0.2459958975477135 0
2553 -0.855599085413999 0.03564833415577606 0
2554 -0.8447848484184444 0.08206716349394713 0
2555 1.954771010792196 0.3719917186256365 0
2556 1.954771010792196 0.3219917186254978 0
2557 -0.2918574020808722 -0.1512867438647655 0
2558 0.07813100319347432 -0.3032275067507482 0
2559 1.303695960146398 -0.05785117053854275 0
2560 -0.9637021201104528 -0.2679069591295138 0
2561 -0.9270312842010485 -0.299171568308252 0
2562 -1.034868618767763 -0.1973647307134611 0
2563 -0.9984676256143562 -0.2302961484423074 0
2564 -1.331746354035917 -0.3408032892508824 0
2565 -1.29474600793769 -0.3010335725601389 0
2566 -1.098764453195742 0.4179982664807037 0
2567 -1.114539358809669 0.3810292320362946 0
2568 -1.065560844665825 0.3832065654815965 0
2569 0.9907706336898341 0.0711653960430001 0
2570 -0.01715876653884152 -0.4612258680634777 0
2571 -0.06715876653872455 -0.4612258680634777 0
2572 1.875243016127945 -0.4591733005478946 0
2573 1.825243016127806 -0.4591733005478946 0
2574 0.9585851957892018 0.2107889844946071 0
2575 0.9846100722624311 0.2116840449365495 0
2576 -0.2725469111749387 0.2328424286370448 0
2577 -0.3052769227218685 0.2290916853117826 0
2578 1.023963365378644 -0.4005455824351131 0
2579 -0.3311338449874606 0.1629611859093737 0
2580 -0.3106081271154113 0.136705134827076 0
2581 -0.7735920854018772 0.4570144101278779 0
2582 -0.825325054862269 0.4570484050779857 0
2583 -0.7989171402674753 0.4140628152058636 0
2584 -0.8753250548624079 0.4570484050779857 0
2585 0.6196256129105104 0.1871546168374642 0
2586 0.6470905873002208 0.1937959609462072 0
2587 -1.827122693812877 -0.1503713315606978 0
2588 -1.784920325632358 -0.1771755051633587 0
2589 -1.785140965669677 -0.1276884469219532 0
2590 -1.37944081255777 0.4591223619023657 0
2591 -1.427835888684343 0.4582865701503505 0
2592 -1.407276701243778 0.4174089320527162 0
2593 0.4361296875633413 -0.4655040848238862 0
2594 0.4396148057293542 -0.4189450760359024 0
2595 1.49260444599504 0.1685362686793954 0
2596 1.480792234669875 0.206420391165978 0
2597 -1.575616298119552 0.3737633413476897 0
2598 -1.527317302526643 0.3713080863277805 0
2599 -1.019440501718254 -0.456737250306655 0
2600 -1.069440501718115 -0.456737250306655 0
2601 -1.118311794425866 -0.4591880293744299 0
2602 -1.737758866730869 -0.1036292817421826 0
2603 -1.779961234911388 -0.07682510813952165 0
2604 0.294500355201861 -0.2184415576878945 0
2605 0.2679965296716301 -0.2318772533844236 0
2606 -1.074892969524701 0.4600877999630028 0
2607 -1.123871483668544 0.4579104665177008 0
2608 -1.173871483668683 0.4579104665177008 0
2609 -0.8748243310546511 -0.459318415186504 0
2610 -0.8990796094733335 -0.416621624269253 0
2611 -0.9242552784217339 -0.457303209082749 0
2612 -1.329440812557631 0.4591223619023657 0
2613 -1.307746251557866 0.410718058833518 0
2614 -1.278305438998293 0.4515956969311523 0
2615 -1.870149421882007 -0.1749364308029386 0
2616 -1.870370061919326 -0.1254493725615331 0
2617 -0.9742552784215952 -0.457303209082749 0
2618 -1.477835888684482 0.4582865701503505 0
2619 -1.741850630448121 -0.2025493557261007 0
2620 -1.697110172579983 -0.2267593180095538 0
2621 -1.69819813962102 -0.1787025828080672 0
2622 -1.228305438998154 0.4515956969311523 0
2623 -1.202176922669057 0.4095061634488532 0
2624 -1.913588034951818 -0.1996749562729788 0
2625 -1.870340666845369 -0.2245969152721435 0
2626 -1.600012115704113 0.4150069746648442 0
2627 -1.625604182414461 0.3749129368135419 0
2628 0.8440579970128433 -0.1824977672324118 0
2629 -1.959200976710302 0.02733294291092228 0
2630 -1.95741014862685 -0.0251233547150076 0
2631 -1.916611125337153 0.002209588194538557 0
2632 0.6881886435606983 0.1166310808722645 0
2633 0.6698781435606651 0.1203353308722712 0
2634 1.164862716668255 -0.1245665630758181 0
2635 -1.653462279036012 -0.2524427250425215 0
2636 -1.60928954967091 -0.275676263962652 0
2637 -1.783832358591321 -0.2252322403648453 0
2638 0.6481321190711057 0.2667594055662244 0
2639 -0.1644747151168818 -0.1425432193363846 0
2640 -0.1904487183534468 -0.1230524532375894 0
2641 -1.95741014862685 -0.07512335471514087 0
2642 -1.624999999998957 0.4580782850653482 0
2643 -1.575012115704047 0.456928689599496 0
2644 -1.525012115703908 0.456928689599496 0
2645 -1.799752820124731 0.4161283997903319 0
2646 -1.780163332217009 0.369513890795469 0
2647 -1.827125085129845 -0.2495545287035055 0
2648 -1.784055389945607 -0.2749283792662475 0
2649 -0.5960354257002729 0.1100563801920522 0
2650 -0.5545197722621727 0.1221415325244357 0
2651 -0.5856965166084513 0.1526104725010586 0
2652 -1.871490278592459 -0.3226734461005248 0
2653 -1.876380218952377 -0.376955095148292 0
2654 -1.832238056844048 -0.3535323166526748 0
2655 -1.956698394994228 -0.1750072359014709 0
2656 -1.95688963995759 -0.2246677203706757 0
2657 -1.824788131535477 0.4576613977471266 0
2658 -1.774964688588699 0.4584670020432053 0
2659 -1.957816220350394 -0.3230481122977936 0
2660 -1.914705860307984 -0.2977158326691628 0
2661 -1.95688963995759 -0.2746677203708144 0
2662 -1.956698394994228 -0.1250072359013322 0
2663 -1.957816220350394 -0.3730481122979323 0
2664 -1.874788131535616 0.4576613977471266 0
2665 -1.674999999999095 0.4580782850653482 0
2666 -1.72496468858856 0.4584670020432053 0
2667 -1.699964688588488 0.4165452871085535 0
2668 -1.024892969524562 0.4600877999630028 0
2669 -1.168311794425728 -0.4591880293744299 0
2670 -1.431221451429986 -0.4525676126548083 0
2671 -1.481221451429847 -0.4525676126548083 0
2672 -1.959200976710302 0.07733294291078902 0
2673 -1.625804667536015 -0.4545753951654441 0
2674 -1.675804667535877 -0.4545753951654441 0
2675 -1.956698729810898 0.2250000000007628 0
2676 -1.956698729810898 0.2750000000006242 0
2677 -1.563815177980588 -0.2994860243393605 0
2678 -1.521210165506053 -0.272905233090949 0
2679 -1.480141075507216 0.372665966878635 0
2680 -1.502848004389777 0.4152152597498465 0
2681 -1.697114769863112 -0.276289497960555 0
2682 -1.740512094365931 -0.300166735104432 0
2683 -1.783804820904455 -0.3244890234430922 0
2684 -1.788694761264372 -0.3787706724908593 0
2685 -1.871081815551948 -0.0755654913753418 0
2686 -1.914108543621078 -0.1001305906175826 0
2687 0.8070247001699211 0.253704355508247 0
2688 -1.870563698199655 -0.2742930541735457 0
2689 -1.193900566714989 0.06347916995103453 0
2690 -1.183077760952442 0.1116168686790331 0
2691 -1.230269029573812 0.09712927131298858 0
2692 -1.707068806142693 0.1302918280222951 0
2693 -1.747951843997007 0.1104295553903913 0
2694 -1.710108650665542 0.07812604326232001 0
2695 -1.277478076869787 0.08260152080511703 0
2696 -1.26665527110724 0.1307392195331156 0
2697 -1.614371895517172 0.157464888470211 0
2698 -1.56776754712446 0.1794941605889662 0
2699 -1.605980752907782 0.2115766864359642 0
2700 1.097247137304188 -0.1510970942683921 0
2701 1.071468410018049 -0.1439763292534733 0
2702 1.079312415510647 -0.1710464717842888 0
2703 1.268794129047028 -0.4629565931337819 0
2704 -1.477520301506371 -0.02428219196017422 0
2705 -1.466626605023084 0.02398061455527295 0
2706 -1.514202374928218 0.009233979991173584 0
2707 -1.788190962914046 0.135380812914402 0
2708 -1.698748550387325 0.1760713772337876 0
2709 -1.689276646787676 0.222400506713637 0
2710 -1.735440095874509 0.2089244696302156 0
2711 -1.560715070206906 -0.004447667167430273 0
2712 -1.611427971172074 -0.01082999147891332 0
2713 -1.575808972376673 -0.04541115083575663 0
2714 -1.66090535705586 0.1437678651057164 0
2715 -1.549821373723619 0.0438151393480169 0
2716 -1.53973368408939 0.09143957456491686 0
2717 -1.586246379368079 0.07775792740631299 0
2718 -1.622692151272539 0.1116853392587184 0
2719 -1.632779840906767 0.06406090404181841 0
2720 -1.25573552703106 0.1790838152159115 0
2721 -1.208918136132646 0.191191699046874 0
2722 -1.245207439352442 0.2250085442217984 0
2723 1.382565841760983 -0.269117023237705 0
2724 1.354662477250549 -0.2951383668571003 0
2725 -1.440982317969135 -0.05693318497099536 0
2726 -1.488558087874269 -0.07167981953509472 0
2727 0.9359739834281149 -0.1403303072864175 0
2728 0.9431973171538235 -0.1182677249948536 0
2729 -1.54681842338392 -0.08946380316599616 0
2730 -1.510280439846684 -0.1221147961768173 0
2731 -1.345405124839868 -0.02760132160159367 0
2732 -1.382766924636029 0.005029109152696644 0
2733 -1.392582731805076 -0.04216598815036517 0
2734 -1.288340576503591 0.03429267414322909 0
2735 -1.324726818037018 0.06790262236335608 0
2736 -1.455884407117816 0.07212464658612615 0
2737 -1.445060742694924 0.1205255994324383 0
2738 -1.492485014022039 0.1058977393529329 0
2739 -1.403620518172974 -0.08956361572528568 0
2740 -1.204817606064987 0.01554280868845079 0
2741 -1.251964362217633 0.0007985809048679168 0
2742 -1.21569013294626 -0.03265018299167134 0
2743 -1.302944574327035 0.16455606470804 0
2744 -1.30902891055391 -0.06109541483995484 0
2745 -1.31878899617715 -0.1101088170608688 0
2746 -1.272596974722145 -0.0964078129961681 0
2747 -1.299213103384863 -0.01390031753689303 0
2748 0.4111942092908 -0.1161392475144922 0
2749 -1.339208724637856 0.197675267174061 0
2750 -1.350128468714036 0.1493306714912651 0
2751 -1.419202333695969 0.03860847463477834 0
2752 0.661312194950294 -0.340986224952078 0
2753 -1.325948901256574 0.2424395453801352 0
2754 -1.373132795643575 0.2272141521633603 0
2755 0.4861296875634799 -0.4655040848238862 0
2756 -1.372024726730761 0.05317314118354984 0
2757 -0.5751490194163269 0.1939509214249418 0
2758 -0.5643758402780932 0.2352810024385026 0
2759 -1.528910019666498 0.139840527411229 0
2760 -1.520518877057108 0.1939523253769823 0
2761 -1.010885984999046 -0.2820372976215555 0
2762 0.1826738691518974 0.1437233411950906 0
2763 0.1646669815285534 0.1332595419406679 0
2764 -0.2025551946857278 0.0333178933734764 0
2765 -1.39742637740778 0.1346011903114588 0
2766 -1.434026984312002 0.1683742830782656 0
2767 -1.265011071990608 -0.268127939654492 0
2768 -1.216075632863046 -0.2471645074053406 0
2769 -1.361162227096958 0.1014819878454378 0
2770 -0.7481499491957606 -0.2203456303033464 0
2771 -0.7433940368325578 -0.1692961179049902 0
2772 1.722319012358487 -0.4542638794091906 0
2773 -1.234725367193942 0.2688721531251195 0
2774 -1.281542758092356 0.256764269294157 0
2775 0.7940694208496315 -0.1573073443834585 0
2776 -1.315466829098075 0.2863031542834563 0
2777 -1.157626337443617 0.03003040605449529 0
2778 -1.081684755813542 -0.2123261839739272 0
2779 -1.128740475179446 -0.224000615482615 0
2780 -1.092707209868853 -0.2561009184430371 0
2781 1.058125341557477 -0.07305865950377313 0
2782 -1.070901884078356 -0.1652644277530391 0
2783 -0.53619663374909 -0.25105081075394 0
2784 -0.5681008382913753 -0.2197063680871407 0
2785 -0.9253074334121916 0.1009081005021304 0
2786 -0.8796502221305862 0.1145991268092993 0
2787 -0.9147910176415242 0.1474682167091601 0
2788 -1.171776554654823 0.1568150410512123 0
2789 -1.161248466976204 0.2027397700570992 0
2790 -1.121740453115081 -0.003442123108182709 0
2791 -1.110823413765083 0.04449423815440104 0
2792 -1.236108156600011 -0.1298239727854994 0
2793 -1.226348070976771 -0.08081057056458552 0
2794 -1.049794004698783 -0.0695074978957213 0
2795 -1.060202762631901 -0.1172900105772951 0
2796 -1.01367698909946 -0.1025204618109993 0
2797 0.8471728152268957 -0.07471857750329611 0
2798 0.8267077390154425 -0.06466587080788394 0
2799 -1.10701889967768 -0.1322514638377611 0
2800 -1.14308951554293 -0.09925188850796694 0
2801 -1.153788636989386 -0.147226305683711 0
2802 -1.132431577512419 -0.05109150093505276 0
2803 -1.179201314824125 -0.06606634278100265 0
2804 0.7492742803655932 0.2414586378099608 0
2805 -0.9249999999970178 0.4579867059902047 0
2806 -0.16488775365732 0.1908215513567866 0
2807 -0.1479372928687772 0.1683490130719615 0
2808 0.8902088142029835 0.325270752941783 0
2809 1.689728622866065 0.009365129308249072 0
2810 1.657932618110319 -0.0218441433138991 0
2811 1.700042664043591 -0.03334630957001893 0
2812 -0.903879124308006 0.1948120876173869 0
2813 -0.8550872115801555 0.2045162660011733 0
2814 -0.8898325295282429 0.2381691106022311 0
2815 -1.085628653833886 -0.036627668835147 0
2816 -0.936079684607684 0.0538383153458119 0
2817 -0.9712204801186219 0.08670740524567265 0
2818 -0.9998929695244929 0.4180745059532075 0
2819 -0.9749999999971564 0.4579867059902047 0
2820 -1.039102880301445 -0.02185812006885126 0
2821 1.073592194391332 -0.03266170645431194 0
2822 -0.9495363355896114 0.1811210613102179 0
2823 -0.8342684326477768 0.1286272797009768 0
2824 -0.9465271082965964 0.007106634459370039 0
2825 -0.9926304812402282 -0.007550164520035707 0
2826 -0.9571648582227104 -0.04008115015001982 0
2827 -0.92763927499636 0.2762612593868657 0
2828 -1.100043170318121 0.09170863284216504 0
2829 -1.088741964020502 0.1369068052143443 0
2830 -1.135408091796 0.1231649396892583 0
2831 -1.028465130375331 0.02532966454053859 0
2832 -0.9672495034760904 -0.08762824263009703 0
2833 0.1554230094729109 0.1049336835028353 0
2834 0.140273509472873 0.1010106835028255 0
2835 -0.8660465091029114 -0.01108334673066579 0
2836 -0.9006140615901661 0.02130732971582779 0
2837 -0.07819894726385852 0.2242501198728619 0
2838 -0.9845461808841752 0.2128086713283459 0
2839 -0.9954580742176934 0.1654648004201192 0
2840 -0.8060786341363749 -0.118804936284321 0
2841 0.7634685849338123 0.005903137984591212 0
2842 0.7801710849338772 0.005249887984588671 0
2843 1.798850008577107 0.4163772412234406 0
2844 -1.78329957280493 0.1903766183508339 0
2845 0.1652536087194136 0.342261896510037 0
2846 0.1521888644102077 0.3691589065344731 0
2847 0.1315359226491342 0.3469166843728965 0
2848 -1.200224899802566 -0.1619909461392648 0
2849 1.572316568098842 0.4626050969971277 0
2850 -0.2501996292071842 0.262511759778275 0
2851 -0.2323525278373315 0.2326937157811672 0
2852 -0.05064491257104449 -0.02250943385041076 0
2853 0.1700626318687355 0.3968719009651043 0
2854 0.2178687642627718 0.3903261618032762 0
2855 -0.2216564299520864 0.05160147371336606 0
2856 -0.2285446237642296 0.02407338554489567 0
2857 -1.04192248102744 0.1513014544027491 0
2858 -1.077287402505319 0.1827577612498424 0
2859 -1.164154283937315 -0.194990521469059 0
2860 0.4289520384664848 -0.0788400187781621 0
2861 0.3081067024586075 -0.3706487642929084 0
2862 -1.175176737992626 -0.2387652559381689 0
2863 -0.0185795243529509 0.09422189556671182 0
2864 1.681457801936141 -0.1076001317070857 0
2865 1.650732385912569 -0.1400145389060256 0
2866 -0.7093790409830789 -0.04519720138244383 0
2867 -0.7194030182395237 -0.08956352726261974 0
2868 -0.6763499952155974 -0.07520979306701092 0
2869 -0.06765756395861157 -0.1987902433233559 0
2870 -0.9211461305324585 -0.07297144365069128 0
2871 -1.064157285989585 0.05823610367948706 0
2872 1.830174740491184 -0.06916514542417607 0
2873 1.876020157587188 -0.0848739492632318 0
2874 -1.006912635732876 0.1196138443846211 0
2875 -1.017684886928368 0.07254405922830261 0
2876 0.04333471353473631 0.09632647289278981 0
2877 -0.6166646728544269 0.1818657690925583 0
2878 -1.263835781966192 0.3519096360298914 0
2879 -1.223146268848782 0.3128322526268584 0
2880 -1.215921364881117 0.3641140104592717 0
2881 -0.525468155462265 0.09001945121885294 0
2882 0.09616005604403249 -0.06940016089339474 0
2883 0.1008175931444653 -0.05465879776443903 0
2884 -0.8758763126192937 -0.05747180430535406 0
2885 0.09804333920512298 -0.1174547743103133 0
2886 1.710890371838604 -0.07642888407656737 0
2887 1.7241015144869 -0.119473433591486 0
2888 0.1740095172855487 0.3118339345967875 0
2889 -0.09861594575846699 -0.4527851842017244 0
2890 -0.1311067290405473 -0.4114312511715327 0
2891 -0.7741136206417392 0.3730765184851107 0
2892 0.6872784926176674 0.1744795399729448 0
2893 0.6741048978936055 0.153950347026554 0
2894 1.330313990040286 -0.3209041265135438 0
2895 1.292422356069741 -0.3162594414271163 0
2896 1.735016073650993 -0.16314019081489 0
2897 1.698811431008999 -0.2022957278359798 0
2898 1.739158560075556 -0.2147912374288655 0
2899 -0.065774712291921 -0.4140110522652022 0
2900 -0.01236748475397968 0.05922016299200063 0
2901 1.749652452824205 -0.2571877199220963 0
2902 1.769190976024185 -0.2935979342497477 0
2903 1.823850008577037 0.4596785114125423 0
2904 1.873850008576899 0.4596785114125423 0
2905 -0.04116268163280953 0.1361265741889723 0
2906 -0.05946958129815132 0.1300789518561387 0
2907 -0.6322146839271852 -0.06577074211966084 0
2908 -0.9744829406851859 0.2565627707941156 0
2909 -1.020404679313268 0.2409065099040169 0
2910 -0.8308613364431265 -0.04313079986540579 0
2911 -0.405941502841294 -0.01790794004899285 0
2912 -0.4124328599861347 -0.05450143450856039 0
2913 0.5128731973301403 -0.2214963682095138 0
2914 0.4847726356335944 -0.2371115103441425 0
2915 0.0002719257088516329 0.1867851561152865 0
2916 0.2890505438938908 -0.01964217258044969 0
2917 0.306569293893842 -0.01770192258045509 0
2918 0.9078264795906676 -0.05522404238741593 0
2919 0.8885341640566473 -0.05382479057616354 0
2920 0.8969183447581749 -0.06883646000010102 0
2921 1.313268826722072 -0.09012377732800178 0
2922 1.334142783258742 -0.06570331258796153 0
2923 0.8259265147749966 0.004309371659812686 0
2924 0.8409577647750399 0.003311371659809811 0
2925 1.957783475014033 -0.3257822671191783 0
2926 1.957783475014033 -0.3757822671190396 0
2927 -0.7010038253484439 0.1565022753511708 0
2928 -0.7336645368079299 0.1887637411941029 0
2929 -0.7444098856695729 0.1473089678365838 0
2930 0.5660754443219826 -0.1898912708229514 0
2931 0.5394061959389045 -0.2048910522198717 0
2932 -0.2338052899112508 0.2972392295227803 0
2933 -0.273999673248858 0.2973879423786578 0
2934 0.1118528725061035 -0.1091915045004335 0
2935 1.532063477514716 0.158871817315876 0
2936 0.9378067057258115 -0.1649518700719041 0
2937 -0.3133795269823239 0.2947888642224048 0
2938 -0.3513733204306784 0.2923202963222061 0
2939 -0.328387805993146 0.2601919047339538 0
2940 -1.958280639971871 0.3251453777908827 0
2941 -1.958280639971871 0.375145377790744 0
2942 1.59890090979279 -0.4312644443173413 0
2943 1.576701411788784 -0.4669377169384478 0
2944 -1.872206710267593 -0.02626857303461001 0
2945 0.8525455836876268 0.06950771666357029 0
2946 0.8377463336876689 0.07391771666355776 0
2947 -0.6099046402270291 -0.2310308262392544 0
2948 -1.82846822856584 -0.05158735497856049 0
2949 0.456736426442036 -0.2544509477917835 0
2950 0.4290816665248584 -0.2705577043148012 0
2951 1.797562028486986 -0.4134371799570852 0
2952 1.772319012358625 -0.4542638794091906 0
2953 -0.7619490961601232 -0.1038207753533003 0
2954 -0.7289200503926416 -0.1338333670378673 0
2955 -1.294325229091414 0.3748119215808075 0
2956 -1.301550133059079 0.3235301637483942 0
2957 -0.9634977734254527 0.3043590979625367 0
2958 -0.614913385272577 0.02601478360840788 0
2959 -0.6567031787259501 0.01212314633110526 0
2960 -0.6245362245057797 -0.01695182990953239 0
2961 -0.7799167534055216 -0.3798795465866366 0
2962 -0.3894095894239281 -0.1125394831788022 0
2963 -0.357955393984887 -0.1365485122468424 0
2964 -0.6059695104233709 0.06733860003223739 0
2965 -0.6371462547696494 0.0978075400088603 0
2966 -0.7555761165728609 0.1055714091896381 0
2967 -0.7882368280323471 0.1378328750325702 0
2968 1.74268637659435 -0.0452196114544192 0
2969 0.9042038039409517 -0.08753319430394421 0
2970 -0.7867317984668747 -0.02814663893438508 0
2971 -0.796561601983257 -0.07453509650907336 0
2972 1.179805560446819 0.2365682819351443 0
2973 1.153932924431226 0.236228269309293 0
2974 1.167596833498077 0.2066744489885558 0
2975 -0.5426763509745893 0.008969944785354652 0
2976 -0.5337324761253831 0.05029376120918416 0
2977 -0.5738025562032005 0.03826362379159974 0
2978 -0.5603629357985542 0.2827958477879489 0
2979 -0.6021042711827638 0.2707210633658878 0
2980 1.376275833583581 -0.106471663158356 0
2981 1.39945636474502 -0.08174902100620285 0
2982 1.366896180995855 -0.07325327722526745 0
2983 0.9302102723869637 -0.06005155272493165 0
2984 0.9341012551387232 -0.07790585743026594 0
2985 1.595807261957795 0.07220885813127499 0
2986 1.607387076989953 0.03198573476532583 0
2987 1.636038761900635 0.06109041893031806 0
2988 0.08835705134548437 0.1970156387700267 0
2989 0.07917090548187281 0.1766815144585408 0
2990 0.8859570829058503 0.09812950485426593 0
2991 0.8988993084189943 0.1070172472252071 0
2992 0.884249578653036 0.113912262398593 0
2993 1.785857095466199 -0.2180321829010065 0
2994 1.618104863644786 -0.005962177858631668 0
2995 -0.3329092390880369 -0.3367004882931323 0
2996 -0.1865280204094906 -0.3093036631062865 0
2997 -0.1541169470526383 -0.3099141525778176 0
2998 1.386505520877595 -0.4633414453875053 0
2999 1.336505520877456 -0.4633414453875053 0
3000 0.22591578491733 -0.0237452195654476 0
3001 0.2421837849172973 -0.02191171956545128 0
3002 1.764448643553457 -0.1319689431843717 0
3003 -0.7426070622621526 -0.01490045661342723 0
3004 -0.6481878260745517 0.2105816333625658 0
3005 -0.6587353232666761 0.1692411844386826 0
3006 -0.6995540392382262 -0.0005467224178184044 0
3007 -0.6899312000050236 0.04241989110012186 0
3008 -0.02231722513409237 0.008439641438704364 0
3009 -0.0179884855996863 0.01979687014147272 0
3010 -0.02754644666207335 0.01755849598883539 0
3011 1.679924743815385 0.0527244796457543 0
3012 1.722034789748657 0.04122231338963448 0
3013 1.32999227614045 0.4653230945954098 0
3014 1.379992276140311 0.4653230945954098 0
3015 -0.8231022017444889 0.1703648383479225 0
3016 -0.8090556069647258 0.2137218613327668 0
3017 -0.7222656173636934 0.0723987621724249 0
3018 1.665628636764219 0.3209808643648874 0
3019 0.7167266603402638 -0.02176245396352446 0
3020 0.714618988856212 -0.04046143890970741 0
3021 0.7321491594296141 -0.03046065569394628 0
3022 0.03725234920949504 -0.1895769881329818 0
3023 0.05182849953411217 -0.1707481135763709 0
3024 0.9925194040810017 0.04490156611748107 0
3025 1.003005758942298 0.0456347794951895 0
3026 -0.5768780783009828 -0.3790629040852389 0
3027 -1.600804667536085 -0.4206390340231057 0
3028 1.563512195945658 -0.2858887290214486 0
3029 1.527638082085063 -0.3168846748158042 0
3030 1.569797065961668 -0.3241077389430275 0
3031 1.418168629692349 -0.2809196344217202 0
3032 1.424301926847188 -0.3182029462678461 0
3033 1.452635333691627 -0.2931930907404657 0
3034 0.9950231840954746 0.02256647208447655 0
3035 -0.4053104928615254 -0.1818247941799244 0
3036 -0.4356439585984416 -0.1500429813807114 0
3037 0.4112590999876394 0.4657884410026052 0
3038 -0.5060229643828726 -0.2829902813680387 0
3039 -0.5466225042463562 -0.2947677756565591 0
3040 0.2438242694386513 0.2441758649230455 0
3041 -1.468166463383641 0.2011234861098059 0
3042 -0.8441420163057515 -0.3103027595520157 0
3043 1.40454264629629 0.2208230779955522 0
3044 1.37395962191705 0.1888332825261381 0
3045 0.8802354102730767 0.1476251892852709 0
3046 -0.2036010298770161 -0.07073390436202406 0
3047 -0.1977747859714966 -0.04221164984781914 0
3048 -0.4196537730382625 0.08004873284853409 0
3049 -0.4574011214625734 0.07208055368251215 0
3050 -1.407272274715214 0.2599633551949006 0
3051 -1.420532098096496 0.2151990769888263 0
3052 0.815136004724315 0.2820910711690899 0
3053 0.7858633172386208 0.2766183230338322 0
3054 -0.3553324872655758 0.1921738802220197 0
3055 -0.3663064993540909 0.1596121681419807 0
3056 1.668344928783227 0.09294760301170346 0
3057 1.657380273196834 0.1357630824734179 0
3058 0.6241490630554398 0.005760248891177922 0
3059 0.6428583130554941 0.006160498891179082 0
3060 -0.3897782767128191 0.357900214235865 0
3061 0.8492540679731482 -0.270824691237541 0
3062 0.8509933737299191 -0.2405924552352219 0
3063 0.8222657367016026 -0.2584013845914529 0
3064 0.6675642710322789 -0.1863103910622445 0
3065 0.6428866251896492 -0.2022246283143417 0
3066 -0.5501014736925733 -0.027768028886779 0
3067 -0.5904248904738122 -0.05187910484235823 0
3068 -0.5577799331139788 -0.07658694109690745 0
3069 0.6191243220436873 0.1603168880261375 0
3070 0.1946624590466222 0.3340761567583642 0
3071 -0.002839292522559839 0.01858634730434957 0
3072 0.7252443041304069 0.1069375724300065 0
3073 0.7069338041304399 0.1106418224299998 0
3074 1.018471266900147 0.02433563116282796 0
3075 1.025203799287337 0.02283047118489748 0
3076 1.646872159286208 0.1763030910041966 0
3077 1.632039106682429 0.2154800112398258 0
3078 1.509162135261943 0.2358606744310876 0
3079 1.469437126522827 0.2444073352596333 0
3080 1.188465235673699 -0.01019279263716116 0
3081 1.16660120694656 -0.02730744579628954 0
3082 1.190332528468865 -0.03417923575044527 0
3083 0.5472094070691347 0.002877880892170934 0
3084 0.5662454070691996 0.003850130892174251 0
3085 1.762527475833211 0.02899257793540646 0
3086 1.539479922070093 0.01530466834207616 0
3087 1.550197708724926 -0.02264324428188134 0
3088 1.577873363701946 0.005156261342325268 0
3089 0.6852017517690528 -0.01985245209693478 0
3090 0.8916158040130009 0.2173723289330169 0
3091 0.1888346419691145 -0.07769618599996982 0
3092 -0.3005220595128281 -0.1859599559390391 0
3093 -0.3284247587426113 -0.1623139407763075 0
3094 -0.2414035574020379 -0.03065377332135053 0
3095 -0.2786160969537778 -0.03233171702333417 0
3096 1.538221875174286 0.2659786418574118 0
3097 1.566423936665877 0.2998615276605803 0
3098 1.526009088606485 0.3077305043279113 0
3099 1.527982302550821 0.05299201897924717 0
3100 1.555382644333777 0.08148703913030121 0
3101 0.9506316501175728 0.09103734430494877 0
3102 0.960062274070278 0.1019966271736373 0
3103 1.056912475973964 -0.1909112335689279 0
3104 1.965686926514987 0.2249592796285596 0
3105 -0.4239097655635912 -0.2574797912505881 0
3106 -0.4644731629744283 -0.2680198031991988 0
3107 1.48392762430292 -0.2672877218942826 0
3108 1.49006092145776 -0.3045710337404084 0
3109 -0.6694806721283191 0.1277864110811633 0
3110 -0.6794147568514171 0.08506863092134856 0
3111 1.393886242154348 -0.1726659851813324 0
3112 1.36782638938005 -0.1973430748111133 0
3113 1.401356313448354 -0.2076274668965286 0
3114 0.1228200827604358 -0.207031733910813 0
3115 0.3189825082515858 -0.2348501754025195 0
3116 1.584034329244459 0.1105917232952934 0
3117 -0.4656654421256916 0.03235486367284338 0
3118 -0.4943419502336538 0.06072577221260785 0
3119 1.424492127170424 -0.05688248777682014 0
3120 1.448275958145752 -0.02949757657928163 0
3121 0.9700364145506095 0.1144727504671602 0
3122 0.9824799407350848 0.1245873519118267 0
3123 1.126769038734626 -0.2656360147573651 0
3124 1.155939111952017 -0.2742317632710987 0
3125 1.14829848881065 -0.2440381278978186 0
3126 -0.5441485410185962 -0.1487949945745157 0
3127 -0.5634974644811166 -0.1108517875348485 0
3128 1.87787099355464 -0.1338980892054714 0
3129 -0.3735270016944325 0.3287346810553084 0
3130 -0.3885352807052548 0.2941377215668575 0
3131 -0.01420348493605666 0.1110102839849556 0
3132 1.125106901332921 -0.1604491704411263 0
3133 0.7789623532506742 0.390151457676343 0
3134 0.8273748183574341 0.398037326079635 0
3135 -1.712537574440631 0.297845114037891 0
3136 -1.754752121931234 0.3312652032351222 0
3137 1.965686926514987 0.2749592796286983 0
3138 -0.346035490845585 -0.2340083547802502 0
3139 -0.3757798576192498 -0.2075902227093895 0
3140 -0.3847259322902674 -0.2446114246390587 0
3141 1.682220454489795 0.2873815100930557 0
3142 -0.2969851876863904 0.3295163339669101 0
3143 1.192301714623396 0.05145621179593859 0
3144 0.002941359238598463 0.1155105078946146 0
3145 -0.009845238495537926 0.1275083299862246 0
3146 -0.510031393614756 -0.01573789146919458 0
3147 1.055690932382571 0.04399514287670763 0
3148 1.045595014856931 0.04629519094818856 0
3149 1.047053423755928 0.03543187594490357 0
3150 0.7284849154568329 0.00505966462611834 0
3151 0.745187415456768 0.004406414626120878 0
3152 1.047971189794945 -0.006570957879235597 0
3153 1.04924344660049 -0.01892582331668753 0
3154 1.059623343528755 -0.01345736522453983 0
3155 0.8085855126629585 0.08074366725420123 0
3156 -0.273068147578888 -0.2098831646894495 0
3157 -0.3096355042406272 -0.2209103616009914 0
3158 0.5086755346944786 0.001261056471694215 0
3159 0.5277115346944137 0.002233306471690899 0
3160 0.2154017311350669 -0.222260916888535 0
3161 0.9639301972150393 0.1769647138319065 0
3162 0.9477645311022393 0.1901319107765376 0
3163 -0.2158438168418416 -0.09998623247412217 0
3164 0.03786010503915826 -0.05634036299611218 0
3165 0.04218621909716447 -0.06894438212671737 0
3166 0.6507556660969516 0.1219417121301805 0
3167 0.6313194160969942 0.1248277121301742 0
3168 0.4580537366467996 0.2868168204156448 0
3169 0.4315060475051672 0.3063016467293989 0
3170 1.591039721140452 0.2202516122739528 0
3171 1.619636108775655 0.2533380641559539 0
3172 1.410899248605422 -0.2441071677103246 0
3173 -1.961177139003188 0.1259411463824487 0
3174 -1.961177139003188 0.17594114638231 0
3175 -1.402657623405266 -0.411812329884503 0
3176 -1.362667230577149 -0.374855447131896 0
3177 1.500306647573801 0.02519251335504056 0
3178 1.474724320600512 -0.003127824980083887 0
3179 1.108120686403354 0.2953102080400153 0
3180 1.097461841579275 0.2672452412620156 0
3181 1.123236524620386 0.2761687415027707 0
3182 1.433871779758149 -0.09010087370990866 0
3183 0.1517066537932886 -0.02952187590658444 0
3184 0.1604857447251915 -0.04094899704900326 0
3185 0.5718383689572106 0.1339228864238327 0
3186 0.5517656189572863 0.1357516364238258 0
3187 1.521214846141528 -0.04919670732941252 0
3188 -0.09086434224119874 0.02812240279118857 0
3189 -0.08874303288185745 0.01627092027095205 0
3190 -0.07625832653983833 0.02639266212077671 0
3191 0.8934729131637176 0.05534179204490462 0
3192 0.3695635053701665 0.1421226639826055 0
3193 0.3498320053701068 0.1414449139826035 0
3194 1.212307095481597 0.2312711015991093 0
3195 1.198643186414746 0.2608249219198464 0
3196 -1.161487409551646 0.3704287800458202 0
3197 -0.3941653987899264 -0.2838979233214488 0
3198 1.07475228121436 -0.3144869966591514 0
3199 -0.3936710601780882 0.05373983187021265 0
3200 -0.3846002198617394 0.09007891957599906 0
3201 -0.3185815789116448 -0.2579315635306607 0
3202 1.549576983321334 0.2279916977637566 0
3203 0.7719294513571371 -0.1732830324301683 0
3204 0.7479677681485237 -0.1930808155733266 0
3205 -0.4724017493401518 -0.004190058124114073 0
3206 -0.4798268720581358 -0.04092803179624772 0
3207 -0.3231810873979677 -0.3002314036838672 0
3208 -0.2867811007930099 -0.2871334105046084 0
3209 -1.041064196913343 0.3531727608402496 0
3210 -1.025289291299417 0.3901417952846587 0
3211 1.232292303976297 0.1755398744827572 0
3212 1.239295872136918 0.1480607022363828 0
3213 1.510337864807046 -0.2411518760789882 0
3214 1.546058986657315 -0.2452487024250308 0
3215 1.535043639395308 -0.2077349136097936 0
3216 -0.7504670191406371 0.3327614040307226 0
3217 1.787672173788898 -0.05623727831660889 0
3218 1.776824465993884 -0.01315470381006045 0
3219 1.35203598396023 -0.1301787562366688 0
3220 1.384596167709394 -0.1386745000176042 0
3221 1.365486735637647 -0.3316952496055441 0
3222 0.4056394273393279 0.3291533970484762 0
3223 0.378516577084795 0.3493382468654834 0
3224 -0.2195265948582667 0.3353141139069147 0
3225 1.300377379492833 0.3403817397083901 0
3226 1.278269770992567 0.3759865834412448 0
3227 1.255965375885691 0.3471875919742738 0
3228 1.485355904638313 -0.0388645888813282 0
3229 0.3980145623626091 -0.006797191151625221 0
3230 0.4164288123626579 -0.004989441151620429 0
3231 -1.674553478302713 0.3782965995482067 0
3232 -1.650157660718151 0.3370529662310522 0
3233 0.9196319179744412 -0.05507476586282015 0
3234 0.9112477372729136 -0.04006309643888267 0
3235 1.494766483686769 -0.07556645892861028 0
3236 -1.724518166892178 0.3786853165260639 0
3237 -0.179530416223495 -0.2112412065135951 0
3238 -0.1881324704941513 -0.2488295884535783 0
3239 -0.1566883030240803 -0.2372340734599003 0
3240 0.09082419351242152 0.1596710876107325 0
3241 0.100601666297458 0.1404404549094878 0
3242 0.003664436021701327 -0.01811289530367005 0
3243 0.00569810191565054 -0.02726882997220903 0
3244 0.8815334905737191 0.0003291207106313823 0
3245 -1.345460602650753 0.3823385865520209 0
3246 1.037739621799046 -0.02439980021695656 0
3247 -0.1111485460867674 -0.1546770983150706 0
3248 -0.09440441342682625 0.004607143595789861 0
3249 -0.07979839772546582 0.002877402925377994 0
3250 0.6610940068856221 0.007304166492708014 0
3251 0.6790270068855679 0.007136916492708518 0
3252 0.7961814614603095 0.00532274808157839 0
3253 0.8112127114602663 0.004324748081581266 0
3254 -0.265861635832814 0.09055180927480297 0
3255 -0.2583617474846389 0.1210080066044701 0
3256 -0.286608285503022 0.1125545984951501 0
3257 -0.07898086270043636 0.1242597445068729 0
3258 -0.09896711704838759 0.1167500649128532 0
3259 1.43695910137972 -0.2194300780805438 0
3260 1.472912277040913 -0.2297739330790454 0
3261 1.463369341883845 -0.1932942322652493 0
3262 0.917231538165581 0.2052228372820939 0
3263 -1.371436171976945 -0.4592447172296947 0
3264 1.290382414274993 -0.1125661314633897 0
3265 1.320829237387336 -0.1204182735128085 0
3266 -1.672178044370395 0.05717677400781812 0
3267 -0.5594838078806401 -0.3349265941266835 0
3268 1.097542993848383 -0.01713889314469416 0
3269 1.113840983365985 -0.00916940519490326 0
3270 0.04853909795149815 0.110883283804497 0
3271 -0.04010758218696354 0.01614174757180521 0
3272 0.4495481118111401 0.1396540021974161 0
3273 0.4293686118110843 0.1402640021974178 0
3274 1.073026586538707 -0.01810770192638108 0
3275 -1.635732272465935 0.02324936215541275 0
3276 0.2209305579181866 0.1216664526998348 0
3277 0.2037498079181439 0.1186217026998272 0
3278 1.231982219195025 -0.09729539600722133 0
3279 1.261086103446948 -0.1035923773290665 0
3280 -1.062954408348607 -0.2887319381084346 0
3281 1.837633851307774 -0.3777777918185159 0
3282 1.784709847538594 -0.3728683706798119 0
3283 -1.525000000001318 -0.4660636388576616 0
3284 -1.575000000001179 -0.4660636388576616 0
3285 -0.2036525021758649 -0.1892287780440743 0
3286 -0.2374646432723274 -0.1988847402673851 0
3287 1.268646514112212 -0.1338868735138732 0
3288 1.245464340332204 -0.1552420274366254 0
3289 1.274760651160249 -0.1642157815709486 0
3290 -0.4005440371770599 0.1526063415044736 0
3291 -0.4280087787788888 0.1830765114197039 0
3292 0.9176252232220472 -0.1825627055571385 0
3293 0.8954347695366793 -0.2026248294084154 0
3294 1.623967467621682 -0.3978894591026338 0
3295 1.57846938140757 -0.4005004486621879 0
3296 0.6257176893576524 0.288507237221137 0
3297 0.6018958534979806 0.3089137892543766 0
3298 -0.4354609205690714 0.007164723345790228 0
3299 -0.2507244460418177 0.1480127381283453 0
3300 -0.2385201523669372 0.1780195325359051 0
3301 0.4366656158707475 -0.003750692888203464 0
3302 0.4555946158707472 -0.002284192888203487 0
3303 0.130386297054971 0.1101000213560494 0
3304 0.126249787582098 0.09616133785322387 0
3305 0.8792600778594734 -0.2852982956517103 0
3306 -1.045838594697015 0.315449070203487 0
3307 -1.005567041330607 0.3223843000065492 0
3308 0.1865783450481696 0.1138519369786062 0
3309 0.1714288450482074 0.109928936978616 0
3310 -0.2465780880001265 -0.2338351459293375 0
3311 0.05662222627360038 -0.2107209600978093 0
3312 0.03116716627358592 -0.2144697470107374 0
3313 0.5848639192085983 0.004478046030369078 0
3314 0.6035731692085441 0.004878296030367917 0
3315 -0.3992051956268338 0.01863698174796459 0
3316 1.196541367423804 -0.06048578077223317 0
3317 1.204608504286668 -0.08803984735174195 0
3318 -1.724929489337548 -0.4664142845889756 0
3319 1.167688865897752 -0.2241800389046631 0
3320 1.138518792680361 -0.2155842903909296 0
3321 -0.0104974245584125 0.01656135510002041 0
3322 0.7194119487944115 -0.006272355556048536 0
3323 0.7018817782210094 -0.01627313877180966 0
3324 -1.362798458293978 -0.1190380003441298 0
3325 0.8233847626630006 0.07633366725418869 0
3326 1.2048804510254 0.005646070076614242 0
3327 0.6122361525742651 0.1283999545907656 0
3328 0.5927999025742225 0.1312859545907719 0
3329 0.5923214602687827 -0.2039324514015627 0
3330 -1.482956377730984 -0.2509870934031442 0
3331 0.07459102336256861 -0.2264256488213396 0
3332 -1.215649226390913 -0.4620974014724776 0
3333 1.256140867546455 -0.3030932311888764 0
3334 -0.3432707161702231 0.2266231174115839 0
3335 0.2919882090347391 0.1329297924824998 0
3336 0.2732637090347066 0.1309982924824965 0
3337 0.4884789428926031 0.1435785222099361 0
3338 0.4682994428926589 0.1441885222099344 0
3339 0.04104211705812211 -0.1059536748255929 0
3340 0.04819503207838174 -0.09230114451975213 0
3341 0.8831507946288727 0.128803050630884 0
3342 1.613950832957851 0.141853550827046 0
3343 1.32914957151315 -0.1526211103720568 0
3344 0.4107874669717501 0.1431423143699324 0
3345 0.3910559669718098 0.1424645643699345 0
3346 0.6625978096576167 0.1381960430024517 0
3347 -1.434721758489987 0.3773464802816521 0
3348 -1.386326682363414 0.3781822720336672 0
3349 0.9936247814736088 0.1384218545914795 0
3350 1.006075935781015 0.1539496458011061 0
3351 1.418126091777698 -0.1489588921030195 0
3352 -0.3784433705368533 0.2232740996441909 0
3353 -0.4036500075709762 0.2566665943794542 0
3354 -0.4157117786663289 0.2222173571898899 0
3355 1.067529777360242 0.03962084755390513 0
3356 0.7597449175182511 0.09756762054583173 0
3357 0.7429989175182075 0.1017926205458428 0
3358 0.5309718661252818 0.1398882278465257 0
3359 0.5108991161252062 0.1417169778465326 0
3360 0.9133815101622951 0.08655571743796005 0
3361 0.9025158194995894 0.07783928688535563 0
3362 1.323037409699937 0.433105899553189 0
3363 0.01815201454235112 -0.06712818012046612 0
3364 0.005231895958702461 -0.07744426924237358 0
3365 1.324453619841957 0.2713418383602459 0
3366 1.333628255701305 0.2354182097863719 0
3367 1.358843430802472 0.2626027325704547 0
3368 1.341007618356565 0.204004474408674 0
3369 -0.8889947372544218 -0.3173127596964191 0
3370 -0.8551946646532185 -0.3489204909406928 0
3371 0.2357758205110817 -0.244897663003471 0
3372 0.7288405936560256 0.2624010625776063 0
3373 0.707195400433803 0.28289690666322 0
3374 -0.6242184267359882 -0.3115140801130691 0
3375 -0.6749310410284437 -0.3050222854765374 0
3376 1.963397459621482 0.4633974596214078 0
3377 1.963397459621482 0.4133974596212692 0
3378 1.91339745962162 0.4633974596214078 0
3379 0.5403431158340888 -0.2365826774422014 0
3380 -1.113709600634391 0.214062115865357 0
3381 -0.198404461257225 -0.2789823145728481 0
3382 -0.219642124371979 -0.3134635222792511 0
3383 1.963397459621407 -0.4633974596214809 0
3384 1.913397459621268 -0.4633974596214809 0
3385 1.963397459621407 -0.4133974596216197 0
3386 -1.921213679971876 -0.3864455719194788 0
3387 -1.963397459621482 -0.4633974596214078 0
3388 -1.963397459621482 -0.4133974596212692 0
3389 -1.963397459621407 0.4633974596214809 0
3390 -1.913397459621268 0.4633974596214809 0
3391 -1.963397459621407 0.4133974596216197 0
3392 -1.70446813561776 -0.1382798123512429 0
3393 0.3614694294406011 -0.009465987879314859 0
3394 0.3798836794405523 -0.00765823787931965 0
3395 0.1947445477245751 -0.02607361895296387 0
3396 0.209425547724605 -0.02458861895296086 0
3397 0.256966360652573 0.1284959309666464 0
3398 0.2397856106526157 0.125451180966654 0
3399 0.3275249466642922 0.143636995379741 0
3400 0.3088004466643246 0.1417054953797444 0
3401 1.082691203260103 -0.1980319985838467 0
3402 0.4857739080337662 -0.2705274308794845 0
3403 1.573526215333833 0.1511317318260722 0
3404 1.561979981228108 0.1901336448476285 0
3405 0.7573183259746592 0.2691740321406348 0
3406 0.7654296305290531 0.2975607478014777 0
3407 0.8839397094072072 -0.03847384760588494 0
3408 -0.2824389998450753 0.3662730822352259 0
3409 -0.3218188535785411 0.3636740040789728 0
3410 -0.1403526291645118 -0.1645556478059054 0
3411 -0.172208334705794 -0.1776332630503963 0
3412 0.004739095329693707 -0.2243280125438975 0
3413 -0.02397807193469049 -0.2365110720751747 0
3414 -0.2285053749215546 0.2013188946591791 0
3415 0.3452235514540052 -0.2518669710874449 0
3416 0.3723786135252521 -0.269210232899658 0
3417 -0.8299953029053995 -0.3802736605846486 0
3418 1.211976488375811 -0.1156575707240706 0
3419 1.66731108369969 -0.1793430012777684 0
3420 0.09696126111988917 0.3529020088855174 0
3421 -1.650189406669623 0.2288932117875974 0
3422 -0.2836211971687559 0.004845594827972794 0
3423 1.030267602179472 -0.008493523030377554 0
3424 1.030079827051562 -0.01660643077200431 0
3425 1.150018510412217 0.285177905268326 0
3426 1.139359665588138 0.2571129384903262 0
3427 0.4016802059820105 -0.2886156623985725 0
3428 0.43033623829936 -0.3059248264108969 0
3429 0.6949393524496775 -0.1991769207009657 0
3430 0.1935931529663135 0.1297096396784334 0
3431 0.3912177798481514 -0.06413165557278427 0
3432 0.3757449217887092 -0.05100009216358702 0
3433 -0.3328439151201519 0.04189250903328973 0
3434 -0.3641516424503107 0.02866716847542957 0
3435 1.338214773754885 -0.4191643179268747 0
3436 1.301709252875487 -0.4558228725393694 0
3437 1.806951210255743 -0.1448968102919388 0
3438 1.79603665109165 -0.1012300530685348 0
3439 1.346949173611795 0.1661586529382314 0
3440 1.314644067816264 0.1552239979149807 0
3441 0.0189771476159596 0.1196141350130093 0
3442 -1.386822355935959 0.3050491253160188 0
3443 -1.43422165838888 0.2930340501414849 0
3444 -0.02238365761041057 0.1411121502677314 0
3445 -0.03655625657302705 0.1542306183801381 0
3446 -0.1782472196107958 0.1380059357954909 0
3447 -0.196962144250895 0.1577790502019689 0
3448 -0.2036255702886892 0.1332415660253952 0
3449 1.883026491142116 -0.3849555676667955 0
3450 -0.06727691100962024 0.2510693362199919 0
3451 0.3842287019167757 0.4240141946212805 0
3452 1.334741540441492 -0.1874888650816429 0
3453 1.395424470460143 0.2571035783170732 0
3454 1.386249834600795 0.2930272068909472 0
3455 1.048356880207684 0.02803974457179896 0
3456 1.038260962682044 0.03033979264327989 0
3457 -0.7613692238214012 0.2195227086337056 0
3458 -0.7933542336570678 0.2536741362869565 0
3459 0.921392676518073 -0.02809888806643084 0
3460 -0.2112628717315104 0.10623683450152 0
3461 -0.2299777963716096 0.1260099489079981 0
3462 1.037012607083817 -0.003020455558047362 0
3463 1.431949050094612 0.2512475523160447 0
3464 0.112842705712689 -0.03133165097615958 0
3465 0.1256154557126551 -0.030417900976162 0
3466 -0.07484656199771106 0.1434258349521132 0
3467 -0.366620051416843 -0.1712217243211159 0
3468 1.171222850188321 -0.1520564216640609 0
3469 1.190962906987521 -0.133891880656834 0
3470 1.415585179853677 -0.4220573366947156 0
3471 -0.2708770164408926 0.06222768352513415 0
3472 -0.3005892485449678 0.05105670031719239 0
3473 -0.2773580911346634 0.03118598267684358 0
3474 0.09960999810768087 0.08669330109345563 0
3475 -0.3263628404263811 0.07293420988158031 0
3476 0.8779815505363995 -0.02451104041351822 0
3477 1.028293482034544 -0.03916804767043043 0
3478 1.025798517396567 -0.05186116185982141 0
3479 1.080687066040595 0.1223666605419097 0
3480 1.076174222000018 0.1390914018452176 0
3481 0.6638654221636965 0.1926080436651244 0
3482 1.098059011492959 0.1173805487663404 0
3483 0.7868295463941868 -0.008695363933832939 0
3484 -0.1202984436025858 0.1108970774379747 0
3485 -0.1421739207702944 0.1025525110885661 0
3486 0.2978816556989988 0.1558292878622375 0
3487 1.288655714563374 0.2778700319087911 0
3488 1.313870889664541 0.3050545546928739 0
3489 0.8146814799644586 -0.05400860715256636 0
3490 0.8030270538947633 -0.0351292604355026 0
3491 0.7987229205559607 -0.05316705704836486 0
3492 0.8545421972716409 0.002537001835458354 0
3493 0.8674886972715977 0.001371501835462243 0
3494 1.311952934994064 0.08625313024253112 0
3495 0.8799604721667466 0.05975102560795095 0
3496 0.8674294721667141 0.06399327560796195 0
3497 -0.2166410493440077 0.07992559946303487 0
3498 -0.2426304784225095 0.07068109163445414 0
3499 0.7525380003907102 -0.01026494738929299 0
3500 0.1389339037932548 -0.03043562590658686 0
3501 0.7369652216486144 0.1194661929758492 0
3502 1.218336621895877 -0.1431474293123134 0
3503 1.224450758943914 -0.1734763373693888 0
3504 1.783406317096452 -0.3319880928232503 0
3505 -0.2539089650646807 0.01601657803591455 0
3506 -0.2348077297983221 -0.002267002303975111 0
3507 0.8560428227979466 -0.03388418257169781 0
3508 0.8433433285379237 -0.04415919037272173 0
3509 0.3736331852997538 -0.3045773549957537 0
3510 0.8252774733466745 0.3116800861656147 0
3511 0.467027536751848 -0.03238170484833823 0
3512 0.4399740545864516 -0.03740078799648033 0
3513 -1.05682687744234 0.2722108645195315 0
3514 -1.066890117641329 0.2284567650537618 0
3515 0.7962032451747727 -0.1883938169761293 0
3516 0.9360389362132537 0.09354771204907819 0
3517 1.094153274481347 -0.256847506888135 0
3518 1.101793897622715 -0.287041142261415 0
3519 -0.05159207948865462 -0.2489003020164632 0
3520 -0.0299331061040573 -0.2677194799831736 0
3521 0.9024860122034805 0.3530355933865257 0
3522 0.7223499198508767 -0.2183703982600564 0
3523 0.7484454273846313 -0.2296590877095689 0
3524 -0.3503626820387704 0.09708474621350616 0
3525 -0.3763453948989447 0.1233936471918276 0
3526 0.6497146738024051 0.1724989495896483 0
3527 1.127150938639395 0.2272191055437377 0
3528 -0.1156891699541943 0.1317536401279689 0
3529 1.114998402990417 -0.03677851811865814 0
3530 1.098108601701008 -0.03169289767262502 0
3531 1.443615721483475 -0.1244814035900538 0
3532 1.468651483908879 -0.09961487036067107 0
3533 0.4867063070054416 0.297881383441794 0
3534 0.1135450375821308 0.09166708785323546 0
3535 0.5368489417636781 -0.01389331263613153 0
3536 1.218925221408411 0.1302489053382545 0
3537 1.336175284771416 0.3338535461598449 0
3538 0.862516055854341 0.07877699227153223 0
3539 1.089709839658339 -0.2266695698762854 0
3540 1.112109779195023 -0.2068048080916463 0
3541 -0.2160392161015868 -0.02259696581236941 0
3542 -0.04351591558434238 0.002683252799315807 0
3543 -0.05174831157482649 0.01262373308505398 0
3544 0.8995392323582019 -0.2328440075813684 0
3545 0.9073295429309542 -0.2638450217775495 0
3546 0.9288870702876915 -0.2436732674776079 0
3547 -0.1661189953403932 0.09633641057147946 0
3548 -0.1902888232610873 0.08715721658043196 0
3549 -0.4532154158130117 0.2164690061549672 0
3550 -0.5896574772468575 -0.3029871235125847 0
3551 1.194755848164101 0.3240410292091708 0
3552 1.226371954824228 0.346291581127912 0
3553 -0.06123849767897234 0.02031170372904178 0
3554 0.1888426386565079 -0.03898574009537967 0
3555 0.1998453320218717 0.1484931069163116 0
3556 1.248479563324494 0.3106867373950573 0
3557 0.8738772421799421 -0.222796583708357 0
3558 -0.1609655710784913 0.1196845521360038 0
3559 -0.1543021450406971 0.1442220363125775 0
3560 0.9867061080932158 0.08122329112170656 0
3561 1.107368045467638 -0.3232755045283815 0
3562 1.216894731619279 0.04522851207982424 0
3563 1.211632101387879 0.06832800113121747 0
3564 0.5467338754208477 -0.2697603045382491 0
3565 0.5732668740296119 -0.253154988548607 0
3566 0.7465049083193271 -0.02269759403116594 0
3567 1.212197658317329 -0.2553243498500862 0
3568 1.191854881443016 -0.2316496957894485 0
3569 -0.423175722982883 -0.1207465012506288 0
3570 -0.4626689949222061 -0.1253331868396893 0
3571 1.504510425412095 -0.1099469888087554 0
3572 0.6550917318890612 0.2974251880730723 0
3573 0.6141597322640924 -0.01111095507845184 0
3574 0.4602780446881864 -0.3239191102796766 0
3575 1.187469713528272 -0.2829073900079557 0
3576 1.22219880981756 -0.2855978634464897 0
3577 1.11714434044606 0.1139022066430703 0
3578 1.136755570060022 0.1079105770011967 0
3579 1.158247360392148 0.1033776899728343 0
3580 1.180871269070527 0.09699829616355926 0
3581 1.488858971589622 -0.1688167437522836 0
3582 1.452905795928429 -0.158472888753782 0
3583 -0.02994327712788779 -0.3059519360560126 0
3584 -0.002329269573923655 -0.2935627061147241 0
3585 0.0571081047398169 -0.14874599530368 0
3586 0.01241492035223059 -0.0459605110613038 0
3587 0.003693331948767215 -0.0560912613344182 0
3588 0.01562735299163134 -0.05604945584000957 0
3589 0.1324562400158719 0.1259885099368175 0
3590 0.1184325181250969 0.1211391642872158 0
3591 1.067858187009281 0.02540389849070712 0
3592 1.055581250758436 0.02443106026869035 0
3593 -0.2614495872495231 -0.3062877122018138 0
3594 0.7728980239486674 0.1086542692270474 0
3595 1.265191583095157 0.2498425285799873 0
3596 1.254608852917741 0.2835552449126152 0
3597 0.7647860777963713 -0.02120087067269561 0
3598 1.24245416818239 0.2257627162368355 0
3599 -1.180661824105177 -0.2761746014188967 0
3600 1.036457044163325 0.04646580684142439 0
3601 0.9412782422187033 -0.1950614177961922 0
3602 1.129063661274802 -0.009888143458494361 0
3603 1.152553842461341 -0.01431654615440278 0
3604 0.9770147864729131 0.1440052281698149 0
3605 0.4364767361735327 0.3404075052914372 0
3606 0.02410897239379905 -0.245471984508725 0
3607 1.303534793868599 -0.1777283823577826 0
3608 1.046788789684553 0.01933897696706666 0
3609 0.3152185112937305 -0.3377608585870643 0
3610 0.3450853210664871 -0.3142953588134765 0
3611 -0.06539104477209862 -0.3136868307317009 0
3612 -0.005238813435755453 0.1456123741773904 0
3613 0.01207806473412589 0.1507526388787364 0
3614 -0.0004603543807467497 0.1643564591602433 0
3615 0.06936323633046222 -0.07199111596076846 0
3616 0.9558958052540576 0.1176946021966392 0
3617 -0.1188821656756797 -0.1897671420290823 0
3618 1.16838360272257 0.3022067170627638 0
3619 1.1925138968215 0.2879564144022885 0
3620 0.1549560025694163 -0.05506786235489088 0
3621 0.1687844397080306 -0.05404510759072526 0
3622 0.9086079157889629 -0.2961275555479498 0
3623 0.9138837509662195 -0.3315038598174421 0
3624 0.3782746599352022 0.3898553814239326 0
3625 0.3461811210123039 0.3759343726789016 0
3626 -1.459191056626853 0.333439306859586 0
3627 -0.709044851224808 -0.2207147577281535 0
3628 -0.4838286378196938 -0.07425628592546751 0
3629 -0.4461989935450896 -0.062708452580387 0
3630 0.2728324741872543 -0.0161955951967891 0
3631 0.4725208739966244 0.0016058762007112 0
3632 0.4914498739966247 0.003072376200711222 0
3633 0.3259179969249978 -0.01301124747643554 0
3634 0.3434367469250466 -0.01107099747643014 0
3635 -0.3181080154635864 0.1062489374974088 0
3636 1.0697115238622 0.2573750663782388 0
3637 1.055636233281933 0.2824330756274042 0
3638 0.1604158545210426 0.1199446204814317 0
3639 1.487541333469895 0.3127342844781548 0
3640 1.068694305643507 0.1714660729196564 0
3641 1.089022424176887 0.1805817014878409 0
3642 0.7521734697264328 0.1331510528398043 0
3643 0.4288104282334054 -0.01993413403982389 0
3644 0.7156823484325268 0.3140686359045981 0
3645 0.6859931096012383 0.3068490856595377 0
3646 0.8890033785026183 0.08224852044840195 0
3647 0.8909123853303992 0.06885331765287757 0
3648 0.9523113383154921 -0.01879527257808295 0
3649 1.112634544131706 0.1319850076597815 0
3650 0.6878870402232007 -0.00436235368945886 0
3651 0.948025378730696 0.1346629717462301 0
3652 0.9380512382503645 0.1221868484527072 0
3653 0.8458519620466809 -0.009427626504731834 0
3654 0.390442741803259 -0.02203392903093529 0
3655 -0.3526163164382428 0.3560827889912136 0
3656 1.153211663416932 0.1239737785081491 0
3657 1.056212402250596 0.1608352327319031 0
3658 1.038808910015177 0.1645052861545837 0
3659 0.4704450681077165 0.3529011583603593 0
3660 0.4445784479418772 0.3757529086794366 0
3661 1.167659753805118 0.1413289538721941 0
3662 1.146167963472992 0.1458618409005565 0
3663 -0.2065495730774011 0.3765237965915919 0
3664 -0.8748480238540697 -0.3872836607290521 0
3665 0.8175537262353495 -0.008637880258611799 0
3666 1.404251504920227 0.4282965733251966 0
3667 1.152260461754818 0.3212625200752083 0
3668 0.3168977908189373 -0.03079567005687983 0
3669 1.009349230228732 0.00409985116891226 0
3670 -1.774929489337409 -0.4664142845889756 0
3671 -1.793493487939115 -0.4203212674391966 0
3672 1.202145231275503 0.181048259845031 0
3673 1.223616542214463 0.2015060762521334 0
3674 0.1615655914560036 -0.2385426449467836 0
3675 0.1468066958463147 -0.2672081769789963 0
3676 0.6428384431318026 -0.2277299982695521 0
3677 -0.03093990801434227 0.1709754062465705 0
3678 -0.04971893203674123 0.1659898301678114 0
3679 0.624392068671174 0.1433746667209524 0
3680 -0.6354102750236177 0.2445662700540724 0
3681 0.1417332178402013 -0.2210027589564339 0
3682 -0.3647097172066719 -0.3074986413191845 0
3683 -0.2568500787632002 -0.2639878720486072 0
3684 -0.1340932733310268 -0.2583847679032559 0
3685 -0.1254912190603705 -0.2207963859632726 0
3686 0.419737251078362 -0.0386395362598973 0
3687 0.6177186240368659 -0.2133929113057764 0
3688 0.2305571340371435 0.2676881070675818 0
3689 0.224259128584988 0.2957522136663409 0
3690 0.380800472341857 0.1605627283525359 0
3691 0.5425919850824168 0.1563573642703652 0
3692 -0.5231740476998779 -0.0867407115792693 0
3693 -0.4895461691868316 -0.1085211323634086 0
3694 1.011990794807061 0.02747049882345595 0
3695 1.017527031680813 0.03219182994630064 0
3696 1.46031895068668 0.2806878355811543 0
3697 -0.09628713598262617 -0.2109178364724378 0
3698 -0.07426661734330242 -0.2298194872575463 0
3699 -1.110010127714511 -0.3004063696171225 0
3700 0.8109127681119401 -0.02229665718827366 0
3701 0.8256265714266705 -0.02231203361004224 0
3702 1.002447638571466 0.002210569640628655 0
3703 1.000161835760279 0.004874438533998704 0
3704 0.07247745248396424 -0.256784356904157 0
3705 0.09653143250884158 -0.2475962867499317 0
3706 -0.773355460495069 0.2957996001511805 0
3707 1.25547354132372 -0.002182014136517734 0
3708 0.007151615548632445 -0.03780809294639519 0
3709 1.185718523449258 0.1591495371701281 0
3710 1.177042761687424 0.1851157389395043 0
3711 -0.005101132035852661 0.01270300779567084 0
3712 -0.006379632035852661 0.005339007795670843 0
3713 0.5430821311399882 -0.02839331945792777 0
3714 0.4659734898673722 -0.01480531668749224 0
3715 -0.2446283121720588 0.3733250948078404 0
3716 1.810388925473531 -0.1839658178847822 0
3717 1.841976933011724 -0.1532269277689453 0
3718 0.04520555470045091 -0.08087164820710564 0
3719 -0.07895559184123044 -0.08451368383726847 0
3720 0.08385361722712137 -0.09081902698889252 0
3721 0.09776446879209344 -0.09920516237199475 0
3722 0.09766315052810184 -0.08255575717901266 0
3723 1.227124745175249 -0.0003695434262874185 0
3724 0.8734811878454033 -0.01124437745391415 0
3725 0.8468889109083966 -0.2103732770622689 0
3726 1.192762223393198 0.1372614747777207 0
3727 0.5030760879994123 0.3659308251049378 0
3728 0.542170627363419 0.3805982251634821 0
3729 0.3542791763656477 -0.024499985355745 0
3730 -1.673450334322578 0.3043378191118514 0
3731 1.51825165445807 -0.1782938637745899 0
3732 0.6957070333375244 0.01071622981783363 0
3733 1.533903108280543 -0.1194241088310618 0
3734 1.092550740087327 0.05508052371314574 0
3735 0.9353412337279198 0.208547117953628 0
3736 0.5493599004715584 0.3211348236211425 0
3737 0.5193373268971374 0.3109110501863726 0
3738 0.1398879715933139 -0.05561393029936708 0
3739 0.7136400333375785 0.01054897981783313 0
3740 0.8211741285628203 -0.2002936387592766 0
3741 0.8639367572342782 -0.02346865928868736 0
3742 1.131500156282125 -0.1869467190984909 0
3743 1.151515914818259 -0.1692286527404096 0
3744 0.2296196685707169 0.1382641336664736 0
3745 -0.1062508337760524 -0.01399411427346098 0
3746 0.7802840993907552 -0.04942741185714339 0
3747 0.7919385254604506 -0.06830675857420715 0
3748 0.9749008497539784 -0.3967806124929216 0
3749 0.7914464969790915 -0.2946833187903578 0
3750 -0.9242789712211525 -0.3852684546252971 0
3751 -0.9380839325485155 -0.3377892996969291 0
3752 0.09230057723797339 0.1073562292337209 0
3753 0.08126608230542244 0.1169781038797064 0
3754 1.881308708772428 -0.1729670967983148 0
3755 0.1154445675886071 -0.2615673117955526 0
3756 0.9224055072363839 -0.08928185253053794 0
3757 0.9402961020829119 -0.09695199814945048 0
3758 -1.372905659896963 0.3422761347809567 0
3759 1.085723180595738 -0.02495717771870126 0
3760 -0.06995016544785275 0.1633515813224805 0
3761 -0.08946144685013779 0.1575323739732146 0
3762 1.177616105137525 -0.1785539703214254 0
3763 1.165940263452248 -0.3045052768675022 0
3764 0.6549824204298919 0.1555567282844633 0
3765 1.233901245367713 -0.359257706889874 0
3766 1.220017884172565 -0.3981284804790897 0
3767 -0.2212465744566396 -0.2529894476265429 0
3768 1.032982256967288 0.01977582067714878 0
3769 1.037999170217377 0.01447308306273192 0
3770 1.103429746271414 0.2226430217087813 0
3771 1.084827362079232 0.2382335998409941 0
3772 -0.08694936890262564 -0.02829329224978904 0
3773 -0.1077404244082434 -0.03350103277346583 0
3774 0.2507322591045842 -0.0324758147622367 0
3775 0.2565644741872216 -0.01802909519679278 0
3776 0.408881515657568 -0.09130991776701217 0
3777 0.2449996441135379 0.3160057463664034 0
3778 0.2241588831413071 0.3239017275451773 0
3779 0.9880934997203346 -0.01528460261724304 0
3780 0.9942791681822446 -0.0134868956362861 0
3781 1.207034267085741 0.08998572672409302 0
3782 1.067731570441549 0.3084790462356671 0
3783 1.041021800361239 0.304525414063811 0
3784 1.078238623087956 0.0318929181711896 0
3785 1.095583299872245 0.315376914472439 0
3786 0.1333388595059776 -0.04195402688274402 0
3787 0.320426515584832 0.3500526282045155 0
3788 1.125139609347374 0.1470481265056564 0
3789 1.106054280394273 0.1505264686289265 0
3790 1.009176809097499 -0.01791389275846541 0
3791 1.006657210193886 -0.01254791594666474 0
3792 1.004586310511237 -0.01903437418350658 0
3793 -0.4164346257476926 -0.08782968863778018 0
3794 -0.07030821162131998 -0.004810567718609812 0
3795 -0.06464683107635118 0.006853208956552378 0
3796 0.03674174097286161 0.1229961841458039 0
3797 1.121357982913357 0.324300414713194 0
3798 -0.3279656093401345 0.4730413295276171 0
3799 -0.3316019422111055 0.4232567057012615 0
3800 -0.1314121828811687 -0.04155407737030453 0
3801 -0.112110718007742 -0.0558532553466326 0
3802 0.5567140577739871 0.3525301849762278 0
3803 -0.08022165151266923 -0.2610278951655451 0
3804 -1.183961020814421 -0.4212854308469074 0
3805 1.00274415754313 -0.009604403720366243 0
3806 0.1265695235127143 -0.05559620536894223 0
3807 0.02506419903601921 0.1353906030286782 0
3808 0.02984265809102791 0.1541346880115311 0
3809 0.9516611650685433 -0.2492912238317206 0
3810 0.9438708544957908 -0.2182902096355395 0
3811 0.1024275356897461 0.1002768889466679 0
3812 0.7990341590703259 -0.2162693268059864 0
3813 -0.7227794091593112 0.2964367874674375 0
3814 1.03178596145385 0.02600231177792397 0
3815 1.225015431856277 0.2826592340662534 0
3816 -0.00641860816594709 -0.0675876597083547 0
3817 0.7980374589175779 -0.08440958970675039 0
3818 1.231412922757398 -0.3306762713467459 0
3819 -0.6444655897161597 -0.2395577828397389 0
3820 -0.6113571231017042 -0.2713552616429448 0
3821 0.4865227411897073 -0.3021241419159618 0
3822 0.4949743762310678 0.3305854217169383 0
3823 1.016966937158174 0.04029758995017369 0
3824 1.014981762424799 0.04849890509327998 0
3825 1.009061384854352 0.04352801275003491 0
3826 0.9868793047343962 -0.2107005015614171 0
3827 0.982072829693781 -0.2413597372312981 0
3828 -0.975396321772011 0.3880407013118606 0
3829 -0.9587233756417808 0.3420827885992993 0
3830 0.0268736029458145 -0.05699742984735171 0
3831 1.018068778018273 0.1684091474996214 0
3832 1.000152469448695 0.1722992325479828 0
3833 1.887247468198242 0.4230759710339502 0
3834 1.174775940145463 -0.3925693697534572 0
3835 1.644043676592056 0.2821658173936586 0
3836 -0.09330505771876504 -0.06846142497860339 0
3837 -0.1306556443364727 0.1500276294124744 0
3838 1.92118093463544 -0.3891797267403819 0
3839 -0.7179631635002719 0.2287160161482927 0
3840 1.005651266229775 0.03126884312676708 0
3841 0.5145589503812656 -0.2847847044683208 0
3842 -1.921678099593278 0.3885428374120862 0
3843 0.8322482696584124 0.3432359787116407 0
3844 0.8688575229008311 0.3461199740812971 0
3845 0.8445254676589093 0.3710008191563834 0
3846 -0.3380701285969276 0.3928395372595294 0
3847 1.030228155983928 -0.02896681501757757 0
3848 1.02063368728706 -0.03137467822547818 0
3849 1.200866451764272 0.1124283220403205 0
3850 0.4108303546224913 -0.06857608920540381 0
3851 0.5922732782109361 -0.229437821356773 0
3852 0.5474827085767888 -0.3013570155747263 0
3853 1.02344740925126 0.03716272228954572 0
3854 0.1829284751259296 -0.1093903187742747 0
3855 0.01904433075880218 -0.3088169955644324 0
3856 0.01905450178263268 -0.2705845394915934 0
3857 1.143942865033564 -0.3224329834294951 0
3858 1.603044291050078 0.2869374184277856 0
3859 0.1367073670233827 0.1393034313960536 0
3860 -1.160759265192647 -0.30708288935182 0
3861 1.918168470413677 0.385389178247183 0
3862 1.151170125671831 0.184775726313653 0
3863 1.022169488023265 0.05535937575851357 0
3864 1.014263935719443 0.0585897985583748 0
3865 1.88864047574949 -0.4225707601693756 0
3866 0.5784685621227819 0.3300499201358535 0
3867 1.372660994331494 0.3270529254932559 0
3868 1.359167484159785 0.3623801105087721 0
3869 -0.0746971728816366 -0.01708386415861805 0
3870 1.047392504012082 0.002448002534100342 0
3871 -1.888185591157161 0.4210588573686075 0
3872 -0.08523343369891964 -0.3764176599711944 0
3873 1.219808639004645 0.02234110924164371 0
3874 1.012902461376263 -0.03298813093681914 0
3875 1.001656811072643 -0.03220729907889539 0
3876 0.9934546807803375 0.03632053340526241 0
3877 -0.05954560623252196 -0.01310805812744367 0
3878 -0.0009726143236154414 -0.03546305358152627 0
3879 -0.00996583406079558 -0.0419276227828778 0
3880 0.2672162706480171 0.3236406188733146 0
3881 -0.1093243177822745 0.1558806168873528 0
3882 0.400124676304022 -0.03419510262727776 0
3883 0.4112883026570682 -0.05166175658393421 0
3884 -0.5020144048023902 -0.1378176124934911 0
3885 1.13958769973556 0.1644033018697015 0
3886 1.507788108502653 -0.1434725202631226 0
3887 0.09936618658199774 -0.03270694776899952 0
3888 0.1065438922946867 -0.0433115987451591 0
3889 0.7729107401056268 -0.03396061382293483 0
3890 0.7789438321770099 -0.02152796718106188 0
3891 0.9250961359626514 0.1236061226562359 0
3892 0.932966562486013 0.106637753106645 0
3893 0.2919815678169722 0.333906997894984 0
3894 -0.1080892563483579 -0.3461354006473458 0
3895 -0.1200877141611018 -0.3752881090796003 0
3896 1.291530858408858 0.1350787487031525 0
3897 0.803337488199759 -0.242742545797815 0
3898 0.8015981824429881 -0.2729747818001342 0
3899 -1.686880952156807 0.2617463041840254 0
3900 1.396816936350817 -0.3370802881207839 0
3901 1.431283640350095 -0.3493537444395293 0
3902 1.409242033989164 0.3215537712398744 0
3903 1.182075185312727 -0.2031958582825595 0
3904 0.8009454181047526 0.336560931240701 0
3905 0.985441272813494 -0.02403275786254621 0
3906 0.9946375913779235 -0.02987791603037058 0
3907 -0.01387039679408448 -0.000145853114152994 0
3908 -0.007490764758231815 -0.005484860909823838 0
3909 1.568729445668767 -0.3611145740924317 0
3910 -0.1260566791322547 -0.3216600195152512 0
3911 -0.137230089374353 -0.2865683223373171 0
3912 1.088656125392929 0.1497222420329709 0
3913 1.071281132214341 0.1533502940951369 0
3914 -0.01704495246102972 0.1816448914139404 0
3915 0.7949542087034422 -0.02145510708407216 0
3916 1.298045957848755 0.1102093878649171 0
3917 0.7527487565140644 -0.2561323067013975 0
3918 0.7783666048117114 -0.2308427240146677 0
3919 0.997575433169539 -0.004222603187157291 0
3920 0.5729596903813757 -0.3132271744020781 0
3921 0.9941150133344389 0.03015591217994628 0
3922 0.9730493309637419 -0.01206909933187567 0
3923 0.9703971040569014 -0.02081725457717883 0
3924 0.9804673025084176 -0.01957577558153163 0
3925 0.9613609235004732 0.1458631879182293 0
3926 0.9640523369995551 -0.200679374150305 0
3927 -0.0346152219228649 -0.00671812292365128 0
3928 -0.04625595131072785 -0.01023613741040252 0
3929 0.1208432243624929 -0.06694340438822216 0
3930 0.1100709076090046 -0.07778629627649696 0
3931 -1.345956276223297 0.3092054398343724 0
3932 0.4165641579892669 0.3974180688078625 0
3933 -0.009631040805347841 -0.05749871492964894 0
3934 -0.02007777417550988 -0.05342402115681431 0
3935 -0.02342835785647153 -0.002384227266790316 0
3936 0.3660629872879462 -0.03883891856724454 0
3937 0.3480303047723916 -0.04044392816435982 0
3938 1.000086689720131 -0.02207096794678244 0
3939 1.014837135325647 -0.02278689828396629 0
3940 0.06742298187279787 -0.2818969118870255 0
3941 0.05113612343603496 -0.3071694238050245 0
3942 0.1486611459532569 0.1282642884648872 0
3943 1.372468449140554 -0.3628460477772273 0
3944 -0.08335846755599537 -0.2892114495996064 0
3945 -0.09120239867007256 -0.3227895704068452 0
3946 -0.7051856124493381 0.2627006528397994 0
3947 0.7680568910451133 0.1234577496164335 0
3948 0.9725057642389972 0.159697690597882 0
3949 -0.7008479589119583 -0.1550388698143097 0
3950 0.1635139224277213 -0.1144489648463504 0
3951 0.1175581384672115 -0.2312086037127352 0
3952 -0.6774809254358668 0.2319416854001967 0
3953 1.430978983902112 -0.3928314344534439 0
3954 1.04522354076813 0.01086439875962331 0
3955 1.12515109286247 -0.02459335136220902 0
3956 1.422085825640679 0.3907632236508783 0
3957 1.436464416772379 0.353600220136875 0
3958 0.0249222307603101 -0.1010952993543462 0
3959 0.7725182484772479 -0.2790244799967199 0
3960 0.960380846472451 -0.02316207457809397 0
3961 1.377818872999411 0.3931128395165014 0
3962 0.920654455258183 -0.3620485063401311 0
3963 1.130141771546213 0.1859620119187529 0
3964 -0.1869473668055124 0.181078412325243 0
3965 -0.2123257174834058 0.1763140425551472 0
3966 0.1142941122751566 -0.0532835009715991 0
3967 0.9994562349088569 -0.006386308221670574 0
3968 1.001540801739318 -0.003376705034513284 0
3969 0.8379580276103493 -0.01984314978774229 0
3970 0.8515424601069503 -0.02061751961209374 0
3971 1.45005325704168 0.3195745015345662 0
3972 0.182692792040374 -0.05149927196638141 0
3973 -0.6791675260966794 -0.1948674840587405 0
3974 1.106420579178232 0.1813859280837966 0
3975 1.118003005114503 0.2017583525277481 0
3976 1.101161190608597 0.1647853608788458 0
3977 0.8743536487366601 0.08914353562178787 0
3978 0.2176511113430202 0.1499000835191969 0
3979 0.04548257272652489 -0.2607262739584334 0
3980 0.331861690595893 -0.04232865051556416 0
3981 -0.6728904319696131 -0.2250806211054615 0
3982 -0.6743429148442882 -0.2654050565091518 0
3983 0.1083055596733242 0.1282185045742688 0
3984 0.1062356167124233 0.1123300159935008 0
3985 0.08840476488478441 0.1316313066157728 0
3986 0.7820660287129702 0.3555688687079479 0
3987 0.003661453632187299 -0.01170417368780307 0
3988 0.9975670908165177 -0.01670499113498177 0
3989 0.9987787889733513 -0.01045030187301025 0
3990 -0.1060330054106432 -0.2701306348406894 0
3991 0.9915769024247371 0.1895662557820074 0
3992 0.9795840601874791 0.1751067540834921 0
3993 1.341333163439333 0.3999134601830903 0
3994 1.304386020860312 0.4023731705454597 0
3995 1.604603559529363 -0.3301186282980761 0
3996 1.089792978130996 0.04004926924088056 0
3997 0.3819937933819652 -0.03505614935497219 0
3998 1.201782120682789 -0.1860236272062108 0
3999 -0.001216046367812701 -0.00605317368780307 0
4000 1.030482505002094 0.03339444315102858 0
4001 1.029922410479455 0.04150020315490163 0
4002 0.7750952324012322 0.3240129761619219 0
4003 0.7465502411372706 0.3165686852687246 0
4004 1.014740397699008 0.003344028353784893 0
4005 0.1771630498845989 -0.06561813727226903 0
4006 1.175473466609819 -0.3311086101663522 0
4007 0.6382075855664162 0.1567446455655461 0
4008 0.07235271370839305 -0.08342061227341495 0
4009 0.831011872354245 -0.04662807419502168 0
4010 1.357074645092119 -0.392071950018499 0
4011 1.388404845805289 -0.3974569885337388 0
4012 0.83131706948694 -0.03350192671740414 0
4013 1.004990933675673 0.03743346435208321 0
4014 0.0579636510757255 -0.08124210643827297 0
4015 1.029421948412492 0.05023408597994152 0
4016 0.9744751827691427 -0.3600025651474782 0
4017 0.9230838339255407 0.09496698625260691 0
4018 0.9103091364350542 0.09964575849552687 0
4019 0.9476547181997927 -0.382204937558217 0
4020 0.90860163218224 0.115428516039854 0
4021 1.177961789220134 -0.3596900457094803 0
4022 0.215402974575172 0.3543296894584267 0
4023 0.2473651883574567 0.3801517325900893 0
4024 0.9995956403177209 0.03337560987192167 0
4025 0.2696646958388121 0.3544216392669092 0
4026 0.04379844413592596 -0.1378223446476445 0
4027 0.02787590937381823 -0.1309009992857187 0
4028 1.001392939891409 -0.0008090797411730703 0
4029 1.001732939891409 0.0004039202588269297 0
4030 1.199959187638817 -0.3417623391474874 0
4031 0.03052741211532505 -0.1151182878913543 0
4032 0.9981500722891716 0.08006812176921674 0
4033 0.7795986377523725 -0.08066994451552892 0
4034 1.637130368986785 -0.35612435373641 0
4035 1.003273741630726 -0.002972784775686354 0
$EndNodes
$Elements
2100
1 8 2 1 1 1 46 85
2 8 2 1 1 46 47 86
3 8 2 1 1 47 48 87
4 8 2 1 1 48 49 88
5 8 2 1 1 49 50 89
6 8 2 1 1 50 51 90
7 8 2 1 1 51 52 91
8 8 2 1 1 52 53 92
9 8 2 1 1 53 54 93
10 8 2 1 1 54 55 94
11 8 2 1 1 55 56 95
12 8 2 1 1 56 57 96
13 8 2 1 1 57 58 97
14 8 2 1 1 58 59 98
15 8 2 1 1 59 60 99
16 8 2 1 1 60 61 100
17 8 2 1 1 61 62 101
18 8 2 1 1 62 63 102
19 8 2 1 1 63 64 103
20 8 2 1 1 64 65 104
21 8 2 1 1 65 66 105
22 8 2 1 1 66 67 106
23 8 2 1 1 67 68 107
24 8 2 1 1 68 69 108
25 8 2 1 1 69 70 109
26 8 2 1 1 70 71 110
27 8 2 1 1 71 72 111
28 8 2 1 1 72 73 112
29 8 2 1 1 73 74 113
30 8 2 1 1 74 75 114
31 8 2 1 1 75 76 115
32 8 2 1 1 76 77 116
33 8 2 1 1 77 78 117
34 8 2 1 1 78 79 118
35 8 2 1 1 79 80 119
36 8 2 1 1 80 81 120
37 8 2 1 1 81 82 121
38 8 2 1 1 82 83 122
39 8 2 1 1 83 84 123
40 8 2 1 1 84 2 124
41 8 2 2 2 2 125 134
42 8 2 2 2 125 126 135
43 8 2 2 2 126 127 136
44 8 2 2 2 127 128 137
45 8 2 2 2 128 129 138
46 8 2 2 2 129 130 139
47 8 2 2 2 130 131 140
48 8 2 2 2 131 132 141
49 8 2 2 2 132 133 142
50 8 2 2 2 133 3 143
51 8 2 3 3 3 144 183
52 8 2 3 3 144 145 184
53 8 2 3 3 145 146 185
54 8 2 3 3 146 147 186
55 8 2 3 3 147 148 187
56 8 2 3 3 148 149 188
57 8 2 3 3 149 150 189
58 8 2 3 3 150 151 190
59 8 2 3 3 151 152 191
60 8 2 3 3 152 153 192
61 8 2 3 3 153 154 193
62 8 2 3 3 154 155 194
63 8 2 3 3 155 156 195
64 8 2 3 3 156 157 196
65 8 2 3 3 157 158 197
66 8 2 3 3 158 159 198
67 8 2 3 3 159 160 199
68 8 2 3 3 160 161 200
69 8 2 3 3 161 162 201
70 8 2 3 3 162 163 202
71 8 2 3 3 163 164 203
72 8 2 3 3 164 165 204
73 8 2 3 3 165 166 205
74 8 2 3 3 166 167 206
75 8 2 3 3 167 168 207
76 8 2 3 3 168 169 208
77 8 2 3 3 169 170 209
78 8 2 3 3 170 171 210
79 8 2 3 3 171 172 211
80 8 2 3 3 172 173 212
81 8 2 3 3 173 174 213
82 8 2 3 3 174 175 214
83 8 2 3 3 175 176 215
84 8 2 3 3 176 177 216
85 8 2 3 3 177 178 217
86 8 2 3 3 178 179 218
87 8 2 3 3 179 180 219
88 8 2 3 3 180 181 220
89 8 2 3 3 181 182 221
90 8 2 3 3 182 4 222
91 8 2 4 4 4 223 232
92 8 2 4 4 223 224 233
93 8 2 4 4 224 225 234
94 8 2 4 4 225 226 235
95 8 2 4 4 226 227 236
96 8 2 4 4 227 228 237
97 8 2 4 4 228 229 238
98 8 2 4 4 229 230 239
99 8 2 4 4 230 231 240
100 8 2 4 4 231 1 241
101 8 2 5 5 5 6 242
102 8 2 5 6 6 7 243
103 8 2 5 7 7 8 244
104 8 2 5 8 8 9 245
105 8 2 5 9 9 246 247
106 8 2 5 9 246 10 248
107 8 2 5 10 10 249 250
108 8 2 5 10 249 11 251
109 8 2 5 11 11 252 253
110 8 2 5 11 252 12 254
111 8 2 5 12 12 255 256
112 8 2 5 12 255 13 257
113 8 2 5 13 13 258 259
114 8 2 5 13 258 14 260
115 8 2 5 14 14 261 262
116 8 2 5 14 261 15 263
117 8 2 5 15 15 264 265
118 8 2 5 15 264 16 266
119 8 2 5 16 16 267 268
120 8 2 5 16 267 17 269
121 8 2 5 17 17 270 271
122 8 2 5 17 270 18 272
123 8 2 5 18 18 273 274
124 8 2 5 18 273 19 275
125 8 2 5 19 19 276 277
126 8 2 5 19 276 20 278
127 8 2 5 20 20 279 280
128 8 2 5 20 279 21 281
129 8 2 5 21 21 22 282
130 8 2 5 22 22 23 283
131 8 2 5 23 23 24 284
132 8 2 5 24 24 25 285
133 8 2 5 25 25 26 286
134 8 2 5 26 26 27 287
135 8 2 5 27 27 28 288
136 8 2 5 28 28 29 289
137 8 2 5 29 29 290 291
138 8 2 5 29 290 30 292
139 8 2 5 30 30 293 294
140 8 2 5 30 293 31 295
141 8 2 5 31 31 296 297
142 8 2 5 31 296 32 298
143 8 2 5 32 32 299 300
144 8 2 5 32 299 33 301
145 8 2 5 33 33 302 303
146 8 2 5 33 302 34 304
147 8 2 5 34 34 305 306
148 8 2 5 34 305 35 307
149 8 2 5 35 35 308 309
150 8 2 5 35 308 36 310
151 8 2 5 36 36 311 312
152 8 2 5 36 311 37 313
153 8 2 5 37 37 314 315
154 8 2 5 37 314 38 316
155 8 2 5 38 38 317 318
156 8 2 5 38 317 39 319
157 8 2 5 39 39 320 321
158 8 2 5 39 320 40 322
159 8 2 5 40 40 323 324
160 8 2 5 40 323 41 325
161 8 2 5 41 41 42 326
162 8 2 5 42 42 43 327
163 8 2 5 43 43 44 328
164 8 2 5 44 44 45 329
165 8 2 5 45 45 5 330
166 9 2 6 1 794 552 795 1216 1217 1218
167 9 2 6 1 387 801 1115 1219 1220 1221
168 9 2 6 1 969 780 1021 1222 1223 1224
169 9 2 6 1 710 345 1055 1225 1226 1227
170 9 2 6 1 359 693 854 1228 1229 1230
171 9 2 6 1 371 694 964 1231 1232 1233
172 9 2 6 1 694 371 1012 1231 1234 1235
173 9 2 6 1 624 947 1002 1236 1237 1238
174 9 2 6 1 707 600 708 1239 1240 1241
175 9 2 6 1 824 357 985 1242 1243 1244
176 9 2 6 1 564 600 707 1245 1239 1246
177 9 2 6 1 502 718 719 1247 1248 1249
178 9 2 6 1 365 835 1201 1250 1251 1252
179 9 2 6 1 22 21 356 282 1253 1254
180 9 2 6 1 975 387 1115 1255 1221 1256
181 9 2 6 1 389 905 981 1257 1258 1259
182 9 2 6 1 681 824 985 1260 1244 1261
183 9 2 6 1 711 670 1150 1262 1263 1264
184 9 2 6 1 575 721 722 1265 1266 1267
185 9 2 6 1 836 414 1053 1268 1269 1270
186 9 2 6 1 495 729 1100 1271 1272 1273
187 9 2 6 1 336 6 949 1274 1275 1276
188 9 2 6 1 700 939 940 1277 1278 1279
189 9 2 6 1 333 696 698 1280 1281 1282
190 9 2 6 1 897 346 898 1283 1284 1285
191 9 2 6 1 786 787 834 1286 1287 1288
192 9 2 6 1 670 711 1152 1262 1289 1290
193 9 2 6 1 872 677 957 1291 1292 1293
194 9 2 6 1 369 780 969 1294 1222 1295
195 9 2 6 1 961 1021 1091 1296 1297 1298
196 9 2 6 1 345 710 1182 1225 1299 1300
197 9 2 6 1 603 602 870 1301 1302 1303
198 9 2 6 1 502 488 718 1304 1305 1247
199 9 2 6 1 151 361 828 1306 1307 1308
200 9 2 6 1 758 375 759 1309 1310 1311
201 9 2 6 1 367 837 845 1312 1313 1314
202 9 2 6 1 905 389 946 1257 1315 1316
203 9 2 6 1 959 858 965 1317 1318 1319
204 9 2 6 1 793 818 1108 1320 1321 1322
205 9 2 6 1 381 730 740 1323 1324 1325
206 9 2 6 1 743 742 752 1326 1327 1328
207 9 2 6 1 641 853 1131 1329 1330 1331
208 9 2 6 1 716 598 1043 1332 1333 1334
209 9 2 6 1 553 552 794 1335 1216 1336
210 9 2 6 1 786 834 1162 1288 1337 1338
211 9 2 6 1 856 855 871 1339 1340 1341
212 9 2 6 1 378 969 1021 1342 1224 1343
213 9 2 6 1 495 492 729 1344 1345 1271
214 9 2 6 1 390 867 869 1346 1347 1348
215 9 2 6 1 803 350 804 1349 1350 1351
216 9 2 6 1 793 794 818 1352 1353 1320
217 9 2 6 1 166 860 1019 1354 1355 1356
218 9 2 6 1 9 337 476 1357 1358 1359
219 9 2 6 1 752 742 836 1327 1360 1361
220 9 2 6 1 939 450 940 1362 1363 1278
221 9 2 6 1 946 389 1048 1315 1364 1365
222 9 2 6 1 23 22 966 283 1366 1367
223 9 2 6 1 756 590 1092 1368 1369 1370
224 9 2 6 1 961 378 1021 1371 1343 1296
225 9 2 6 1 937 825 1164 1372 1373 1374
226 9 2 6 1 821 956 1010 1375 1376 1377
227 9 2 6 1 824 946 1048 1378 1365 1379
228 9 2 6 1 608 559 629 1380 1381 1382
229 9 2 6 1 575 572 721 1383 1384 1265
230 9 2 6 1 834 787 1171 1287 1385 1386
231 9 2 6 1 165 166 1019 205 1356 1387
232 9 2 6 1 597 596 665 1388 1389 1390
233 9 2 6 1 752 836 1053 1361 1270 1391
234 9 2 6 1 7 6 336 243 1274 1392
235 9 2 6 1 812 573 924 1393 1394 1395
236 9 2 6 1 845 837 1162 1313 1396 1397
237 9 2 6 1 835 845 1162 1398 1397 1399
238 9 2 6 1 336 653 1089 1400 1401 1402
239 9 2 6 1 380 869 870 1403 1404 1405
240 9 2 6 1 412 419 936 1406 1407 1408
241 9 2 6 1 742 740 1047 1409 1410 1411
242 9 2 6 1 965 858 1044 1318 1412 1413
243 9 2 6 1 825 338 1102 1414 1415 1416
244 9 2 6 1 910 662 999 1417 1418 1419
245 9 2 6 1 696 333 1069 1280 1420 1421
246 9 2 6 1 337 8 702 1422 1423 1424
247 9 2 6 1 602 677 870 1425 1426 1302
248 9 2 6 1 444 1028 1088 1427 1428 1429
249 9 2 6 1 573 812 955 1393 1430 1431
250 9 2 6 1 346 897 1086 1283 1432 1433
251 9 2 6 1 28 654 1075 1434 1435 1436
252 9 2 6 1 590 756 1001 1368 1437 1438
253 9 2 6 1 76 359 854 1439 1230 1440
254 9 2 6 1 712 713 799 1441 1442 1443
255 9 2 6 1 621 704 995 1444 1445 1446
256 9 2 6 1 803 626 1134 1447 1448 1449
257 9 2 6 1 7 336 1089 1392 1402 1450
258 9 2 6 1 576 723 1132 1451 1452 1453
259 9 2 6 1 507 876 1079 1454 1455 1456
260 9 2 6 1 714 713 715 1457 1458 1459
261 9 2 6 1 371 810 847 1460 1461 1462
262 9 2 6 1 792 561 793 1463 1464 1465
263 9 2 6 1 560 530 995 1466 1467 1468
264 9 2 6 1 856 871 1008 1341 1469 1470
265 9 2 6 1 956 821 1032 1375 1471 1472
266 9 2 6 1 471 850 851 1473 1474 1475
267 9 2 6 1 1000 515 1024 1476 1477 1478
268 9 2 6 1 892 895 919 1479 1480 1481
269 9 2 6 1 663 1034 1172 1482 1483 1484
270 9 2 6 1 160 386 826 1485 1486 1487
271 9 2 6 1 399 843 848 1488 1489 1490
272 9 2 6 1 1028 900 1088 1491 1492 1428
273 9 2 6 1 835 365 1041 1250 1493 1494
274 9 2 6 1 151 828 1186 1308 1495 1496
275 9 2 6 1 817 368 1172 1497 1498 1499
276 9 2 6 1 848 843 947 1489 1500 1501
277 9 2 6 1 341 41 672 1502 1503 1504
278 9 2 6 1 358 872 957 1505 1293 1506
279 9 2 6 1 530 531 995 1507 1508 1467
280 9 2 6 1 538 532 559 1509 1510 1511
281 9 2 6 1 800 372 1038 1512 1513 1514
282 9 2 6 1 453 901 934 1515 1516 1517
283 9 2 6 1 901 453 1088 1515 1518 1519
284 9 2 6 1 718 842 1197 1520 1521 1522
285 9 2 6 1 694 757 964 1523 1524 1232
286 9 2 6 1 557 495 1100 1525 1273 1526
287 9 2 6 1 589 587 596 1527 1528 1529
288 9 2 6 1 381 163 730 1530 1531 1323
289 9 2 6 1 471 849 850 1532 1533 1473
290 9 2 6 1 162 381 753 1534 1535 1536
291 9 2 6 1 566 564 707 1537 1246 1538
292 9 2 6 1 1040 601 1139 1539 1540 1541
293 9 2 6 1 28 27 473 288 1542 1543
294 9 2 6 1 790 776 973 1544 1545 1546
295 9 2 6 1 667 914 915 1547 1548 1549
296 9 2 6 1 719 718 1197 1248 1522 1550
297 9 2 6 1 576 575 723 1551 1552 1451
298 9 2 6 1 759 760 761 1553 1554 1555
299 9 2 6 1 486 482 717 1556 1557 1558
300 9 2 6 1 650 997 1059 1559 1560 1561
301 9 2 6 1 629 807 1117 1562 1563 1564
302 9 2 6 1 761 762 789 1565 1566 1567
303 9 2 6 1 526 688 703 1568 1569 1570
304 9 2 6 1 511 504 526 1571 1572 1573
305 9 2 6 1 557 997 1060 1574 1575 1576
306 9 2 6 1 892 919 1167 1481 1577 1578
307 9 2 6 1 153 375 758 1579 1309 1580
308 9 2 6 1 1129 880 1208 1581 1582 1583
309 9 2 6 1 835 833 1201 1584 1585 1251
310 9 2 6 1 741 740 742 1586 1409 1587
311 9 2 6 1 375 154 809 1588 1589 1590
312 9 2 6 1 804 350 1105 1350 1591 1592
313 9 2 6 1 747 746 749 1593 1594 1595
314 9 2 6 1 68 69 813 108 1596 1597
315 9 2 6 1 868 603 870 1598 1303 1599
316 9 2 6 1 663 664 1034 1600 1601 1482
317 9 2 6 1 753 381 1170 1535 1602 1603
318 9 2 6 1 705 377 1036 1604 1605 1606
319 9 2 6 1 8 7 1089 244 1450 1607
320 9 2 6 1 587 584 689 1608 1609 1610
321 9 2 6 1 388 158 986 1611 1612 1613
322 9 2 6 1 1036 332 1097 1614 1615 1616
323 9 2 6 1 410 412 936 1617 1408 1618
324 9 2 6 1 1018 984 1077 1619 1620 1621
325 9 2 6 1 984 1018 1123 1619 1622 1623
326 9 2 6 1 763 761 788 1624 1625 1626
327 9 2 6 1 1038 372 1183 1513 1627 1628
328 9 2 6 1 947 843 1002 1500 1629 1237
329 9 2 6 1 662 474 999 1630 1631 1418
330 9 2 6 1 157 388 790 1632 1633 1634
331 9 2 6 1 814 1008 1164 1635 1636 1637
332 9 2 6 1 721 626 803 1638 1447 1639
333 9 2 6 1 780 369 1044 1294 1640 1641
334 9 2 6 1 385 790 973 1642 1546 1643
335 9 2 6 1 377 705 1104 1604 1644 1645
336 9 2 6 1 595 478 702 1646 1647 1648
337 9 2 6 1 798 635 829 1649 1650 1651
338 9 2 6 1 907 461 908 1652 1653 1654
339 9 2 6 1 44 339 682 1655 1656 1657
340 9 2 6 1 1029 52 1107 1658 1659 1660
341 9 2 6 1 789 762 1187 1566 1661 1662
342 9 2 6 1 390 869 1058 1348 1663 1664
343 9 2 6 1 1047 740 1195 1410 1665 1666
344 9 2 6 1 1089 653 1095 1401 1667 1668
345 9 2 6 1 705 1036 1097 1606 1616 1669
346 9 2 6 1 371 66 810 1670 1671 1460
347 9 2 6 1 22 392 966 1672 1673 1366
348 9 2 6 1 380 870 1138 1405 1674 1675
349 9 2 6 1 46 47 917 86 1676 1677
350 9 2 6 1 44 43 339 328 1678 1655
351 9 2 6 1 375 809 1180 1590 1679 1680
352 9 2 6 1 776 790 1093 1544 1681 1682
353 9 2 6 1 562 561 792 1683 1463 1684
354 9 2 6 1 826 386 1113 1486 1685 1686
355 9 2 6 1 759 375 760 1310 1687 1553
356 9 2 6 1 947 624 976 1236 1688 1689
357 9 2 6 1 986 158 1066 1612 1690 1691
358 9 2 6 1 794 795 818 1218 1692 1353
359 9 2 6 1 24 23 335 284 1693 1694
360 9 2 6 1 708 600 709 1240 1695 1696
361 9 2 6 1 608 629 691 1382 1697 1698
362 9 2 6 1 730 364 731 1699 1700 1701
363 9 2 6 1 766 767 769 1702 1703 1704
364 9 2 6 1 924 577 1011 1705 1706 1707
365 9 2 6 1 1057 884 1121 1708 1709 1710
366 9 2 6 1 914 667 1064 1547 1711 1712
367 9 2 6 1 552 545 796 1713 1714 1715
368 9 2 6 1 538 559 608 1511 1380 1716
369 9 2 6 1 813 69 1040 1596 1717 1718
370 9 2 6 1 702 8 1089 1423 1607 1719
371 9 2 6 1 361 758 791 1720 1721 1722
372 9 2 6 1 718 717 842 1723 1724 1520
373 9 2 6 1 333 61 829 1725 1726 1727
374 9 2 6 1 626 725 1134 1728 1729 1448
375 9 2 6 1 511 526 1015 1573 1730 1731
376 9 2 6 1 381 740 741 1325 1586 1732
377 9 2 6 1 333 698 852 1282 1733 1734
378 9 2 6 1 74 368 817 1735 1497 1736
379 9 2 6 1 419 935 936 1737 1738 1407
380 9 2 6 1 372 820 962 1739 1740 1741
381 9 2 6 1 745 743 746 1742 1743 1744
382 9 2 6 1 947 976 1035 1689 1745 1746
383 9 2 6 1 639 336 949 1747 1276 1748
384 9 2 6 1 629 559 630 1381 1749 1750
385 9 2 6 1 476 337 477 1358 1751 1752
386 9 2 6 1 912 1057 1121 1753 1710 1754
387 9 2 6 1 371 847 1012 1462 1755 1234
388 9 2 6 1 598 622 1043 1756 1757 1333
389 9 2 6 1 717 482 1213 1557 1758 1759
390 9 2 6 1 676 1000 1024 1760 1478 1761
391 9 2 6 1 351 805 944 1762 1763 1764
392 9 2 6 1 579 576 1132 1765 1453 1766
393 9 2 6 1 43 42 701 327 1767 1768
394 9 2 6 1 1052 458 1067 1769 1770 1771
395 9 2 6 1 838 615 839 1772 1773 1774
396 9 2 6 1 589 596 597 1529 1388 1775
397 9 2 6 1 1032 821 1034 1471 1776 1777
398 9 2 6 1 722 721 803 1266 1639 1778
399 9 2 6 1 741 742 743 1587 1326 1779
400 9 2 6 1 629 630 874 1750 1780 1781
401 9 2 6 1 526 504 688 1572 1782 1568
402 9 2 6 1 833 751 1201 1783 1784 1585
403 9 2 6 1 755 928 1033 1785 1786 1787
404 9 2 6 1 704 621 968 1444 1788 1789
405 9 2 6 1 561 553 794 1790 1336 1791
406 9 2 6 1 677 872 1138 1291 1792 1793
407 9 2 6 1 898 346 899 1284 1794 1795
408 9 2 6 1 762 765 766 1796 1797 1798
409 9 2 6 1 504 500 688 1799 1800 1782
410 9 2 6 1 783 786 822 1801 1802 1803
411 9 2 6 1 747 749 751 1595 1804 1805
412 9 2 6 1 792 793 797 1465 1806 1807
413 9 2 6 1 825 814 1164 1808 1637 1373
414 9 2 6 1 447 403 928 1809 1810 1811
415 9 2 6 1 596 587 689 1528 1610 1812
416 9 2 6 1 731 733 737 1813 1814 1815
417 9 2 6 1 810 374 811 1816 1817 1818
418 9 2 6 1 982 797 1108 1819 1820 1821
419 9 2 6 1 745 746 747 1744 1593 1822
420 9 2 6 1 542 539 706 1823 1824 1825
421 9 2 6 1 689 584 1157 1609 1826 1827
422 9 2 6 1 902 1029 1107 1828 1660 1829
423 9 2 6 1 710 709 1182 1830 1831 1299
424 9 2 6 1 709 797 1182 1832 1833 1831
425 9 2 6 1 478 337 702 1834 1424 1647
426 9 2 6 1 372 71 820 1835 1836 1739
427 9 2 6 1 575 722 723 1267 1837 1552
428 9 2 6 1 759 761 763 1555 1624 1838
429 9 2 6 1 722 803 804 1778 1351 1839
430 9 2 6 1 544 542 612 1840 1841 1842
431 9 2 6 1 709 792 797 1843 1807 1832
432 9 2 6 1 796 545 1179 1714 1844 1845
433 9 2 6 1 790 388 1093 1633 1846 1681
434 9 2 6 1 830 825 1102 1847 1416 1848
435 9 2 6 1 761 760 762 1554 1849 1565
436 9 2 6 1 788 761 789 1625 1567 1850
437 9 2 6 1 767 770 814 1851 1852 1853
438 9 2 6 1 652 832 1099 1854 1855 1856
439 9 2 6 1 811 812 924 1857 1395 1858
440 9 2 6 1 814 770 1008 1852 1859 1635
441 9 2 6 1 708 709 710 1696 1830 1860
442 9 2 6 1 795 552 796 1217 1715 1861
443 9 2 6 1 626 724 725 1862 1863 1728
444 9 2 6 1 580 579 819 1864 1865 1866
445 9 2 6 1 384 894 896 1867 1868 1869
446 9 2 6 1 428 844 990 1870 1871 1872
447 9 2 6 1 766 765 767 1797 1873 1702
448 9 2 6 1 356 21 993 1253 1874 1875
449 9 2 6 1 571 606 626 1876 1877 1878
450 9 2 6 1 609 521 838 1879 1880 1881
451 9 2 6 1 769 767 814 1703 1853 1882
452 9 2 6 1 401 447 843 1883 1884 1885
453 9 2 6 1 582 580 594 1886 1887 1888
454 9 2 6 1 486 717 718 1558 1723 1889
455 9 2 6 1 473 27 1160 1542 1890 1891
456 9 2 6 1 594 580 819 1887 1866 1892
457 9 2 6 1 609 840 938 1893 1894 1895
458 9 2 6 1 544 612 625 1842 1896 1897
459 9 2 6 1 876 788 1079 1898 1899 1455
460 9 2 6 1 747 751 833 1805 1783 1900
461 9 2 6 1 726 754 1137 1901 1902 1903
462 9 2 6 1 867 390 970 1346 1904 1905
463 9 2 6 1 1049 498 1082 1906 1907 1908
464 9 2 6 1 488 486 718 1909 1889 1305
465 9 2 6 1 497 495 557 1910 1525 1911
466 9 2 6 1 333 829 1069 1727 1912 1420
467 9 2 6 1 691 629 1117 1697 1564 1913
468 9 2 6 1 46 917 1148 1677 1914 1915
469 9 2 6 1 376 1006 1152 1916 1917 1918
470 9 2 6 1 635 798 857 1649 1919 1920
471 9 2 6 1 737 733 816 1814 1921 1922
472 9 2 6 1 572 571 721 1923 1924 1384
473 9 2 6 1 818 344 1108 1925 1926 1321
474 9 2 6 1 820 370 821 1927 1928 1929
475 9 2 6 1 822 786 837 1802 1930 1931
476 9 2 6 1 811 924 1011 1858 1707 1932
477 9 2 6 1 749 746 750 1594 1933 1934
478 9 2 6 1 1158 1076 1166 1935 1936 1937
479 9 2 6 1 928 755 1084 1785 1938 1939
480 9 2 6 1 844 466 990 1940 1941 1871
481 9 2 6 1 1095 728 1111 1942 1943 1944
482 9 2 6 1 578 576 579 1945 1765 1946
483 9 2 6 1 1006 802 1152 1947 1948 1917
484 9 2 6 1 708 710 998 1860 1949 1950
485 9 2 6 1 769 814 825 1882 1808 1951
486 9 2 6 1 731 732 733 1952 1953 1813
487 9 2 6 1 526 703 832 1570 1954 1955
488 9 2 6 1 821 370 1034 1928 1956 1776
489 9 2 6 1 27 340 1160 1957 1958 1890
490 9 2 6 1 758 759 1204 1311 1959 1960
491 9 2 6 1 559 532 695 1510 1961 1962
492 9 2 6 1 492 490 729 1963 1964 1345
493 9 2 6 1 159 160 826 199 1487 1965
494 9 2 6 1 626 606 724 1877 1966 1862
495 9 2 6 1 392 394 686 1967 1968 1969
496 9 2 6 1 749 750 846 1934 1970 1971
497 9 2 6 1 480 478 595 1972 1646 1973
498 9 2 6 1 813 1040 1139 1718 1541 1974
499 9 2 6 1 839 615 1196 1773 1975 1976
500 9 2 6 1 811 374 812 1817 1977 1857
501 9 2 6 1 641 639 853 1978 1979 1329
502 9 2 6 1 893 452 1081 1980 1981 1982
503 9 2 6 1 869 380 1058 1403 1983 1663
504 9 2 6 1 164 364 730 1984 1699 1985
505 9 2 6 1 27 26 340 287 1986 1957
506 9 2 6 1 521 523 838 1987 1988 1880
507 9 2 6 1 570 569 571 1989 1990 1991
508 9 2 6 1 723 722 805 1837 1992 1993
509 9 2 6 1 796 1129 1208 1994 1583 1995
510 9 2 6 1 386 161 753 1996 1997 1998
511 9 2 6 1 612 542 706 1841 1825 1999
512 9 2 6 1 335 966 1035 2000 2001 2002
513 9 2 6 1 808 331 1116 2003 2004 2005
514 9 2 6 1 864 862 1027 2006 2007 2008
515 9 2 6 1 338 825 954 1414 2009 2010
516 9 2 6 1 571 569 606 1990 2011 1876
517 9 2 6 1 531 514 532 2012 2013 2014
518 9 2 6 1 361 152 758 2015 2016 1720
519 9 2 6 1 740 730 1195 1324 2017 1665
520 9 2 6 1 1043 622 1137 1757 2018 2019
521 9 2 6 1 693 359 1142 1228 2020 2021
522 9 2 6 1 874 630 918 1780 2022 2023
523 9 2 6 1 893 681 985 2024 1261 2025
524 9 2 6 1 798 363 857 2026 2027 1919
525 9 2 6 1 485 482 486 2028 1556 2029
526 9 2 6 1 875 674 1159 2030 2031 2032
527 9 2 6 1 775 778 858 2033 2034 2035
528 9 2 6 1 894 384 897 1867 2036 2037
529 9 2 6 1 919 452 1167 2038 2039 1577
530 9 2 6 1 482 480 1213 2040 2041 1758
531 9 2 6 1 1065 1047 1098 2042 2043 2044
532 9 2 6 1 574 572 575 2045 1383 2046
533 9 2 6 1 706 539 1203 1824 2047 2048
534 9 2 6 1 678 1049 1082 2049 1908 2050
535 9 2 6 1 452 893 1167 1980 2051 2039
536 9 2 6 1 630 695 1143 2052 2053 2054
537 9 2 6 1 900 901 1088 2055 1519 1492
538 9 2 6 1 831 483 1087 2056 2057 2058
539 9 2 6 1 609 839 840 2059 2060 1893
540 9 2 6 1 385 156 790 2061 2062 1642
541 9 2 6 1 816 972 1050 2063 2064 2065
542 9 2 6 1 723 805 806 1993 2066 2067
543 9 2 6 1 501 506 960 2068 2069 2070
544 9 2 6 1 420 943 987 2071 2072 2073
545 9 2 6 1 902 1107 1194 1829 2074 2075
546 9 2 6 1 341 672 673 1504 2076 2077
547 9 2 6 1 905 638 981 2078 2079 1258
548 9 2 6 1 76 77 359 116 2080 1439
549 9 2 6 1 730 731 1195 1701 2081 2017
550 9 2 6 1 1053 1052 1067 2082 1771 2083
551 9 2 6 1 956 554 1010 2084 2085 1376
552 9 2 6 1 155 385 809 2086 2087 2088
553 9 2 6 1 598 716 1193 1332 2089 2090
554 9 2 6 1 67 374 810 2091 1816 2092
555 9 2 6 1 609 838 839 1881 1774 2059
556 9 2 6 1 722 804 805 1839 2093 1992
557 9 2 6 1 778 779 780 2094 2095 2096
558 9 2 6 1 908 461 1003 1653 2097 2098
559 9 2 6 1 665 596 933 1389 2099 2100
560 9 2 6 1 695 1015 1143 2101 2102 2053
561 9 2 6 1 731 364 732 1700 2103 1952
562 9 2 6 1 578 579 580 1946 1864 2104
563 9 2 6 1 793 561 794 1464 1791 1352
564 9 2 6 1 1021 822 1091 2105 2106 1297
565 9 2 6 1 499 501 960 2107 2070 2108
566 9 2 6 1 447 928 1084 1811 1939 2109
567 9 2 6 1 1034 817 1172 2110 1499 1483
568 9 2 6 1 688 500 1198 1800 2111 2112
569 9 2 6 1 825 937 954 1372 2113 2009
570 9 2 6 1 712 648 713 2114 2115 1441
571 9 2 6 1 151 152 361 191 2015 1306
572 9 2 6 1 370 73 817 2116 2117 2118
573 9 2 6 1 162 163 381 202 1530 1534
574 9 2 6 1 1039 902 1194 2119 2075 2120
575 9 2 6 1 164 165 364 204 2121 1984
576 9 2 6 1 533 532 538 2122 1509 2123
577 9 2 6 1 1014 425 1098 2124 2125 2126
578 9 2 6 1 805 804 944 2093 2127 1763
579 9 2 6 1 644 641 1131 2128 1331 2129
580 9 2 6 1 569 566 707 2130 1538 2131
581 9 2 6 1 840 498 1109 2132 2133 2134
582 9 2 6 1 372 962 1183 1741 2135 1627
583 9 2 6 1 571 626 721 1878 1638 1924
584 9 2 6 1 600 562 792 2136 1684 2137
585 9 2 6 1 766 769 831 1704 2138 2139
586 9 2 6 1 425 1065 1098 2140 2044 2125
587 9 2 6 1 63 64 363 103 2141 2142
588 9 2 6 1 791 758 1204 1721 1960 2143
589 9 2 6 1 681 893 1081 2024 1982 2144
590 9 2 6 1 160 161 386 200 1996 1485
591 9 2 6 1 997 650 1060 1559 2145 1575
592 9 2 6 1 781 783 822 2146 1803 2147
593 9 2 6 1 490 488 502 2148 1304 2149
594 9 2 6 1 574 575 576 2046 1551 2150
595 9 2 6 1 72 370 820 2151 1927 2152
596 9 2 6 1 783 785 786 2153 2154 1801
597 9 2 6 1 774 775 858 2155 2035 2156
598 9 2 6 1 153 154 375 193 1588 1579
599 9 2 6 1 524 920 989 2157 2158 2159
600 9 2 6 1 771 774 856 2160 2161 2162
601 9 2 6 1 570 571 572 1991 1923 2163
602 9 2 6 1 155 156 385 195 2061 2086
603 9 2 6 1 157 158 388 197 1611 1632
604 9 2 6 1 1024 515 1174 1477 2164 2165
605 9 2 6 1 746 743 752 1743 1328 2166
606 9 2 6 1 65 66 371 105 1670 2167
607 9 2 6 1 374 68 813 2168 1597 2169
608 9 2 6 1 79 80 331 119 2170 2171
609 9 2 6 1 648 646 1131 2172 2173 2174
610 9 2 6 1 766 831 1087 2139 2058 2175
611 9 2 6 1 458 356 993 2176 1875 2177
612 9 2 6 1 74 75 368 114 2178 1735
613 9 2 6 1 862 864 1096 2006 2179 2180
614 9 2 6 1 978 469 1127 2181 2182 2183
615 9 2 6 1 953 797 982 2184 1819 2185
616 9 2 6 1 807 629 874 1562 1781 2186
617 9 2 6 1 568 566 569 2187 2130 2188
618 9 2 6 1 744 743 745 2189 1742 2190
619 9 2 6 1 564 562 600 2191 2136 1245
620 9 2 6 1 800 601 1040 2192 1539 2193
621 9 2 6 1 586 584 587 2194 1608 2195
622 9 2 6 1 523 528 838 2196 2197 1988
623 9 2 6 1 828 361 859 1307 2198 2199
624 9 2 6 1 67 68 374 107 2168 2091
625 9 2 6 1 662 910 948 1417 2200 2201
626 9 2 6 1 364 165 1019 2121 1387 2202
627 9 2 6 1 715 853 949 2203 2204 2205
628 9 2 6 1 920 618 989 2206 2207 2158
629 9 2 6 1 383 59 852 2208 2209 2210
630 9 2 6 1 802 670 1152 2211 1290 1948
631 9 2 6 1 767 768 770 2212 2213 1851
632 9 2 6 1 707 708 1144 1241 2214 2215
633 9 2 6 1 331 808 994 2003 2216 2217
634 9 2 6 1 849 471 978 1532 2218 2219
635 9 2 6 1 850 353 851 2220 2221 1474
636 9 2 6 1 543 542 544 2222 1840 2223
637 9 2 6 1 737 1047 1195 2224 1666 2225
638 9 2 6 1 63 363 798 2142 2026 2226
639 9 2 6 1 997 557 1100 1574 1526 2227
640 9 2 6 1 775 777 778 2228 2229 2033
641 9 2 6 1 528 550 615 2230 2231 2232
642 9 2 6 1 334 1074 1192 2233 2234 2235
643 9 2 6 1 72 73 370 112 2116 2151
644 9 2 6 1 22 356 392 1254 2236 1672
645 9 2 6 1 61 62 829 101 2237 1726
646 9 2 6 1 834 833 835 2238 1584 2239
647 9 2 6 1 1103 691 1117 2240 1913 2241
648 9 2 6 1 528 615 838 2232 1772 2197
649 9 2 6 1 344 818 977 1925 2242 2243
650 9 2 6 1 597 665 1137 1390 2244 2245
651 9 2 6 1 646 644 1131 2246 2129 2173
652 9 2 6 1 399 401 843 2247 1885 1488
653 9 2 6 1 762 764 765 2248 2249 1796
654 9 2 6 1 170 353 850 2250 2220 2251
655 9 2 6 1 827 334 978 2252 2253 2254
656 9 2 6 1 555 553 561 2255 1790 2256
657 9 2 6 1 797 793 1108 1806 1322 1820
658 9 2 6 1 704 560 995 2257 1468 1445
659 9 2 6 1 385 973 1124 1643 2258 2259
660 9 2 6 1 654 656 1075 2260 2261 1435
661 9 2 6 1 70 71 372 110 1835 2262
662 9 2 6 1 810 811 847 1818 2263 1461
663 9 2 6 1 471 851 1168 1475 2264 2265
664 9 2 6 1 62 798 829 2266 1651 2237
665 9 2 6 1 541 539 542 2267 1823 2268
666 9 2 6 1 148 149 332 188 2269 2270
667 9 2 6 1 771 773 774 2271 2272 2160
668 9 2 6 1 805 351 1122 1762 2273 2274
669 9 2 6 1 161 162 753 201 1536 1997
670 9 2 6 1 347 914 1064 2275 1712 2276
671 9 2 6 1 596 689 1211 1812 2277 2278
672 9 2 6 1 163 164 730 203 1985 1531
673 9 2 6 1 547 545 552 2279 1713 2280
674 9 2 6 1 685 711 1150 2281 1264 2282
675 9 2 6 1 861 862 945 2283 2284 2285
676 9 2 6 1 392 686 966 1969 2286 1673
677 9 2 6 1 702 1089 1095 1719 1668 2287
678 9 2 6 1 836 1047 1065 2288 2042 2289
679 9 2 6 1 818 795 932 1692 2290 2291
680 9 2 6 1 588 587 589 2292 1527 2293
681 9 2 6 1 733 734 972 2294 2295 2296
682 9 2 6 1 636 962 1010 2297 2298 2299
683 9 2 6 1 152 153 758 192 1580 2016
684 9 2 6 1 795 796 1208 1861 1995 2300
685 9 2 6 1 709 600 792 1695 2137 1843
686 9 2 6 1 502 719 720 1249 2301 2302
687 9 2 6 1 361 791 859 1722 2303 2198
688 9 2 6 1 568 569 570 2188 1989 2304
689 9 2 6 1 519 609 938 2305 1895 2306
690 9 2 6 1 156 157 790 196 1634 2062
691 9 2 6 1 595 702 1095 1648 2287 2307
692 9 2 6 1 503 500 504 2308 1799 2309
693 9 2 6 1 167 168 334 207 2310 2311
694 9 2 6 1 60 61 333 100 1725 2312
695 9 2 6 1 154 155 809 194 2088 1589
696 9 2 6 1 754 597 1137 2313 2245 1902
697 9 2 6 1 350 803 1134 1349 1449 2314
698 9 2 6 1 769 825 830 1951 1847 2315
699 9 2 6 1 66 67 810 106 2092 1671
700 9 2 6 1 483 1063 1087 2316 2317 2057
701 9 2 6 1 401 403 447 2318 1809 1883
702 9 2 6 1 293 30 926 294 2319 2320
703 9 2 6 1 73 74 817 113 1736 2117
704 9 2 6 1 604 847 1011 2321 2322 2323
705 9 2 6 1 537 678 988 2324 2325 2326
706 9 2 6 1 485 486 487 2029 2327 2328
707 9 2 6 1 858 778 1044 2034 2329 1412
708 9 2 6 1 936 628 1005 2330 2331 2332
709 9 2 6 1 898 899 900 1795 2333 2334
710 9 2 6 1 938 840 960 1894 2335 2336
711 9 2 6 1 827 978 1127 2254 2183 2337
712 9 2 6 1 865 377 866 2338 2339 2340
713 9 2 6 1 334 168 849 2310 2341 2342
714 9 2 6 1 636 1010 1101 2299 2343 2344
715 9 2 6 1 676 556 1000 2345 2346 1760
716 9 2 6 1 751 749 1177 1804 2347 2348
717 9 2 6 1 842 717 1111 1724 2349 2350
718 9 2 6 1 920 685 1150 2351 2282 2352
719 9 2 6 1 748 747 833 2353 1900 2354
720 9 2 6 1 498 840 1082 2132 2355 1907
721 9 2 6 1 71 72 820 111 2152 1836
722 9 2 6 1 686 848 947 2356 1501 2357
723 9 2 6 1 60 333 852 2312 1734 2358
724 9 2 6 1 780 781 1021 2359 2360 1223
725 9 2 6 1 510 504 511 2361 1571 2362
726 9 2 6 1 733 732 734 1953 2363 2294
727 9 2 6 1 150 151 1186 190 1496 2364
728 9 2 6 1 490 502 729 2149 2365 1964
729 9 2 6 1 487 486 488 2327 1909 2366
730 9 2 6 1 146 377 865 2367 2338 2368
731 9 2 6 1 465 861 927 2369 2370 2371
732 9 2 6 1 861 429 927 2372 2373 2370
733 9 2 6 1 368 75 854 2178 2374 2375
734 9 2 6 1 335 976 1169 2376 2377 2378
735 9 2 6 1 612 706 875 1999 2379 2380
736 9 2 6 1 469 466 844 2381 1940 2382
737 9 2 6 1 396 399 848 2383 1490 2384
738 9 2 6 1 763 788 876 1626 1898 2385
739 9 2 6 1 928 408 1033 2386 2387 1786
740 9 2 6 1 483 831 1106 2056 2388 2389
741 9 2 6 1 1018 806 1123 2390 2391 1622
742 9 2 6 1 919 895 1028 1480 2392 2393
743 9 2 6 1 770 771 856 2394 2162 2395
744 9 2 6 1 876 507 877 1454 2396 2397
745 9 2 6 1 590 589 1092 2398 2399 1369
746 9 2 6 1 935 628 936 2400 2330 1738
747 9 2 6 1 786 785 787 2154 2401 1286
748 9 2 6 1 477 337 478 1751 1834 2402
749 9 2 6 1 334 849 978 2342 2219 2253
750 9 2 6 1 1001 756 1033 1437 2403 2404
751 9 2 6 1 857 363 1090 2027 2405 2406
752 9 2 6 1 819 579 1018 1865 2407 2408
753 9 2 6 1 331 80 1116 2170 2409 2004
754 9 2 6 1 606 569 707 2011 2131 2410
755 9 2 6 1 555 561 562 2256 1683 2411
756 9 2 6 1 695 532 1130 1961 2412 2413
757 9 2 6 1 81 82 376 121 2414 2415
758 9 2 6 1 461 907 1163 1652 2416 2417
759 9 2 6 1 691 1103 1141 2240 2418 2419
760 9 2 6 1 511 1015 1130 1731 2420 2421
761 9 2 6 1 864 383 1020 2422 2423 2424
762 9 2 6 1 780 779 781 2095 2425 2359
763 9 2 6 1 58 59 383 98 2208 2426
764 9 2 6 1 640 639 641 2427 1978 2428
765 9 2 6 1 358 129 872 2429 2430 1505
766 9 2 6 1 651 648 712 2431 2114 2432
767 9 2 6 1 616 537 988 2433 2326 2434
768 9 2 6 1 169 170 850 209 2251 2435
769 9 2 6 1 357 824 1048 1242 1379 2436
770 9 2 6 1 403 405 928 2437 2438 1810
771 9 2 6 1 167 334 1192 2311 2235 2439
772 9 2 6 1 146 147 377 186 2440 2367
773 9 2 6 1 148 332 1036 2270 1614 2441
774 9 2 6 1 849 169 850 2442 2435 1533
775 9 2 6 1 531 532 533 2014 2122 2443
776 9 2 6 1 863 383 864 2444 2422 2445
777 9 2 6 1 28 473 654 1543 2446 1434
778 9 2 6 1 519 521 609 2447 1879 2305
779 9 2 6 1 348 57 863 2448 2449 2450
780 9 2 6 1 75 76 854 115 1440 2374
781 9 2 6 1 392 393 394 2451 2452 1967
782 9 2 6 1 372 800 1114 1512 2453 2454
783 9 2 6 1 594 1076 1158 2455 1935 2456
784 9 2 6 1 532 514 1130 2013 2457 2412
785 9 2 6 1 359 77 929 2080 2458 2459
786 9 2 6 1 387 127 873 2460 2461 2462
787 9 2 6 1 832 652 1143 1854 2463 2464
788 9 2 6 1 58 383 863 2426 2444 2465
789 9 2 6 1 867 866 868 2466 2467 2468
790 9 2 6 1 972 734 1190 2295 2469 2470
791 9 2 6 1 494 492 495 2471 1344 2472
792 9 2 6 1 347 1064 1194 2276 2473 2474
793 9 2 6 1 679 680 1156 2475 2476 2477
794 9 2 6 1 603 868 1013 1598 2478 2479
795 9 2 6 1 252 11 937 253 2480 2481
796 9 2 6 1 861 684 862 2482 2483 2283
797 9 2 6 1 581 580 582 2484 1886 2485
798 9 2 6 1 778 777 779 2229 2486 2094
799 9 2 6 1 843 447 1002 1884 2487 1629
800 9 2 6 1 523 527 528 2488 2489 2196
801 9 2 6 1 1014 816 1050 2490 2065 2491
802 9 2 6 1 496 495 497 2492 1910 2493
803 9 2 6 1 145 146 865 185 2368 2494
804 9 2 6 1 62 63 798 102 2226 2266
805 9 2 6 1 697 634 881 2495 2496 2497
806 9 2 6 1 933 596 1211 2099 2278 2498
807 9 2 6 1 685 920 1119 2351 2499 2500
808 9 2 6 1 465 684 861 2501 2482 2369
809 9 2 6 1 900 899 901 2333 2502 2055
810 9 2 6 1 128 358 873 2503 2504 2505
811 9 2 6 1 128 129 358 138 2429 2503
812 9 2 6 1 130 380 872 2506 2507 2508
813 9 2 6 1 427 424 923 2509 2510 2511
814 9 2 6 1 545 544 1179 2512 2513 1844
815 9 2 6 1 168 169 849 208 2442 2341
816 9 2 6 1 613 592 628 2514 2515 2516
817 9 2 6 1 865 866 867 2340 2466 2517
818 9 2 6 1 547 552 553 2280 1335 2518
819 9 2 6 1 680 929 1156 2519 2520 2476
820 9 2 6 1 448 465 927 2521 2371 2522
821 9 2 6 1 654 473 655 2446 2523 2524
822 9 2 6 1 700 697 881 2525 2497 2526
823 9 2 6 1 745 748 841 2527 2528 2529
824 9 2 6 1 741 743 744 1779 2189 2530
825 9 2 6 1 801 387 1112 1219 2531 2532
826 9 2 6 1 837 367 1091 1312 2533 2534
827 9 2 6 1 475 905 946 2535 1316 2536
828 9 2 6 1 59 60 852 99 2358 2209
829 9 2 6 1 130 131 380 140 2537 2506
830 9 2 6 1 666 657 933 2538 2539 2540
831 9 2 6 1 129 130 872 139 2508 2430
832 9 2 6 1 577 576 578 2541 1945 2542
833 9 2 6 1 384 896 1094 1869 2543 2544
834 9 2 6 1 42 341 1103 2545 2546 2547
835 9 2 6 1 126 127 387 136 2460 2548
836 9 2 6 1 693 704 1181 2549 2550 2551
837 9 2 6 1 869 868 870 2552 1599 1404
838 9 2 6 1 127 128 873 137 2505 2461
839 9 2 6 1 431 427 923 2553 2511 2554
840 9 2 6 1 132 133 390 142 2555 2556
841 9 2 6 1 57 58 863 97 2465 2449
842 9 2 6 1 613 628 935 2516 2400 2557
843 9 2 6 1 847 604 1012 2321 2558 1755
844 9 2 6 1 506 938 960 2559 2336 2069
845 9 2 6 1 465 667 684 2560 2561 2501
846 9 2 6 1 448 464 465 2562 2563 2521
847 9 2 6 1 901 899 902 2502 2564 2565
848 9 2 6 1 354 911 912 2566 2567 2568
849 9 2 6 1 595 1095 1111 2307 1944 2569
850 9 2 6 1 64 65 964 104 2570 2571
851 9 2 6 1 83 84 637 123 2572 2573
852 9 2 6 1 788 789 1080 1850 2574 2575
853 9 2 6 1 943 736 987 2576 2577 2072
854 9 2 6 1 854 693 1181 1229 2551 2578
855 9 2 6 1 420 987 1004 2073 2579 2580
856 9 2 6 1 353 171 910 2581 2582 2583
857 9 2 6 1 171 172 910 211 2584 2582
858 9 2 6 1 774 858 1154 2156 2585 2586
859 9 2 6 1 889 888 890 2587 2588 2589
860 9 2 6 1 355 177 909 2590 2591 2592
861 9 2 6 1 1040 69 1114 1717 2593 2594
862 9 2 6 1 528 549 550 2595 2596 2230
863 9 2 6 1 906 907 908 2597 1654 2598
864 9 2 6 1 54 55 914 94 2599 2600
865 9 2 6 1 347 54 914 2601 2600 2275
866 9 2 6 1 889 890 893 2589 2602 2603
867 9 2 6 1 573 572 574 2604 2045 2605
868 9 2 6 1 354 174 911 2606 2607 2566
869 9 2 6 1 174 175 911 214 2608 2607
870 9 2 6 1 745 747 748 1822 2353 2527
871 9 2 6 1 56 348 915 2609 2610 2611
872 9 2 6 1 176 355 913 2612 2613 2614
873 9 2 6 1 382 888 889 2615 2587 2616
874 9 2 6 1 914 55 915 2599 2617 1548
875 9 2 6 1 177 178 909 217 2618 2591
876 9 2 6 1 890 891 892 2619 2620 2621
877 9 2 6 1 911 175 913 2608 2622 2623
878 9 2 6 1 382 887 888 2624 2625 2615
879 9 2 6 1 906 373 907 2626 2627 2597
880 9 2 6 1 541 542 543 2268 2222 2628
881 9 2 6 1 357 227 903 2629 2630 2631
882 9 2 6 1 13 255 855 257 2632 2633
883 9 2 6 1 503 504 510 2309 2361 2634
884 9 2 6 1 892 894 895 2635 2636 1479
885 9 2 6 1 890 888 891 2588 2637 2619
886 9 2 6 1 774 773 775 2272 2638 2155
887 9 2 6 1 592 590 1001 2639 1438 2640
888 9 2 6 1 227 228 903 237 2641 2630
889 9 2 6 1 179 373 906 2642 2626 2643
890 9 2 6 1 178 179 906 218 2643 2644
891 9 2 6 1 904 638 905 2645 2078 2646
892 9 2 6 1 55 56 915 95 2611 2617
893 9 2 6 1 175 176 913 215 2614 2622
894 9 2 6 1 891 888 916 2637 2647 2648
895 9 2 6 1 449 421 466 2649 2650 2651
896 9 2 6 1 916 391 917 2652 2653 2654
897 9 2 6 1 382 229 887 2655 2656 2624
898 9 2 6 1 181 638 904 2657 2645 2658
899 9 2 6 1 230 391 887 2659 2660 2661
900 9 2 6 1 228 229 382 238 2655 2662
901 9 2 6 1 230 231 391 240 2663 2659
902 9 2 6 1 181 182 638 221 2664 2657
903 9 2 6 1 373 180 904 2665 2666 2667
904 9 2 6 1 229 230 887 239 2661 2656
905 9 2 6 1 179 180 373 219 2665 2642
906 9 2 6 1 180 181 904 220 2658 2666
907 9 2 6 1 176 177 355 216 2590 2612
908 9 2 6 1 173 174 354 213 2606 2668
909 9 2 6 1 170 171 353 210 2581 2250
910 9 2 6 1 53 54 347 93 2601 2669
911 9 2 6 1 56 57 348 96 2448 2609
912 9 2 6 1 50 51 346 90 2670 2671
913 9 2 6 1 226 227 357 236 2629 2672
914 9 2 6 1 48 49 384 88 2673 2674
915 9 2 6 1 224 225 389 234 2675 2676
916 9 2 6 1 895 897 898 2677 1285 2678
917 9 2 6 1 906 908 909 2598 2679 2680
918 9 2 6 1 178 906 909 2644 2680 2618
919 9 2 6 1 892 891 894 2620 2681 2635
920 9 2 6 1 896 891 916 2682 2648 2683
921 9 2 6 1 896 916 917 2683 2654 2684
922 9 2 6 1 382 889 903 2616 2685 2686
923 9 2 6 1 767 765 768 1873 2687 2212
924 9 2 6 1 228 382 903 2662 2686 2641
925 9 2 6 1 888 887 916 2625 2688 2647
926 9 2 6 1 439 438 882 2689 2690 2691
927 9 2 6 1 887 391 916 2660 2652 2688
928 9 2 6 1 895 894 897 2636 2037 2677
929 9 2 6 1 459 472 681 2692 2693 2694
930 9 2 6 1 454 439 882 2695 2691 2696
931 9 2 6 1 894 891 896 2681 2682 1868
932 9 2 6 1 460 456 461 2697 2698 2699
933 9 2 6 1 513 511 514 2700 2701 2702
934 9 2 6 1 77 78 929 117 2703 2458
935 9 2 6 1 445 443 446 2704 2705 2706
936 9 2 6 1 681 472 824 2693 2707 1260
937 9 2 6 1 472 460 475 2708 2709 2710
938 9 2 6 1 445 451 452 2711 2712 2713
939 9 2 6 1 459 460 472 2714 2708 2692
940 9 2 6 1 451 446 456 2715 2716 2717
941 9 2 6 1 459 456 460 2718 2697 2714
942 9 2 6 1 451 456 459 2717 2718 2719
943 9 2 6 1 883 882 884 2720 2721 2722
944 9 2 6 1 445 446 451 2706 2715 2711
945 9 2 6 1 675 556 676 2723 2345 2724
946 9 2 6 1 444 443 445 2725 2704 2726
947 9 2 6 1 539 538 1203 2727 2728 2047
948 9 2 6 1 445 452 919 2713 2038 2729
949 9 2 6 1 444 445 919 2726 2729 2730
950 9 2 6 1 442 441 443 2731 2732 2733
951 9 2 6 1 441 439 454 2734 2695 2735
952 9 2 6 1 446 921 925 2736 2737 2738
953 9 2 6 1 442 443 444 2733 2725 2739
954 9 2 6 1 437 439 440 2740 2741 2742
955 9 2 6 1 454 882 883 2696 2720 2743
956 9 2 6 1 440 442 453 2744 2745 2746
957 9 2 6 1 440 439 441 2741 2734 2747
958 9 2 6 1 606 707 1144 2410 2215 2748
959 9 2 6 1 440 441 442 2747 2731 2744
960 9 2 6 1 454 883 885 2743 2749 2750
961 9 2 6 1 446 443 921 2705 2751 2736
962 9 2 6 1 820 821 962 1929 2752 1740
963 9 2 6 1 885 883 886 2749 2753 2754
964 9 2 6 1 69 70 1114 109 2755 2593
965 9 2 6 1 443 441 921 2732 2756 2751
966 9 2 6 1 467 466 469 2757 2381 2758
967 9 2 6 1 461 456 925 2698 2759 2760
968 9 2 6 1 465 464 667 2563 2761 2560
969 9 2 6 1 942 751 1177 2762 2348 2763
970 9 2 6 1 405 408 928 2764 2386 2438
971 9 2 6 1 921 885 925 2765 2766 2737
972 9 2 6 1 934 901 1039 1516 2767 2768
973 9 2 6 1 441 454 921 2735 2769 2756
974 9 2 6 1 945 862 1185 2284 2770 2771
975 9 2 6 1 376 82 1006 2414 2772 1916
976 9 2 6 1 454 885 921 2750 2765 2769
977 9 2 6 1 883 884 922 2722 2773 2774
978 9 2 6 1 543 544 545 2223 2512 2775
979 9 2 6 1 456 446 925 2716 2738 2759
980 9 2 6 1 886 883 922 2753 2774 2776
981 9 2 6 1 437 438 439 2777 2689 2740
982 9 2 6 1 464 463 690 2778 2779 2780
983 9 2 6 1 1015 832 1143 2781 2464 2102
984 9 2 6 1 448 463 464 2782 2778 2562
985 9 2 6 1 699 697 700 2783 2525 2784
986 9 2 6 1 455 431 457 2785 2786 2787
987 9 2 6 1 884 882 941 2721 2788 2789
988 9 2 6 1 437 434 438 2790 2791 2777
989 9 2 6 1 440 453 930 2746 2792 2793
990 9 2 6 1 778 780 1044 2096 1641 2329
991 9 2 6 1 433 436 448 2794 2795 2796
992 9 2 6 1 625 612 1159 1896 2797 2798
993 9 2 6 1 770 856 1008 2395 1470 1859
994 9 2 6 1 463 436 930 2799 2800 2801
995 9 2 6 1 436 437 930 2802 2803 2800
996 9 2 6 1 867 868 869 2468 2552 1347
997 9 2 6 1 770 768 771 2213 2804 2394
998 9 2 6 1 910 172 948 2584 2805 2200
999 9 2 6 1 972 435 1050 2806 2807 2064
1000 9 2 6 1 762 760 764 1849 2808 2248
1001 9 2 6 1 437 440 930 2742 2793 2803
1002 9 2 6 1 611 535 618 2809 2810 2811
1003 9 2 6 1 462 457 474 2812 2813 2814
1004 9 2 6 1 436 434 437 2815 2790 2802
1005 9 2 6 1 448 436 463 2795 2799 2782
1006 9 2 6 1 432 431 455 2816 2785 2817
1007 9 2 6 1 173 354 948 2668 2818 2819
1008 9 2 6 1 433 434 436 2820 2815 2794
1009 9 2 6 1 832 703 1099 1954 2821 1855
1010 9 2 6 1 455 457 462 2787 2812 2822
1011 9 2 6 1 457 431 923 2786 2554 2823
1012 9 2 6 1 430 432 433 2824 2825 2826
1013 9 2 6 1 462 474 662 2814 1630 2827
1014 9 2 6 1 438 931 941 2828 2829 2830
1015 9 2 6 1 433 432 434 2825 2831 2820
1016 9 2 6 1 433 448 927 2796 2522 2832
1017 9 2 6 1 20 276 360 278 2833 2834
1018 9 2 6 1 430 427 431 2835 2553 2836
1019 9 2 6 1 816 1014 1098 2490 2126 2837
1020 9 2 6 1 455 462 468 2822 2838 2839
1021 9 2 6 1 429 861 945 2372 2285 2840
1022 9 2 6 1 39 317 879 319 2841 2842
1023 9 2 6 1 865 867 970 2517 1905 2843
1024 9 2 6 1 444 919 1028 2730 2393 1427
1025 9 2 6 1 472 475 946 2710 2536 2844
1026 9 2 6 1 744 1136 1170 2845 2846 2847
1027 9 2 6 1 930 453 934 2792 1517 2848
1028 9 2 6 1 377 147 1036 2440 2849 1605
1029 9 2 6 1 734 736 943 2850 2576 2851
1030 9 2 6 1 622 726 1137 2852 1903 2018
1031 9 2 6 1 430 431 432 2836 2816 2824
1032 9 2 6 1 386 753 1136 1998 2853 2854
1033 9 2 6 1 405 407 408 2855 2856 2764
1034 9 2 6 1 931 468 941 2857 2858 2829
1035 9 2 6 1 463 930 934 2801 2848 2859
1036 9 2 6 1 708 998 1144 1950 2860 2214
1037 9 2 6 1 812 374 813 1977 2169 2861
1038 9 2 6 1 690 463 934 2779 2859 2862
1039 9 2 6 1 686 394 848 1968 2863 2356
1040 9 2 6 1 620 618 920 2864 2206 2865
1041 9 2 6 1 423 426 450 2866 2867 2868
1042 9 2 6 1 586 587 588 2195 2292 2869
1043 9 2 6 1 65 371 964 2167 1233 2570
1044 9 2 6 1 430 433 927 2826 2832 2870
1045 9 2 6 1 438 434 931 2791 2871 2828
1046 9 2 6 1 358 957 1025 1506 2872 2873
1047 9 2 6 1 432 455 931 2817 2874 2875
1048 9 2 6 1 434 432 931 2831 2875 2871
1049 9 2 6 1 392 356 393 2236 2876 2451
1050 9 2 6 1 449 466 467 2651 2757 2877
1051 9 2 6 1 913 922 1057 2878 2879 2880
1052 9 2 6 1 466 421 990 2650 2881 1941
1053 9 2 6 1 882 438 941 2690 2830 2788
1054 9 2 6 1 781 822 1021 2147 2105 2360
1055 9 2 6 1 1075 656 1110 2261 2882 2883
1056 9 2 6 1 429 430 927 2884 2870 2373
1057 9 2 6 1 594 819 1076 1892 2885 2455
1058 9 2 6 1 455 468 931 2839 2857 2874
1059 9 2 6 1 619 618 620 2886 2864 2887
1060 9 2 6 1 744 745 841 2190 2529 2888
1061 9 2 6 1 363 64 1210 2141 2889 2890
1062 9 2 6 1 353 910 999 2583 1419 2891
1063 9 2 6 1 855 856 1030 1339 2892 2893
1064 9 2 6 1 679 676 680 2894 2895 2475
1065 9 2 6 1 669 620 670 2896 2897 2898
1066 9 2 6 1 64 964 1210 2571 2899 2889
1067 9 2 6 1 824 472 946 2707 2844 1378
1068 9 2 6 1 966 686 1035 2286 2900 2001
1069 9 2 6 1 801 670 802 2901 2211 2902
1070 9 2 6 1 144 145 970 184 2903 2904
1071 9 2 6 1 396 398 399 2905 2906 2383
1072 9 2 6 1 423 450 939 2868 1362 2907
1073 9 2 6 1 172 173 948 212 2819 2805
1074 9 2 6 1 468 462 951 2838 2908 2909
1075 9 2 6 1 429 427 430 2910 2835 2884
1076 9 2 6 1 412 415 419 2911 2912 1406
1077 9 2 6 1 565 564 566 2913 1537 2914
1078 9 2 6 1 414 836 1065 1268 2289 2915
1079 9 2 6 1 299 32 350 300 2916 2917
1080 9 2 6 1 823 673 875 2918 2919 2920
1081 9 2 6 1 506 509 938 2921 2922 2559
1082 9 2 6 1 40 320 342 322 2923 2924
1083 9 2 6 1 125 126 975 135 2925 2926
1084 9 2 6 1 950 470 991 2927 2928 2929
1085 9 2 6 1 563 562 564 2930 2191 2931
1086 9 2 6 1 734 735 736 2932 2933 2850
1087 9 2 6 1 819 1018 1077 2408 1621 2934
1088 9 2 6 1 528 527 549 2489 2935 2595
1089 9 2 6 1 533 538 539 2123 2727 2936
1090 9 2 6 1 736 738 739 2937 2938 2939
1091 9 2 6 1 223 224 981 233 2940 2941
1092 9 2 6 1 81 376 1116 2415 2942 2943
1093 9 2 6 1 357 903 985 2631 2944 1243
1094 9 2 6 1 249 10 338 250 2945 2946
1095 9 2 6 1 699 700 940 2784 1279 2947
1096 9 2 6 1 889 893 985 2603 2025 2948
1097 9 2 6 1 567 566 568 2949 2187 2950
1098 9 2 6 1 83 637 1006 2573 2951 2952
1099 9 2 6 1 450 426 945 2867 2953 2954
1100 9 2 6 1 922 913 1206 2878 2955 2956
1101 9 2 6 1 462 662 951 2827 2957 2908
1102 9 2 6 1 418 422 423 2958 2959 2960
1103 9 2 6 1 863 864 1027 2445 2008 2961
1104 9 2 6 1 935 419 1062 1737 2962 2963
1105 9 2 6 1 422 421 449 2964 2649 2965
1106 9 2 6 1 923 950 991 2966 2929 2967
1107 9 2 6 1 611 618 619 2811 2886 2968
1108 9 2 6 1 706 823 875 2969 2920 2379
1109 9 2 6 1 426 427 429 2970 2910 2971
1110 9 2 6 1 536 605 1046 2972 2973 2974
1111 9 2 6 1 418 416 421 2975 2976 2977
1112 9 2 6 1 467 469 471 2758 2978 2979
1113 9 2 6 1 509 518 519 2980 2981 2982
1114 9 2 6 1 608 691 823 1698 2983 2984
1115 9 2 6 1 534 525 535 2985 2986 2987
1116 9 2 6 1 750 752 1053 2988 1391 2989
1117 9 2 6 1 1102 627 1106 2990 2991 2992
1118 9 2 6 1 837 786 1162 1930 1338 1396
1119 9 2 6 1 669 670 801 2898 2901 2993
1120 9 2 6 1 618 535 989 2810 2994 2207
1121 9 2 6 1 829 635 1069 1650 2995 1912
1122 9 2 6 1 671 857 1090 2996 2406 2997
1123 9 2 6 1 78 79 1071 118 2998 2999
1124 9 2 6 1 296 31 944 297 3000 3001
1125 9 2 6 1 619 620 669 2887 2896 3002
1126 9 2 6 1 426 424 427 3003 2509 2970
1127 9 2 6 1 509 519 938 2982 2306 2922
1128 9 2 6 1 418 421 422 2977 2964 2958
1129 9 2 6 1 449 467 470 2877 3004 3005
1130 9 2 6 1 423 424 426 3006 3003 2866
1131 9 2 6 1 423 422 424 2959 3007 3006
1132 9 2 6 1 599 379 976 3008 3009 3010
1133 9 2 6 1 602 535 611 3011 2809 3012
1134 9 2 6 1 149 150 1085 189 3013 3014
1135 9 2 6 1 474 457 991 2813 3015 3016
1136 9 2 6 1 923 424 950 2510 3017 2966
1137 9 2 6 1 866 377 1104 2339 1645 3018
1138 9 2 6 1 343 932 1208 3019 3020 3021
1139 9 2 6 1 584 582 1157 3022 3023 1826
1140 9 2 6 1 728 1095 1135 1942 3024 3025
1141 9 2 6 1 383 852 1020 2210 3026 2423
1142 9 2 6 1 897 384 1086 2036 3027 1432
1143 9 2 6 1 711 659 808 3028 3029 3030
1144 9 2 6 1 426 429 945 2971 2840 2953
1145 9 2 6 1 607 675 994 3031 3032 3033
1146 9 2 6 1 336 639 640 1747 2427 3034
1147 9 2 6 1 881 634 1062 2496 3035 3036
1148 9 2 6 1 158 159 1066 198 3037 1690
1149 9 2 6 1 698 697 699 3038 2783 3039
1150 9 2 6 1 686 947 1035 2357 1746 2900
1151 9 2 6 1 748 833 834 2354 2238 3040
1152 9 2 6 1 461 925 1003 2760 3041 2097
1153 9 2 6 1 862 684 1027 2483 3042 2007
1154 9 2 6 1 145 865 970 2494 2843 2903
1155 9 2 6 1 615 550 974 2231 3043 3044
1156 9 2 6 1 769 830 831 2315 3045 2138
1157 9 2 6 1 1005 1001 1033 3046 2404 3047
1158 9 2 6 1 413 428 990 3048 1872 3049
1159 9 2 6 1 885 886 1003 2754 3050 3051
1160 9 2 6 1 768 765 1009 2687 3052 3053
1161 9 2 6 1 1004 987 1070 2579 3054 3055
1162 9 2 6 1 534 602 603 3056 1301 3057
1163 9 2 6 1 37 311 344 313 3058 3059
1164 9 2 6 1 334 827 1074 2252 3060 2233
1165 9 2 6 1 664 548 1023 3061 3062 3063
1166 9 2 6 1 554 553 555 3064 2255 3065
1167 9 2 6 1 417 418 939 3066 3067 3068
1168 9 2 6 1 418 423 939 2960 2907 3067
1169 9 2 6 1 858 959 1154 1317 3069 2585
1170 9 2 6 1 744 841 1136 2888 3070 2845
1171 9 2 6 1 24 335 1169 1694 2378 3071
1172 9 2 6 1 750 746 752 1933 2166 2988
1173 9 2 6 1 255 12 871 256 3072 3073
1174 9 2 6 1 643 641 644 3074 2128 3075
1175 9 2 6 1 992 603 1013 3076 2479 3077
1176 9 2 6 1 534 535 602 2987 3011 3056
1177 9 2 6 1 550 549 660 2596 3078 3079
1178 9 2 6 1 499 497 500 3080 3081 3082
1179 9 2 6 1 36 308 953 310 3083 3084
1180 9 2 6 1 602 611 677 3012 3085 1425
1181 9 2 6 1 525 522 989 3086 3087 3088
1182 9 2 6 1 818 932 977 2291 3089 2242
1183 9 2 6 1 762 766 1187 1798 3090 1661
1184 9 2 6 1 806 805 1122 2066 2274 3091
1185 9 2 6 1 632 613 935 3092 2557 3093
1186 9 2 6 1 936 1005 1078 2332 3094 3095
1187 9 2 6 1 660 661 705 3096 3097 3098
1188 9 2 6 1 523 525 527 3099 3100 2488
1189 9 2 6 1 479 478 480 3101 1972 3102
1190 9 2 6 1 530 514 531 3103 2012 1507
1191 9 2 6 1 380 131 1058 2537 3104 1983
1192 9 2 6 1 696 634 697 3105 2495 3106
1193 9 2 6 1 126 387 975 2548 1255 2925
1194 9 2 6 1 659 607 994 3107 3033 3108
1195 9 2 6 1 422 449 950 2965 3109 3110
1196 9 2 6 1 696 697 698 3106 3038 1281
1197 9 2 6 1 529 517 556 3111 3112 3113
1198 9 2 6 1 578 580 581 2104 2484 3114
1199 9 2 6 1 570 572 573 2163 2604 3115
1200 9 2 6 1 424 422 950 3007 3110 3017
1201 9 2 6 1 527 525 534 3100 2985 3116
1202 9 2 6 1 416 413 990 3117 3049 3118
1203 9 2 6 1 519 520 521 3119 3120 2447
1204 9 2 6 1 481 480 482 3121 2040 3122
1205 9 2 6 1 551 668 687 3123 3124 3125
1206 9 2 6 1 939 700 1189 1277 3126 3127
1207 9 2 6 1 873 358 1025 2504 2873 3128
1208 9 2 6 1 739 738 827 2938 3129 3130
1209 9 2 6 1 394 396 848 3131 2384 2863
1210 9 2 6 1 510 511 513 2362 2700 3132
1211 9 2 6 1 809 385 1140 2087 3133 3134
1212 9 2 6 1 976 335 1035 2376 2002 1745
1213 9 2 6 1 905 475 1072 2535 3135 3136
1214 9 2 6 1 132 390 1058 2556 1664 3137
1215 9 2 6 1 633 632 634 3138 3139 3140
1216 9 2 6 1 868 866 1013 2467 3141 2478
1217 9 2 6 1 736 735 738 2933 3142 2937
1218 9 2 6 1 494 495 496 2472 2492 3143
1219 9 2 6 1 394 395 396 3144 3145 3131
1220 9 2 6 1 417 416 418 3146 2975 3066
1221 9 2 6 1 996 719 1073 3147 3148 3149
1222 9 2 6 1 317 38 343 318 3150 3151
1223 9 2 6 1 650 649 1099 3152 3153 3154
1224 9 2 6 1 937 11 954 2480 3155 2113
1225 9 2 6 1 614 613 632 3156 3092 3157
1226 9 2 6 1 308 35 345 309 3158 3159
1227 9 2 6 1 574 576 577 2150 2541 3160
1228 9 2 6 1 1063 1080 1087 3161 3162 2317
1229 9 2 6 1 628 592 1001 2515 2640 3163
1230 9 2 6 1 655 473 657 2523 3164 3165
1231 9 2 6 1 370 817 1034 2118 2110 1956
1232 9 2 6 1 449 470 950 3005 2927 3109
1233 9 2 6 1 258 13 366 259 3166 3167
1234 9 2 6 1 781 782 783 3168 3169 2146
1235 9 2 6 1 661 992 1013 3170 3077 3171
1236 9 2 6 1 607 556 675 3172 2723 3031
1237 9 2 6 1 226 357 1048 2672 2436 3173
1238 9 2 6 1 389 225 1048 2675 3174 1364
1239 9 2 6 1 899 346 1029 1794 3175 3176
1240 9 2 6 1 523 522 525 3177 3086 3099
1241 9 2 6 1 521 522 523 3178 3177 1987
1242 9 2 6 1 1184 878 1191 3179 3180 3181
1243 9 2 6 1 519 518 520 2981 3182 3119
1244 9 2 6 1 926 30 983 2319 3183 3184
1245 9 2 6 1 261 14 965 262 3185 3186
1246 9 2 6 1 224 389 981 2676 1259 2940
1247 9 2 6 1 522 524 989 3187 2159 3087
1248 9 2 6 1 1002 1084 1215 3188 3189 3190
1249 9 2 6 1 246 9 476 247 1359 3191
1250 9 2 6 1 17 267 367 269 3192 3193
1251 9 2 6 1 536 558 605 3194 3195 2972
1252 9 2 6 1 911 913 1057 2623 2880 3196
1253 9 2 6 1 633 634 696 3140 3105 3197
1254 9 2 6 1 693 560 704 3198 2257 2549
1255 9 2 6 1 413 411 428 3199 3200 3048
1256 9 2 6 1 903 889 985 2685 2948 2944
1257 9 2 6 1 614 632 633 3157 3138 3201
1258 9 2 6 1 660 549 661 3078 3202 3096
1259 9 2 6 1 546 545 547 3203 2279 3204
1260 9 2 6 1 415 416 417 3205 3146 3206
1261 9 2 6 1 614 633 635 3201 3207 3208
1262 9 2 6 1 816 733 972 1921 2296 2063
1263 9 2 6 1 354 912 1212 2568 3209 3210
1264 9 2 6 1 537 516 678 3211 3212 2324
1265 9 2 6 1 658 659 685 3213 3214 3215
1266 9 2 6 1 851 353 999 2221 2891 3216
1267 9 2 6 1 611 619 957 2968 3217 3218
1268 9 2 6 1 847 811 1011 2263 1932 2322
1269 9 2 6 1 509 517 518 3219 3220 2980
1270 9 2 6 1 675 676 679 2724 2894 3221
1271 9 2 6 1 783 784 785 3222 3223 2153
1272 9 2 6 1 734 732 735 2363 3224 2932
1273 9 2 6 1 617 692 828 3225 3226 3227
1274 9 2 6 1 521 520 522 3120 3228 3178
1275 9 2 6 1 34 302 349 304 3229 3230
1276 9 2 6 1 907 373 1072 2627 3231 3232
1277 9 2 6 1 673 823 1141 2918 3233 3234
1278 9 2 6 1 522 520 524 3228 3235 3187
1279 9 2 6 1 904 905 1072 2646 3136 3236
1280 9 2 6 1 591 593 671 3237 3238 3239
1281 9 2 6 1 846 750 1067 1970 3240 3241
1282 9 2 6 1 340 26 716 1986 3242 3243
1283 9 2 6 1 41 323 672 325 3244 1503
1284 9 2 6 1 913 355 1206 2613 3245 2955
1285 9 2 6 1 685 659 711 3214 3028 2281
1286 9 2 6 1 649 652 1099 3246 1856 3153
1287 9 2 6 1 588 589 590 2293 2398 3247
1288 9 2 6 1 1084 727 1215 3248 3249 3189
1289 9 2 6 1 314 37 977 315 3250 3251
1290 9 2 6 1 320 39 952 321 3252 3253
1291 9 2 6 1 409 406 420 3254 3255 3256
1292 9 2 6 1 399 400 401 3257 3258 2247
1293 9 2 6 1 529 607 658 3259 3260 3261
1294 9 2 6 1 766 1087 1187 2175 3262 3090
1295 9 2 6 1 677 611 957 3085 3218 1292
1296 9 2 6 1 51 52 1029 91 1658 3263
1297 9 2 6 1 506 508 509 3264 3265 2921
1298 9 2 6 1 459 681 1081 2694 2144 3266
1299 9 2 6 1 852 698 1020 1733 3267 3026
1300 9 2 6 1 557 1060 1151 1576 3268 3269
1301 9 2 6 1 393 356 458 2876 2176 3270
1302 9 2 6 1 624 599 976 3271 3010 1688
1303 9 2 6 1 16 264 378 266 3272 3273
1304 9 2 6 1 1060 650 1099 2145 3154 3274
1305 9 2 6 1 452 451 1081 2712 3275 1981
1306 9 2 6 1 529 556 607 3113 3172 3259
1307 9 2 6 1 19 273 1031 275 3276 3277
1308 9 2 6 1 501 505 506 3278 3279 2068
1309 9 2 6 1 667 464 1064 2761 3280 1711
1310 9 2 6 1 1006 637 1115 2951 3281 3282
1311 9 2 6 1 50 346 1086 2671 1433 3283
1312 9 2 6 1 384 49 1086 2673 3284 3027
1313 9 2 6 1 593 592 613 3285 2514 3286
1314 9 2 6 1 508 505 515 3287 3288 3289
1315 9 2 6 1 844 428 1070 1870 3290 3291
1316 9 2 6 1 540 539 541 3292 2267 3293
1317 9 2 6 1 1116 376 1214 2942 3294 3295
1318 9 2 6 1 775 776 777 3296 3297 2228
1319 9 2 6 1 415 413 416 3298 3117 3205
1320 9 2 6 1 943 420 1037 2071 3299 3300
1321 9 2 6 1 305 34 979 306 3301 3302
1322 9 2 6 1 20 360 815 2834 3303 3304
1323 9 2 6 1 663 548 664 3305 3061 1600
1324 9 2 6 1 912 951 1212 3306 3307 3209
1325 9 2 6 1 276 19 942 277 3308 3309
1326 9 2 6 1 593 613 614 3286 3156 3310
1327 9 2 6 1 583 582 584 3311 3022 3312
1328 9 2 6 1 311 36 982 312 3313 3314
1329 9 2 6 1 412 413 415 3315 3298 2911
1330 9 2 6 1 501 500 503 3316 2308 3317
1331 9 2 6 1 658 607 659 3260 3107 3213
1332 9 2 6 1 48 384 1094 2674 2544 3318
1333 9 2 6 1 551 687 1026 3125 3319 3320
1334 9 2 6 1 976 379 1169 3009 3321 2377
1335 9 2 6 1 932 343 1133 3019 3322 3323
1336 9 2 6 1 442 444 1088 2739 1429 3324
1337 9 2 6 1 11 249 954 251 3325 3155
1338 9 2 6 1 496 497 499 2493 3080 3326
1339 9 2 6 1 14 258 959 260 3327 3328
1340 9 2 6 1 555 562 563 2411 2930 3329
1341 9 2 6 1 898 900 1028 2334 1491 3330
1342 9 2 6 1 581 582 583 2485 3311 3331
1343 9 2 6 1 52 53 1107 92 3332 1659
1344 9 2 6 1 535 525 989 2986 3088 2994
1345 9 2 6 1 680 676 1024 2895 1761 3333
1346 9 2 6 1 736 739 987 2939 3334 2577
1347 9 2 6 1 18 270 1041 272 3335 3336
1348 9 2 6 1 264 15 969 265 3337 3338
1349 9 2 6 1 666 1158 1166 3339 1937 3340
1350 9 2 6 1 831 830 1106 3045 3341 2388
1351 9 2 6 1 534 603 992 3057 3076 3342
1352 9 2 6 1 509 508 517 3265 3343 3219
1353 9 2 6 1 267 16 961 268 3344 3345
1354 9 2 6 1 366 13 855 3166 2633 3346
1355 9 2 6 1 355 909 1120 2592 3347 3348
1356 9 2 6 1 484 482 485 3349 2028 3350
1357 9 2 6 1 518 517 529 3220 3111 3351
1358 9 2 6 1 1070 739 1127 3352 3353 3354
1359 9 2 6 1 421 416 990 2976 3118 2881
1360 9 2 6 1 720 719 996 2301 3147 3355
1361 9 2 6 1 12 252 362 254 3356 3357
1362 9 2 6 1 925 885 1003 2766 3051 3041
1363 9 2 6 1 15 261 369 263 3358 3359
1364 9 2 6 1 471 469 978 2978 2181 2218
1365 9 2 6 1 476 477 627 1752 3360 3361
1366 9 2 6 1 1085 150 1186 3013 2364 3362
1367 9 2 6 1 933 657 1205 2539 3363 3364
1368 9 2 6 1 631 616 974 3365 3366 3367
1369 9 2 6 1 974 616 988 3366 2434 3368
1370 9 2 6 1 1027 684 1155 3042 3369 3370
1371 9 2 6 1 573 574 924 2605 3371 1394
1372 9 2 6 1 771 772 773 3372 3373 2271
1373 9 2 6 1 864 1020 1178 2424 3374 3375
1374 9 2 6 1 457 923 991 2823 2967 3015
1375 9 2 6 1 133 3 1146 143 3376 3377
1376 9 2 6 1 3 144 1146 183 3378 3376
1377 9 2 6 1 563 564 565 2931 2913 3379
1378 9 2 6 1 884 941 1121 2789 3380 1709
1379 9 2 6 1 857 671 1153 2996 3381 3382
1380 9 2 6 1 84 2 1147 124 3383 3384
1381 9 2 6 1 2 125 1147 134 3385 3383
1382 9 2 6 1 917 391 1148 2653 3386 1914
1383 9 2 6 1 82 83 1006 122 2952 2772
1384 9 2 6 1 231 1 1148 241 3387 3388
1385 9 2 6 1 182 4 1149 222 3389 3390
1386 9 2 6 1 4 223 1149 232 3391 3389
1387 9 2 6 1 1 46 1148 85 1915 3387
1388 9 2 6 1 808 659 994 3029 3108 2216
1389 9 2 6 1 893 890 1167 2602 3392 2051
1390 9 2 6 1 302 33 1022 303 3393 3394
1391 9 2 6 1 31 293 351 295 3395 3396
1392 9 2 6 1 273 18 365 274 3397 3398
1393 9 2 6 1 270 17 845 271 3399 3400
1394 9 2 6 1 513 514 530 2702 3103 3401
1395 9 2 6 1 565 566 567 2914 2949 3402
1396 9 2 6 1 549 527 992 2935 3403 3404
1397 9 2 6 1 895 898 1028 2678 3330 2392
1398 9 2 6 1 630 559 695 1749 1962 2052
1399 9 2 6 1 772 768 1009 3405 3053 3406
1400 9 2 6 1 673 674 875 3407 2030 2919
1401 9 2 6 1 738 735 860 3142 3408 3409
1402 9 2 6 1 591 590 592 3410 2639 3411
1403 9 2 6 1 585 584 586 3412 2194 3413
1404 9 2 6 1 734 943 1190 2851 3414 2469
1405 9 2 6 1 568 570 955 2304 3415 3416
1406 9 2 6 1 348 863 1027 2450 2961 3417
1407 9 2 6 1 501 503 505 3317 3418 3278
1408 9 2 6 1 620 920 1150 2865 2352 3419
1409 9 2 6 1 381 741 1170 1732 3420 1602
1410 9 2 6 1 460 461 1163 2699 2417 3421
1411 9 2 6 1 506 505 508 3279 3287 3264
1412 9 2 6 1 410 936 1078 1618 3095 3422
1413 9 2 6 1 649 648 651 3423 2431 3424
1414 9 2 6 1 527 534 992 3116 3342 3403
1415 9 2 6 1 605 1184 1191 3425 3181 3426
1416 9 2 6 1 567 568 601 2950 3427 3428
1417 9 2 6 1 574 577 924 3160 1705 3371
1418 9 2 6 1 547 553 554 2518 3064 3429
1419 9 2 6 1 942 19 1031 3308 3277 3430
1420 9 2 6 1 725 724 1209 1863 3431 3432
1421 9 2 6 1 410 411 412 3433 3434 1617
1422 9 2 6 1 412 411 413 3434 3199 3315
1423 9 2 6 1 78 1071 1156 2999 3435 3436
1424 9 2 6 1 619 669 1025 3002 3437 3438
1425 9 2 6 1 615 988 1196 3439 3440 1975
1426 9 2 6 1 394 393 395 2452 3441 3144
1427 9 2 6 1 1003 886 1120 3050 3442 3443
1428 9 2 6 1 396 397 398 3444 3445 2905
1429 9 2 6 1 404 435 1037 3446 3447 3448
1430 9 2 6 1 637 975 1115 3449 1256 3281
1431 9 2 6 1 737 816 1098 1922 2837 3450
1432 9 2 6 1 159 826 1066 1965 3451 3037
1433 9 2 6 1 556 517 1000 3112 3452 2346
1434 9 2 6 1 631 974 1042 3367 3453 3454
1435 9 2 6 1 645 996 1073 3455 3149 3456
1436 9 2 6 1 474 991 1083 3016 3457 3458
1437 9 2 6 1 1103 341 1141 2546 3459 2418
1438 9 2 6 1 661 549 992 3202 3404 3170
1439 9 2 6 1 406 404 1037 3460 3448 3461
1440 9 2 6 1 646 648 649 2172 3423 3462
1441 9 2 6 1 591 592 593 3411 3285 3237
1442 9 2 6 1 974 550 1042 3043 3463 3453
1443 9 2 6 1 290 29 352 291 3464 3465
1444 9 2 6 1 399 398 400 2906 3466 3257
1445 9 2 6 1 632 935 1062 3093 2963 3467
1446 9 2 6 1 499 500 501 3082 3316 2107
1447 9 2 6 1 346 51 1029 2670 3263 3175
1448 9 2 6 1 870 677 1138 1426 1793 1674
1449 9 2 6 1 503 510 967 2634 3468 3469
1450 9 2 6 1 79 331 1071 2171 3470 2998
1451 9 2 6 1 407 409 410 3471 3472 3473
1452 9 2 6 1 21 279 993 281 3474 1874
1453 9 2 6 1 410 409 411 3472 3475 3433
1454 9 2 6 1 673 672 674 2076 3476 3407
1455 9 2 6 1 652 918 1143 3477 3478 2463
1456 9 2 6 1 487 488 489 2366 3479 3480
1457 9 2 6 1 856 774 1030 2161 3481 2892
1458 9 2 6 1 489 488 490 3479 2148 3482
1459 9 2 6 1 39 879 952 2842 3483 3252
1460 9 2 6 1 401 402 403 3484 3485 2318
1461 9 2 6 1 845 835 1041 1398 1494 3486
1462 9 2 6 1 617 616 631 3487 3365 3488
1463 9 2 6 1 625 1007 1061 3489 3490 3491
1464 9 2 6 1 323 40 963 324 3492 3493
1465 9 2 6 1 840 839 1082 2060 3494 2355
1466 9 2 6 1 514 511 1130 2701 2421 2457
1467 9 2 6 1 10 246 958 248 3495 3496
1468 9 2 6 1 405 406 407 3497 3498 2855
1469 9 2 6 1 855 255 871 2632 3073 1340
1470 9 2 6 1 317 343 879 3151 3499 2841
1471 9 2 6 1 30 290 983 292 3500 3183
1472 9 2 6 1 612 875 1159 2380 2032 2797
1473 9 2 6 1 12 362 871 3357 3501 3072
1474 9 2 6 1 515 505 967 3288 3502 3503
1475 9 2 6 1 802 1006 1115 1947 3282 3504
1476 9 2 6 1 408 407 1078 2856 3505 3506
1477 9 2 6 1 1159 674 1173 2031 3507 3508
1478 9 2 6 1 601 568 955 3427 3416 3509
1479 9 2 6 1 765 764 1009 2249 3510 3052
1480 9 2 6 1 710 979 998 3511 3512 1949
1481 9 2 6 1 468 951 1121 2909 3513 3514
1482 9 2 6 1 543 545 546 2775 3203 3515
1483 9 2 6 1 407 406 409 3498 3254 3471
1484 9 2 6 1 477 478 479 2402 3101 3516
1485 9 2 6 1 551 560 668 3517 3518 3123
1486 9 2 6 1 585 586 610 3413 3519 3520
1487 9 2 6 1 17 367 845 3193 1314 3399
1488 9 2 6 1 615 974 988 3044 3368 3439
1489 9 2 6 1 570 573 955 3115 1431 3415
1490 9 2 6 1 760 375 1180 1687 1680 3521
1491 9 2 6 1 546 547 956 3204 3522 3523
1492 9 2 6 1 428 411 1004 3200 3524 3525
1493 9 2 6 1 1030 774 1154 3481 2586 3526
1494 9 2 6 1 14 959 965 3328 1319 3185
1495 9 2 6 1 1046 605 1191 2973 3426 3527
1496 9 2 6 1 401 400 402 3258 3528 3484
1497 9 2 6 1 703 688 1151 1569 3529 3530
1498 9 2 6 1 520 518 980 3182 3531 3532
1499 9 2 6 1 781 779 782 2425 3533 3168
1500 9 2 6 1 279 20 815 280 3304 3534
1501 9 2 6 1 308 345 953 3159 3535 3083
1502 9 2 6 1 678 516 1049 3212 3536 2049
1503 9 2 6 1 365 18 1041 3397 3336 1493
1504 9 2 6 1 617 631 692 3488 3537 3225
1505 9 2 6 1 338 10 958 2945 3496 3538
1506 9 2 6 1 16 378 961 3273 1371 3344
1507 9 2 6 1 513 530 551 3401 3539 3540
1508 9 2 6 1 1005 408 1078 3541 3506 3094
1509 9 2 6 1 623 599 624 3542 3271 3543
1510 9 2 6 1 902 899 1029 2564 3176 1828
1511 9 2 6 1 540 548 621 3544 3545 3546
1512 9 2 6 1 31 351 944 3396 1764 3000
1513 9 2 6 1 403 404 405 3547 3548 2437
1514 9 2 6 1 469 844 1127 2382 3549 2182
1515 9 2 6 1 698 699 1020 3039 3550 3267
1516 9 2 6 1 828 859 1199 2199 3551 3552
1517 9 2 6 1 624 1002 1215 1238 3190 3553
1518 9 2 6 1 351 293 926 3395 2320 3554
1519 9 2 6 1 751 942 1031 2762 3430 3555
1520 9 2 6 1 922 884 1057 2773 1708 2879
1521 9 2 6 1 617 828 1199 3227 3552 3556
1522 9 2 6 1 540 541 548 3293 3557 3544
1523 9 2 6 1 404 402 435 3558 3559 3446
1524 9 2 6 1 480 595 1213 1973 3560 2041
1525 9 2 6 1 668 560 693 3518 3198 3561
1526 9 2 6 1 494 496 498 3143 3562 3563
1527 9 2 6 1 951 912 1121 3306 1754 3513
1528 9 2 6 1 563 565 636 3379 3564 3565
1529 9 2 6 1 880 343 1208 3566 3021 1582
1530 9 2 6 1 929 78 1156 2703 3436 2520
1531 9 2 6 1 551 530 560 3539 1466 3517
1532 9 2 6 1 687 1024 1174 3567 2165 3568
1533 9 2 6 1 405 404 406 3548 3460 3497
1534 9 2 6 1 881 1062 1128 3036 3569 3570
1535 9 2 6 1 524 520 980 3235 3532 3571
1536 9 2 6 1 775 773 776 2638 3572 3296
1537 9 2 6 1 505 503 967 3418 3469 3502
1538 9 2 6 1 844 1070 1127 3291 3354 3549
1539 9 2 6 1 344 311 982 3058 3314 3573
1540 9 2 6 1 567 601 800 3428 2192 3574
1541 9 2 6 1 1024 687 1056 3567 3575 3576
1542 9 2 6 1 491 490 492 3577 1963 3578
1543 9 2 6 1 962 821 1010 2752 1377 2298
1544 9 2 6 1 493 492 494 3579 2471 3580
1545 9 2 6 1 529 658 980 3261 3581 3582
1546 9 2 6 1 428 1004 1070 3525 3055 3290
1547 9 2 6 1 518 529 980 3351 3582 3531
1548 9 2 6 1 585 610 694 3520 3583 3584
1549 9 2 6 1 582 594 1157 1888 3585 3023
1550 9 2 6 1 15 369 969 3359 1295 3337
1551 9 2 6 1 901 902 1039 2565 2119 2767
1552 9 2 6 1 147 148 1036 187 2441 2849
1553 9 2 6 1 1160 971 1205 3586 3587 3588
1554 9 2 6 1 815 360 846 3303 3589 3590
1555 9 2 6 1 997 996 1059 3591 3592 1560
1556 9 2 6 1 635 857 1153 1920 3382 3593
1557 9 2 6 1 830 1102 1106 1848 2992 3341
1558 9 2 6 1 547 554 956 3429 2084 3522
1559 9 2 6 1 37 344 977 3059 2243 3250
1560 9 2 6 1 362 252 937 3356 2481 3594
1561 9 2 6 1 36 953 982 3084 2185 3313
1562 9 2 6 1 558 616 617 3595 3487 3596
1563 9 2 6 1 771 768 772 2804 3405 3372
1564 9 2 6 1 879 343 880 3499 3566 3597
1565 9 2 6 1 558 537 616 3598 2433 3595
1566 9 2 6 1 690 934 1039 2862 2768 3599
1567 9 2 6 1 1073 719 1197 3148 1550 3600
1568 9 2 6 1 533 539 540 2936 3292 3601
1569 9 2 6 1 497 557 1198 1911 3602 3603
1570 9 2 6 1 481 482 484 3122 3349 3604
1571 9 2 6 1 783 782 784 3169 3605 3222
1572 9 2 6 1 583 584 585 3312 3412 3606
1573 9 2 6 1 508 515 1000 3289 1476 3607
1574 9 2 6 1 823 691 1141 2983 2419 3233
1575 9 2 6 1 996 645 1059 3455 3608 3592
1576 9 2 6 1 957 619 1025 3217 3438 2872
1577 9 2 6 1 955 812 1139 1430 3609 3610
1578 9 2 6 1 694 610 757 3583 3611 1523
1579 9 2 6 1 397 395 414 3612 3613 3614
1580 9 2 6 1 654 655 656 2524 3615 2260
1581 9 2 6 1 517 508 1000 3343 3607 3452
1582 9 2 6 1 479 480 481 3102 3121 3616
1583 9 2 6 1 588 590 591 3247 3410 3617
1584 9 2 6 1 859 605 1199 3618 3619 3551
1585 9 2 6 1 926 983 1123 3184 3620 3621
1586 9 2 6 1 621 663 968 3622 3623 1788
1587 9 2 6 1 785 784 826 3223 3624 3625
1588 9 2 6 1 403 402 404 3485 3558 3547
1589 9 2 6 1 908 1003 1120 2098 3443 3626
1590 9 2 6 1 862 1096 1185 2180 3627 2770
1591 9 2 6 1 621 548 663 3545 3305 3622
1592 9 2 6 1 415 417 1128 3206 3628 3629
1593 9 2 6 1 350 32 1105 2916 3630 1591
1594 9 2 6 1 35 305 1055 307 3631 3632
1595 9 2 6 1 33 299 1054 301 3633 3634
1596 9 2 6 1 409 420 1004 3256 2580 3635
1597 9 2 6 1 763 876 878 2385 3636 3637
1598 9 2 6 1 225 226 1048 235 3173 3174
1599 9 2 6 1 360 276 942 2833 3309 3638
1600 9 2 6 1 822 837 1091 1931 2534 2106
1601 9 2 6 1 660 705 1097 3098 1669 3639
1602 9 2 6 1 877 507 1125 2396 3640 3641
1603 9 2 6 1 871 362 1008 3501 3642 1469
1604 9 2 6 1 34 349 979 3230 3643 3301
1605 9 2 6 1 335 23 966 1693 1367 2000
1606 9 2 6 1 773 772 973 3373 3644 3645
1607 9 2 6 1 70 372 1114 2262 2454 2755
1608 9 2 6 1 476 627 958 3361 3646 3647
1609 9 2 6 1 701 42 1103 1767 2547 3648
1610 9 2 6 1 489 490 491 3482 3577 3649
1611 9 2 6 1 977 932 1133 3089 3323 3650
1612 9 2 6 1 479 481 483 3616 3651 3652
1613 9 2 6 1 40 342 963 2924 3653 3492
1614 9 2 6 1 349 302 1022 3229 3394 3654
1615 9 2 6 1 827 738 1074 3129 3655 3060
1616 9 2 6 1 491 492 493 3578 3579 3656
1617 9 2 6 1 485 487 507 2328 3657 3658
1618 9 2 6 1 784 782 986 3605 3659 3660
1619 9 2 6 1 491 493 512 3656 3661 3662
1620 9 2 6 1 732 364 1019 2103 2202 3663
1621 9 2 6 1 396 395 397 3145 3612 3444
1622 9 2 6 1 526 832 1015 1955 2781 1730
1623 9 2 6 1 348 1027 1155 3417 3370 3664
1624 9 2 6 1 342 320 952 2923 3253 3665
1625 9 2 6 1 332 149 1085 2269 3014 3666
1626 9 2 6 1 853 639 949 1979 1748 2204
1627 9 2 6 1 605 859 1184 3618 3667 3425
1628 9 2 6 1 299 350 1054 2917 3668 3633
1629 9 2 6 1 912 911 1057 2567 3196 1753
1630 9 2 6 1 715 713 853 1458 3669 2203
1631 9 2 6 1 917 47 1094 1676 3670 3671
1632 9 2 6 1 536 516 537 3672 3211 3673
1633 9 2 6 1 536 537 558 3673 3598 3194
1634 9 2 6 1 420 406 1037 3255 3461 3299
1635 9 2 6 1 1011 577 1126 1706 3674 3675
1636 9 2 6 1 1010 554 1101 2085 3676 2343
1637 9 2 6 1 398 397 425 3445 3677 3678
1638 9 2 6 1 258 366 959 3167 3679 3327
1639 9 2 6 1 467 471 1168 2979 2265 3680
1640 9 2 6 1 131 132 1058 141 3137 3104
1641 9 2 6 1 577 578 1126 2542 3681 3674
1642 9 2 6 1 635 633 1069 3207 3682 2995
1643 9 2 6 1 614 635 1153 3208 3593 3683
1644 9 2 6 1 411 409 1004 3475 3635 3524
1645 9 2 6 1 836 742 1047 1360 1411 2288
1646 9 2 6 1 591 671 1051 3239 3684 3685
1647 9 2 6 1 979 349 998 3643 3686 3512
1648 9 2 6 1 554 555 1101 3065 3687 3676
1649 9 2 6 1 841 748 1171 2528 3688 3689
1650 9 2 6 1 367 267 961 3192 3345 3690
1651 9 2 6 1 369 261 965 3358 3186 3691
1652 9 2 6 1 1128 417 1189 3628 3692 3693
1653 9 2 6 1 642 641 643 3694 3074 3695
1654 9 2 6 1 378 264 969 3272 3338 1342
1655 9 2 6 1 249 338 954 2946 2010 3325
1656 9 2 6 1 550 660 1042 3079 3696 3463
1657 9 2 6 1 586 588 1051 2869 3697 3698
1658 9 2 6 1 464 690 1064 2780 3699 3280
1659 9 2 6 1 342 952 1007 3665 3700 3701
1660 9 2 6 1 5 715 949 3702 2205 3703
1661 9 2 6 1 581 583 604 3331 3704 3705
1662 9 2 6 1 999 474 1083 1631 3458 3706
1663 9 2 6 1 960 840 1109 2335 2134 3707
1664 9 2 6 1 872 380 1138 2507 1675 1792
1665 9 2 6 1 345 35 1055 3158 3632 1226
1666 9 2 6 1 246 476 958 3191 3647 3495
1667 9 2 6 1 340 971 1160 3708 3586 1958
1668 9 2 6 1 512 516 536 3709 3672 3710
1669 9 2 6 1 25 24 379 285 3711 3712
1670 9 2 6 1 953 345 1182 3535 1300 3713
1671 9 2 6 1 305 979 1055 3302 3714 3631
1672 9 2 6 1 500 497 1198 3081 3603 2111
1673 9 2 6 1 735 732 1019 3224 3663 3715
1674 9 2 6 1 373 904 1072 2667 3236 3231
1675 9 2 6 1 1025 669 1112 3437 3716 3717
1676 9 2 6 1 655 657 666 3165 2538 3718
1677 9 2 6 1 589 597 1092 1775 3719 2399
1678 9 2 6 1 656 1076 1077 3720 3721 3722
1679 9 2 6 1 499 960 1109 2108 3707 3723
1680 9 2 6 1 672 323 963 3244 3493 3724
1681 9 2 6 1 548 541 1023 3557 3725 3062
1682 9 2 6 1 512 493 516 3661 3726 3709
1683 9 2 6 1 388 986 1017 1613 3727 3728
1684 9 2 6 1 987 739 1070 3334 3352 3054
1685 9 2 6 1 1022 33 1054 3393 3634 3729
1686 9 2 6 1 907 1072 1163 3232 3730 2416
1687 9 2 6 1 658 685 1119 3215 2500 3731
1688 9 2 6 1 860 735 1019 3408 3715 1355
1689 9 2 6 1 731 737 1195 1815 2225 2081
1690 9 2 6 1 628 1001 1005 3163 3046 2331
1691 9 2 6 1 314 977 1133 3251 3650 3732
1692 9 2 6 1 588 591 1051 3617 3685 3697
1693 9 2 6 1 776 773 973 3572 3645 1545
1694 9 2 6 1 920 524 1119 2157 3733 2499
1695 9 2 6 1 502 720 729 2302 3734 2365
1696 9 2 6 1 1080 789 1087 2574 3735 3162
1697 9 2 6 1 779 777 1017 2486 3736 3737
1698 9 2 6 1 983 984 1123 3738 1623 3620
1699 9 2 6 1 343 38 1133 3150 3739 3322
1700 9 2 6 1 634 632 1062 3139 3467 3035
1701 9 2 6 1 451 459 1081 2719 3266 3275
1702 9 2 6 1 270 845 1041 3400 3486 3335
1703 9 2 6 1 541 543 1023 2628 3740 3725
1704 9 2 6 1 674 672 963 3476 3724 3741
1705 9 2 6 1 510 513 1026 3132 3742 3743
1706 9 2 6 1 273 365 1031 3398 3744 3276
1707 9 2 6 1 755 727 1084 3745 3248 1938
1708 9 2 6 1 625 1061 1129 3491 3746 3747
1709 9 2 6 1 408 1005 1033 3541 3047 2387
1710 9 2 6 1 368 854 1181 2375 2578 3748
1711 9 2 6 1 664 1032 1034 3749 1777 1601
1712 9 2 6 1 667 915 1155 1549 3750 3751
1713 9 2 6 1 633 696 1069 3197 1421 3682
1714 9 2 6 1 458 993 1207 2177 3752 3753
1715 9 2 6 1 513 551 1026 3540 3320 3742
1716 9 2 6 1 49 50 1086 89 3283 3284
1717 9 2 6 1 387 873 1112 2462 3754 2531
1718 9 2 6 1 604 1011 1126 2323 3675 3755
1719 9 2 6 1 608 823 1203 2984 3756 3757
1720 9 2 6 1 355 1120 1206 3348 3758 3245
1721 9 2 6 1 1060 703 1151 3759 3530 3268
1722 9 2 6 1 400 398 1014 3466 3760 3761
1723 9 2 6 1 823 706 1203 2969 2048 3756
1724 9 2 6 1 967 510 1026 3468 3743 3762
1725 9 2 6 1 369 965 1044 3691 1413 1640
1726 9 2 6 1 687 668 1056 3124 3763 3575
1727 9 2 6 1 366 855 1030 3346 2893 3764
1728 9 2 6 1 453 442 1088 2745 3324 1518
1729 9 2 6 1 47 48 1094 87 3318 3670
1730 9 2 6 1 896 917 1094 2684 3671 2543
1731 9 2 6 1 929 680 1200 2519 3765 3766
1732 9 2 6 1 671 593 1153 3238 3767 3381
1733 9 2 6 1 645 644 646 3768 2246 3769
1734 9 2 6 1 876 877 1191 2397 3770 3771
1735 9 2 6 1 754 727 755 3772 3745 3773
1736 9 2 6 1 296 944 1105 3001 3774 3775
1737 9 2 6 1 724 606 1144 1966 2748 3776
1738 9 2 6 1 841 1171 1188 3689 3777 3778
1739 9 2 6 1 682 339 683 1656 3779 3780
1740 9 2 6 1 38 314 1133 316 3732 3739
1741 9 2 6 1 494 498 1049 3563 1906 3781
1742 9 2 6 1 669 801 1112 2993 2532 3716
1743 9 2 6 1 763 878 1204 3637 3782 3783
1744 9 2 6 1 720 996 997 3355 3591 3784
1745 9 2 6 1 878 791 1204 3785 2143 3782
1746 9 2 6 1 290 352 983 3465 3786 3500
1747 9 2 6 1 785 826 1113 3625 1686 3787
1748 9 2 6 1 489 491 1045 3649 3788 3789
1749 9 2 6 1 1016 712 1118 3790 3791 3792
1750 9 2 6 1 1062 419 1128 2962 3793 3569
1751 9 2 6 1 727 623 1215 3794 3795 3249
1752 9 2 6 1 393 458 1052 3270 1769 3796
1753 9 2 6 1 859 791 1184 2303 3797 3667
1754 9 2 6 1 860 166 1192 1354 3798 3799
1755 9 2 6 1 754 755 756 3773 3800 3801
1756 9 2 6 1 388 1017 1093 3728 3802 1846
1757 9 2 6 1 610 586 1051 3519 3698 3803
1758 9 2 6 1 1107 347 1194 3804 2474 2074
1759 9 2 6 1 712 799 1118 1443 3805 3791
1760 9 2 6 1 983 352 984 3786 3806 3738
1761 9 2 6 1 32 296 1105 298 3775 3630
1762 9 2 6 1 414 395 1052 3613 3807 3808
1763 9 2 6 1 979 710 1055 3511 1227 3714
1764 9 2 6 1 53 347 1107 2669 3804 3332
1765 9 2 6 1 540 621 1161 3546 3809 3810
1766 9 2 6 1 279 815 993 3534 3811 3474
1767 9 2 6 1 543 546 1023 3515 3812 3740
1768 9 2 6 1 80 81 1116 120 2943 2409
1769 9 2 6 1 851 999 1083 3216 3706 3813
1770 9 2 6 1 643 644 645 3075 3768 3814
1771 9 2 6 1 605 558 1199 3195 3815 3619
1772 9 2 6 1 665 933 1205 2100 3364 3816
1773 9 2 6 1 544 625 1179 1897 3817 2513
1774 9 2 6 1 680 1024 1056 3333 3576 3818
1775 9 2 6 1 417 939 1189 3068 3127 3692
1776 9 2 6 1 699 940 1178 2947 3819 3820
1777 9 2 6 1 567 800 1038 3574 1514 3821
1778 9 2 6 1 782 779 1017 3533 3737 3822
1779 9 2 6 1 414 1052 1053 3808 2082 1269
1780 9 2 6 1 642 647 728 3823 3824 3825
1781 9 2 6 1 995 531 1161 1508 3826 3827
1782 9 2 6 1 662 948 1212 2201 3828 3829
1783 9 2 6 1 812 813 1139 2861 1974 3609
1784 9 2 6 1 657 473 1160 3164 1891 3830
1785 9 2 6 1 484 485 1079 3350 3831 3832
1786 9 2 6 1 144 970 1146 2904 3833 3378
1787 9 2 6 1 359 929 1200 2459 3766 3834
1788 9 2 6 1 797 953 1182 2184 3713 1833
1789 9 2 6 1 756 755 1033 3800 1787 2403
1790 9 2 6 1 407 410 1078 3473 3422 3505
1791 9 2 6 1 1013 866 1104 3141 3018 3835
1792 9 2 6 1 597 754 1092 2313 3836 3719
1793 9 2 6 1 435 402 1050 3559 3837 2807
1794 9 2 6 1 125 975 1147 2926 3838 3385
1795 9 2 6 1 991 470 1083 2928 3839 3457
1796 9 2 6 1 640 641 642 2428 3694 3840
1797 9 2 6 1 398 425 1014 3678 2124 3760
1798 9 2 6 1 684 667 1155 2561 3751 3369
1799 9 2 6 1 1136 753 1170 2853 1603 2846
1800 9 2 6 1 878 876 1191 3636 3771 3180
1801 9 2 6 1 909 908 1120 2679 3626 3347
1802 9 2 6 1 873 1025 1112 3128 3717 3754
1803 9 2 6 1 565 567 1038 3402 3821 3841
1804 9 2 6 1 223 981 1149 2941 3842 3391
1805 9 2 6 1 1140 764 1180 3843 3844 3845
1806 9 2 6 1 738 860 1074 3409 3846 3655
1807 9 2 6 1 652 651 918 3847 3848 3477
1808 9 2 6 1 951 662 1212 2957 3829 3307
1809 9 2 6 1 493 494 1049 3580 3781 3849
1810 9 2 6 1 998 724 1144 3850 3776 2860
1811 9 2 6 1 563 636 1101 3565 2344 3851
1812 9 2 6 1 636 565 1038 3564 3841 3852
1813 9 2 6 1 986 782 1017 3659 3822 3727
1814 9 2 6 1 642 643 647 3695 3853 3823
1815 9 2 6 1 723 806 1132 2067 3854 1452
1816 9 2 6 1 585 694 1165 3584 3855 3856
1817 9 2 6 1 485 507 1079 3658 1456 3831
1818 9 2 6 1 668 693 1142 3561 2021 3857
1819 9 2 6 1 750 1053 1067 2989 2083 3240
1820 9 2 6 1 705 661 1104 3097 3858 1644
1821 9 2 6 1 749 846 1177 1971 3859 2347
1822 9 2 6 1 801 802 1115 2902 3504 1220
1823 9 2 6 1 1064 690 1194 3699 3860 2473
1824 9 2 6 1 390 133 1146 2555 3377 3861
1825 9 2 6 1 941 468 1121 2858 3514 3380
1826 9 2 6 1 512 536 1046 3710 2974 3862
1827 9 2 6 1 728 647 842 3824 3863 3864
1828 9 2 6 1 637 84 1147 2572 3384 3865
1829 9 2 6 1 1017 777 1093 3736 3866 3802
1830 9 2 6 1 692 631 1068 3537 3867 3868
1831 9 2 6 1 670 620 1150 2897 3419 1263
1832 9 2 6 1 777 776 1093 3297 1682 3866
1833 9 2 6 1 166 167 1192 206 2439 3798
1834 9 2 6 1 726 727 754 3869 3772 1901
1835 9 2 6 1 646 649 650 3462 3152 3870
1836 9 2 6 1 391 231 1148 2663 3388 3386
1837 9 2 6 1 638 182 1149 2664 3390 3871
1838 9 2 6 1 516 493 1049 3726 3849 3536
1839 9 2 6 1 964 757 1210 1524 3872 2899
1840 9 2 6 1 496 499 1109 3326 3723 3873
1841 9 2 6 1 874 918 1016 2023 3874 3875
1842 9 2 6 1 661 1013 1104 3171 3835 3858
1843 9 2 6 1 1095 653 1135 1667 3876 3024
1844 9 2 6 1 834 835 1162 2239 1399 1337
1845 9 2 6 1 726 623 727 3877 3794 3869
1846 9 2 6 1 915 348 1155 2610 3664 3750
1847 9 2 6 1 971 716 1043 3878 1334 3879
1848 9 2 6 1 1171 787 1188 1385 3880 3777
1849 9 2 6 1 759 763 1204 1838 3783 1959
1850 9 2 6 1 402 400 1050 3528 3881 3837
1851 9 2 6 1 998 349 1209 3686 3882 3883
1852 9 2 6 1 881 1128 1189 3570 3693 3884
1853 9 2 6 1 491 512 1045 3662 3885 3788
1854 9 2 6 1 649 651 652 3424 3847 3246
1855 9 2 6 1 524 980 1119 3571 3886 3733
1856 9 2 6 1 703 1060 1099 3759 3274 2821
1857 9 2 6 1 621 995 1161 1446 3827 3809
1858 9 2 6 1 352 29 1075 3464 3887 3888
1859 9 2 6 1 538 608 1203 1716 3757 2728
1860 9 2 6 1 980 658 1119 3581 3731 3886
1861 9 2 6 1 657 1160 1205 3830 3588 3363
1862 9 2 6 1 879 880 1061 3597 3889 3890
1863 9 2 6 1 479 483 1202 3652 3891 3892
1864 9 2 6 1 787 785 1113 2401 3787 3893
1865 9 2 6 1 757 1090 1210 3894 3895 3872
1866 9 2 6 1 419 415 1128 2912 3629 3793
1867 9 2 6 1 988 678 1196 2325 3896 3440
1868 9 2 6 1 664 1023 1145 3063 3897 3898
1869 9 2 6 1 890 892 1167 2621 1578 3392
1870 9 2 6 1 475 460 1163 2709 3421 3899
1871 9 2 6 1 555 563 1101 3329 3851 3687
1872 9 2 6 1 994 675 1175 3032 3900 3901
1873 9 2 6 1 341 673 1141 2077 3234 3459
1874 9 2 6 1 944 804 1105 2127 1592 3774
1875 9 2 6 1 395 393 1052 3441 3796 3807
1876 9 2 6 1 631 1042 1068 3454 3902 3867
1877 9 2 6 1 1026 687 1174 3319 3568 3903
1878 9 2 6 1 1009 764 1140 3510 3843 3904
1879 9 2 6 1 683 807 874 3905 2186 3906
1880 9 2 6 1 739 827 1127 3130 2337 3353
1881 9 2 6 1 25 379 598 3712 3907 3908
1882 9 2 6 1 948 354 1212 2818 3210 3828
1883 9 2 6 1 918 630 1143 2022 2054 3478
1884 9 2 6 1 808 1116 1214 2005 3295 3909
1885 9 2 6 1 671 1090 1176 2997 3910 3911
1886 9 2 6 1 487 489 1125 3480 3912 3913
1887 9 2 6 1 397 414 1065 3614 2915 3914
1888 9 2 6 1 700 881 1189 2526 3884 3126
1889 9 2 6 1 952 879 1061 3483 3890 3915
1890 9 2 6 1 678 1082 1196 2050 3916 3896
1891 9 2 6 1 970 390 1146 1904 3861 3833
1892 9 2 6 1 546 956 1145 3523 3917 3918
1893 9 2 6 1 498 496 1109 3562 3873 2133
1894 9 2 6 1 340 716 971 3243 3878 3708
1895 9 2 6 1 45 44 682 329 1657 3919
1896 9 2 6 1 962 636 1183 2297 3920 2135
1897 9 2 6 1 975 637 1147 3449 3865 3838
1898 9 2 6 1 336 640 653 3034 3921 1400
1899 9 2 6 1 339 701 807 3922 3923 3924
1900 9 2 6 1 483 481 1063 3651 3925 2316
1901 9 2 6 1 531 533 1161 2443 3926 3826
1902 9 2 6 1 344 982 1108 3573 1821 1926
1903 9 2 6 1 622 599 623 3927 3542 3928
1904 9 2 6 1 1077 984 1110 1620 3929 3930
1905 9 2 6 1 981 638 1149 2079 3871 3842
1906 9 2 6 1 886 922 1206 2776 2956 3931
1907 9 2 6 1 784 986 1066 3660 1691 3932
1908 9 2 6 1 1007 952 1061 3700 3915 3490
1909 9 2 6 1 656 1077 1110 3722 3930 2882
1910 9 2 6 1 665 971 1043 3933 3879 3934
1911 9 2 6 1 622 623 726 3928 3877 2852
1912 9 2 6 1 598 599 622 3935 3927 1756
1913 9 2 6 1 725 1022 1054 3936 3729 3937
1914 9 2 6 1 683 874 1016 3906 3875 3938
1915 9 2 6 1 6 5 949 242 3703 1275
1916 9 2 6 1 651 712 1016 2432 3790 3939
1917 9 2 6 1 598 379 599 3907 3008 3935
1918 9 2 6 1 1012 604 1165 2558 3940 3941
1919 9 2 6 1 846 360 1177 3589 3942 3859
1920 9 2 6 1 675 679 1175 3221 3943 3900
1921 9 2 6 1 757 610 1176 3611 3944 3945
1922 9 2 6 1 826 784 1066 3624 3932 3451
1923 9 2 6 1 851 1083 1168 3813 3946 2264
1924 9 2 6 1 1008 362 1164 3642 3947 1636
1925 9 2 6 1 481 484 1063 3604 3948 3925
1926 9 2 6 1 450 945 1185 2954 2771 3949
1927 9 2 6 1 425 397 1065 3677 3914 2140
1928 9 2 6 1 507 487 1125 3657 3913 3640
1929 9 2 6 1 806 1018 1132 2390 3950 3854
1930 9 2 6 1 581 604 1126 3705 3755 3951
1931 9 2 6 1 578 581 1126 3114 3951 3681
1932 9 2 6 1 470 467 1168 3004 3680 3952
1933 9 2 6 1 971 665 1205 3933 3816 3587
1934 9 2 6 1 367 961 1091 3690 1298 2533
1935 9 2 6 1 593 614 1153 3310 3683 3767
1936 9 2 6 1 331 994 1175 2217 3901 3953
1937 9 2 6 1 400 1014 1050 3761 2491 3881
1938 9 2 6 1 645 646 1059 3769 3954 3608
1939 9 2 6 1 918 651 1016 3848 3939 3874
1940 9 2 6 1 557 1151 1198 3269 3955 3602
1941 9 2 6 1 332 1068 1097 3956 3957 1615
1942 9 2 6 1 1072 475 1163 3135 3899 3730
1943 9 2 6 1 666 933 1211 2540 2498 3958
1944 9 2 6 1 956 1032 1145 1472 3959 3917
1945 9 2 6 1 701 1103 1117 3648 2241 3960
1946 9 2 6 1 694 1012 1165 1235 3941 3855
1947 9 2 6 1 1083 470 1168 3839 3952 3946
1948 9 2 6 1 1076 819 1077 2885 2934 3721
1949 9 2 6 1 800 1040 1114 2193 2594 2453
1950 9 2 6 1 1068 332 1085 3956 3666 3961
1951 9 2 6 1 339 43 701 1678 1768 3922
1952 9 2 6 1 968 663 1172 3623 1484 3962
1953 9 2 6 1 1045 512 1046 3885 3862 3963
1954 9 2 6 1 1037 435 1190 3447 3964 3965
1955 9 2 6 1 984 352 1110 3806 3966 3929
1956 9 2 6 1 932 795 1208 2290 2300 3020
1957 9 2 6 1 45 682 799 3919 3967 3968
1958 9 2 6 1 963 342 1173 3653 3969 3970
1959 9 2 6 1 1068 1042 1097 3902 3971 3957
1960 9 2 6 1 351 926 1122 3554 3972 2273
1961 9 2 6 1 940 450 1185 1363 3949 3973
1962 9 2 6 1 877 1045 1046 3974 3963 3975
1963 9 2 6 1 791 878 1184 3785 3179 3797
1964 9 2 6 1 1090 363 1210 2405 2890 3895
1965 9 2 6 1 489 1045 1125 3789 3976 3912
1966 9 2 6 1 601 955 1139 3509 3610 1540
1967 9 2 6 1 807 701 1117 3923 3960 1563
1968 9 2 6 1 958 627 1102 3646 2990 3977
1969 9 2 6 1 1042 660 1097 3696 3639 3971
1970 9 2 6 1 1031 365 1201 3744 1252 3978
1971 9 2 6 1 604 583 1165 3704 3979 3940
1972 9 2 6 1 724 998 1209 3850 3883 3431
1973 9 2 6 1 1020 699 1178 3550 3820 3374
1974 9 2 6 1 1054 350 1134 3668 2314 3980
1975 9 2 6 1 338 958 1102 3538 3977 1415
1976 9 2 6 1 940 1096 1178 3981 3982 3819
1977 9 2 6 1 815 846 1207 3590 3983 3984
1978 9 2 6 1 435 972 1190 2806 2470 3964
1979 9 2 6 1 1067 458 1207 1770 3753 3985
1980 9 2 6 1 674 963 1173 3741 3970 3507
1981 9 2 6 1 385 1124 1140 2259 3986 3133
1982 9 2 6 1 716 26 1193 3242 3987 2089
1983 9 2 6 1 1002 447 1084 2487 2109 3188
1984 9 2 6 1 682 683 1118 3780 3988 3989
1985 9 2 6 1 1051 671 1176 3684 3911 3990
1986 9 2 6 1 484 1079 1080 3832 3991 3992
1987 9 2 6 1 754 756 1092 3801 1370 3836
1988 9 2 6 1 692 1085 1186 3993 3362 3994
1989 9 2 6 1 711 808 1214 3030 3909 3995
1990 9 2 6 1 720 997 1100 3784 2227 3996
1991 9 2 6 1 583 585 1165 3606 3856 3979
1992 9 2 6 1 1022 725 1209 3936 3432 3997
1993 9 2 6 1 610 1051 1176 3803 3990 3944
1994 9 2 6 1 1015 695 1130 2101 2413 2420
1995 9 2 6 1 692 1068 1085 3868 3961 3993
1996 9 2 6 1 967 1026 1174 3762 3903 3998
1997 9 2 6 1 352 1075 1110 3888 2883 3966
1998 9 2 6 1 26 25 1193 286 3999 3987
1999 9 2 6 1 741 744 1170 2530 2847 3420
2000 9 2 6 1 647 643 1073 3853 4000 4001
2001 9 2 6 1 828 692 1186 3226 3994 1495
2002 9 2 6 1 533 540 1161 3601 3810 3926
2003 9 2 6 1 1063 484 1080 3948 3992 3161
2004 9 2 6 1 772 1009 1124 3406 4002 4003
2005 9 2 6 1 646 650 1059 3870 1561 3954
2006 9 2 6 1 713 648 1131 2115 2174 4004
2007 9 2 6 1 973 772 1124 3644 4003 2258
2008 9 2 6 1 1122 926 1123 3972 3621 4005
2009 9 2 6 1 643 645 1073 3814 3456 4000
2010 9 2 6 1 748 834 1171 3040 1386 3688
2011 9 2 6 1 1018 579 1132 2407 1766 3950
2012 9 2 6 1 558 617 1199 3596 3556 3815
2013 9 2 6 1 728 842 1111 3864 2350 1943
2014 9 2 6 1 764 760 1180 2808 3521 3844
2015 9 2 6 1 1056 668 1142 3763 3857 4006
2016 9 2 6 1 366 1030 1154 3764 3526 4007
2017 9 2 6 1 1076 656 1166 3720 4008 1936
2018 9 2 6 1 1007 625 1159 3489 2798 4009
2019 9 2 6 1 515 967 1174 3503 3998 2164
2020 9 2 6 1 679 1071 1175 4010 4011 3943
2021 9 2 6 1 729 720 1100 3734 3996 1272
2022 9 2 6 1 342 1007 1173 3701 4012 3969
2023 9 2 6 1 642 728 1135 3825 3025 4013
2024 9 2 6 1 655 666 1166 3718 3340 4014
2025 9 2 6 1 1079 788 1080 1899 2575 3991
2026 9 2 6 1 959 366 1154 3679 4007 3069
2027 9 2 6 1 1061 880 1129 3889 1581 3746
2028 9 2 6 1 656 655 1166 3615 4014 4008
2029 9 2 6 1 360 942 1177 3638 2763 3942
2030 9 2 6 1 1023 546 1145 3812 3918 3897
2031 9 2 6 1 842 647 1197 3863 4015 1521
2032 9 2 6 1 1047 737 1098 2224 3450 2043
2033 9 2 6 1 665 1043 1137 3934 2019 2244
2034 9 2 6 1 704 968 1181 1789 4016 2550
2035 9 2 6 1 627 477 1202 3360 4017 4018
2036 9 2 6 1 809 1140 1180 3134 3845 1679
2037 9 2 6 1 362 937 1164 3594 1374 3947
2038 9 2 6 1 1032 664 1145 3749 3898 3959
2039 9 2 6 1 368 968 1172 4019 3962 1498
2040 9 2 6 1 853 713 1131 3669 4004 1330
2041 9 2 6 1 846 1067 1207 3241 3985 3983
2042 9 2 6 1 1120 886 1206 3442 3931 3758
2043 9 2 6 1 943 1037 1190 3300 3965 3414
2044 9 2 6 1 1090 757 1176 3894 3945 3910
2045 9 2 6 1 683 339 807 3779 3924 3905
2046 9 2 6 1 1082 839 1196 3494 1976 3916
2047 9 2 6 1 1071 679 1156 4010 2477 3435
2048 9 2 6 1 751 1031 1201 3555 3978 1784
2049 9 2 6 1 349 1022 1209 3654 3997 3882
2050 9 2 6 1 477 479 1202 3516 3892 4017
2051 9 2 6 1 483 1106 1202 2389 4020 3891
2052 9 2 6 1 690 1039 1194 3599 2120 3860
2053 9 2 6 1 1071 331 1175 3470 3953 4011
2054 9 2 6 1 1142 359 1200 2020 3834 4021
2055 9 2 6 1 968 368 1181 4019 3748 4016
2056 9 2 6 1 1124 1009 1140 4002 3904 3986
2057 9 2 6 1 386 1136 1188 2854 4022 4023
2058 9 2 6 1 25 598 1193 3908 2090 3999
2059 9 2 6 1 640 642 1135 3840 4013 4024
2060 9 2 6 1 1113 386 1188 1685 4023 4025
2061 9 2 6 1 725 1054 1134 3937 3980 1729
2062 9 2 6 1 683 1016 1118 3938 3792 3988
2063 9 2 6 1 653 640 1135 3921 4024 3876
2064 9 2 6 1 379 24 1169 3711 3071 3321
2065 9 2 6 1 806 1122 1123 3091 4005 2391
2066 9 2 6 1 877 1046 1191 3975 3527 3770
2067 9 2 6 1 1096 940 1185 3981 3973 3627
2068 9 2 6 1 1157 594 1158 3585 2456 4026
2069 9 2 6 1 1007 1159 1173 4009 3508 4012
2070 9 2 6 1 689 1157 1158 1827 4026 4027
2071 9 2 6 1 1136 841 1188 3070 3778 4022
2072 9 2 6 1 636 1038 1183 3852 1628 3920
2073 9 2 6 1 993 815 1207 3811 3984 3752
2074 9 2 6 1 1074 860 1192 3846 3799 2234
2075 9 2 6 1 1106 627 1202 2991 4018 4020
2076 9 2 6 1 1096 864 1178 2179 3375 3982
2077 9 2 6 1 5 45 714 330 4028 4029
2078 9 2 6 1 680 1056 1200 3818 4030 3765
2079 9 2 6 1 787 1113 1188 3893 4025 3880
2080 9 2 6 1 5 714 715 4029 1459 3702
2081 9 2 6 1 689 1158 1211 4027 4031 2277
2082 9 2 6 1 1111 717 1213 2349 1759 4032
2083 9 2 6 1 1045 877 1125 3974 3641 3976
2084 9 2 6 1 623 624 1215 3543 3553 3795
2085 9 2 6 1 1158 666 1211 3339 3958 4031
2086 9 2 6 1 625 1129 1179 3747 4033 3817
2087 9 2 6 1 1056 1142 1200 4006 4021 4030
2088 9 2 6 1 647 1073 1197 4001 3600 4015
2089 9 2 6 1 1087 789 1187 3735 1662 3262
2090 9 2 6 1 799 682 1118 3967 3989 3805
2091 9 2 6 1 1152 711 1214 1289 3995 4034
2092 9 2 6 1 1129 796 1179 1994 1845 4033
2093 9 2 6 1 376 1152 1214 1918 4034 3294
2094 9 2 6 1 1151 688 1198 3529 2112 3955
2095 9 2 6 1 595 1111 1213 2569 4032 3560
2096 9 2 6 1 714 45 799 4028 3968 4035
2097 9 2 6 1 9 8 337 245 1422 1357
2098 9 2 6 1 29 28 1075 289 1436 3887
2099 9 2 6 1 42 41 341 326 1502 2545
2100 9 2 6 1 713 714 799 1457 4035 1442
$EndElements
