$MeshFormat
2.2 0 8
$EndMeshFormat
$PhysicalNames
6
1 1 "cc1"
1 2 "cc2"
1 3 "cc3"
1 4 "cc4"
1 5 "furo"
2 6 "surface"
$EndPhysicalNames
$Nodes
3967
1 -2 -0.5 0
2 2 -0.5 0
3 2 0.5 0
4 -2 0.5 0
5 1 0.00126 0
6 0.9938439999999999 0.00212 0
7 0.975528 0.004642 0
8 0.945503 0.008658000000000001 0
9 0.904508 0.013914 0
10 0.853553 0.020107 0
11 0.793893 0.026905 0
12 0.7269949999999999 0.033962 0
13 0.654508 0.040917 0
14 0.578217 0.047383 0
15 0.5 0.05294 0
16 0.421783 0.057148 0
17 0.345492 0.059575 0
18 0.273005 0.059848 0
19 0.206107 0.057714 0
20 0.146447 0.053083 0
21 0.09549199999999999 0.046049 0
22 0.054497 0.036867 0
23 0.024472 0.025893 0
24 0.006156 0.013503 0
25 0 0 0
26 0.006156 -0.013503 0
27 0.024472 -0.025893 0
28 0.054497 -0.036867 0
29 0.09549199999999999 -0.046049 0
30 0.146447 -0.053083 0
31 0.206107 -0.057714 0
32 0.273005 -0.059848 0
33 0.345492 -0.059575 0
34 0.421783 -0.057148 0
35 0.5 -0.05294 0
36 0.578217 -0.047383 0
37 0.654508 -0.040917 0
38 0.7269949999999999 -0.033962 0
39 0.793893 -0.026905 0
40 0.853553 -0.020107 0
41 0.904508 -0.013914 0
42 0.945503 -0.008658000000000001 0
43 0.975528 -0.004642 0
44 0.9938439999999999 -0.00212 0
45 1 -0.00126 0
46 -1.900000000000277 -0.5 0
47 -1.800000000000555 -0.5 0
48 -1.700000000000832 -0.5 0
49 -1.600000000001109 -0.5 0
50 -1.500000000001387 -0.5 0
51 -1.400000000001664 -0.5 0
52 -1.300000000001942 -0.5 0
53 -1.200000000002219 -0.5 0
54 -1.100000000002496 -0.5 0
55 -1.000000000002774 -0.5 0
56 -0.9000000000030515 -0.5 0
57 -0.8000000000033287 -0.5 0
58 -0.7000000000036062 -0.5 0
59 -0.6000000000038836 -0.5 0
60 -0.5000000000041611 -0.5 0
61 -0.4000000000044384 -0.5 0
62 -0.3000000000047156 -0.5 0
63 -0.2000000000049929 -0.5 0
64 -0.1000000000052705 -0.5 0
65 -5.504485756091526e-12 -0.5 0
66 0.09999999999472964 -0.5 0
67 0.1999999999950068 -0.5 0
68 0.299999999995284 -0.5 0
69 0.3999999999955617 -0.5 0
70 0.4999999999958389 -0.5 0
71 0.5999999999961165 -0.5 0
72 0.6999999999963937 -0.5 0
73 0.7999999999966709 -0.5 0
74 0.8999999999969486 -0.5 0
75 0.9999999999972258 -0.5 0
76 1.099999999997503 -0.5 0
77 1.199999999997781 -0.5 0
78 1.299999999998058 -0.5 0
79 1.399999999998336 -0.5 0
80 1.499999999998613 -0.5 0
81 1.599999999998891 -0.5 0
82 1.699999999999168 -0.5 0
83 1.799999999999445 -0.5 0
84 1.899999999999723 -0.5 0
85 -1.950000000000151 -0.5 0
86 -1.850000000000394 -0.5 0
87 -1.750000000000733 -0.5 0
88 -1.650000000000976 -0.5 0
89 -1.550000000001256 -0.5 0
90 -1.450000000001526 -0.5 0
91 -1.350000000001803 -0.5 0
92 -1.250000000002081 -0.5 0
93 -1.150000000002358 -0.5 0
94 -1.050000000002635 -0.5 0
95 -0.9500000000029127 -0.5 0
96 -0.8500000000031902 -0.5 0
97 -0.7500000000034674 -0.5 0
98 -0.6500000000037449 -0.5 0
99 -0.5500000000040224 -0.5 0
100 -0.4500000000042998 -0.5 0
101 -0.3500000000045771 -0.5 0
102 -0.2500000000048543 -0.5 0
103 -0.1500000000051316 -0.5 0
104 -0.05000000000538751 -0.5 0
105 0.04999999999461258 -0.5 0
106 0.1499999999948685 -0.5 0
107 0.2499999999951452 -0.5 0
108 0.3499999999954229 -0.5 0
109 0.4499999999957005 -0.5 0
110 0.5499999999959777 -0.5 0
111 0.6499999999962549 -0.5 0
112 0.7499999999965326 -0.5 0
113 0.8499999999968098 -0.5 0
114 0.949999999997087 -0.5 0
115 1.049999999997365 -0.5 0
116 1.149999999997642 -0.5 0
117 1.249999999997919 -0.5 0
118 1.349999999998197 -0.5 0
119 1.449999999998474 -0.5 0
120 1.549999999998752 -0.5 0
121 1.64999999999903 -0.5 0
122 1.749999999999306 -0.5 0
123 1.849999999999584 -0.5 0
124 1.949999999999862 -0.5 0
125 2 -0.4000000000002774 0
126 2 -0.3000000000005548 0
127 2 -0.2000000000008322 0
128 2 -0.1000000000011096 0
129 2 -1.376121439022882e-12 0
130 2 0.09999999999889042 0
131 2 0.1999999999991677 0
132 2 0.2999999999994452 0
133 2 0.3999999999997227 0
134 2 -0.4500000000001682 0
135 2 -0.3500000000003965 0
136 2 -0.2500000000006935 0
137 2 -0.1500000000009709 0
138 2 -0.05000000000124283 0
139 2 0.04999999999875715 0
140 2 0.1499999999990291 0
141 2 0.2499999999993064 0
142 2 0.349999999999584 0
143 2 0.4499999999998614 0
144 1.900000000000277 0.5 0
145 1.800000000000555 0.5 0
146 1.700000000000832 0.5 0
147 1.600000000001109 0.5 0
148 1.500000000001387 0.5 0
149 1.400000000001664 0.5 0
150 1.300000000001942 0.5 0
151 1.200000000002219 0.5 0
152 1.100000000002496 0.5 0
153 1.000000000002774 0.5 0
154 0.9000000000030515 0.5 0
155 0.8000000000033287 0.5 0
156 0.7000000000036062 0.5 0
157 0.6000000000038836 0.5 0
158 0.5000000000041611 0.5 0
159 0.4000000000044384 0.5 0
160 0.3000000000047156 0.5 0
161 0.2000000000049929 0.5 0
162 0.1000000000052705 0.5 0
163 5.504485756091526e-12 0.5 0
164 -0.09999999999472964 0.5 0
165 -0.1999999999950068 0.5 0
166 -0.299999999995284 0.5 0
167 -0.3999999999955617 0.5 0
168 -0.4999999999958389 0.5 0
169 -0.5999999999961165 0.5 0
170 -0.6999999999963937 0.5 0
171 -0.7999999999966709 0.5 0
172 -0.8999999999969486 0.5 0
173 -0.9999999999972258 0.5 0
174 -1.099999999997503 0.5 0
175 -1.199999999997781 0.5 0
176 -1.299999999998058 0.5 0
177 -1.399999999998336 0.5 0
178 -1.499999999998613 0.5 0
179 -1.599999999998891 0.5 0
180 -1.699999999999168 0.5 0
181 -1.799999999999445 0.5 0
182 -1.899999999999723 0.5 0
183 1.950000000000151 0.5 0
184 1.850000000000394 0.5 0
185 1.750000000000733 0.5 0
186 1.650000000000976 0.5 0
187 1.550000000001256 0.5 0
188 1.450000000001526 0.5 0
189 1.350000000001803 0.5 0
190 1.250000000002081 0.5 0
191 1.150000000002358 0.5 0
192 1.050000000002635 0.5 0
193 0.9500000000029127 0.5 0
194 0.8500000000031902 0.5 0
195 0.7500000000034674 0.5 0
196 0.6500000000037449 0.5 0
197 0.5500000000040224 0.5 0
198 0.4500000000042998 0.5 0
199 0.3500000000045771 0.5 0
200 0.2500000000048543 0.5 0
201 0.1500000000051316 0.5 0
202 0.05000000000538751 0.5 0
203 -0.04999999999461258 0.5 0
204 -0.1499999999948685 0.5 0
205 -0.2499999999951452 0.5 0
206 -0.3499999999954229 0.5 0
207 -0.4499999999957005 0.5 0
208 -0.5499999999959777 0.5 0
209 -0.6499999999962549 0.5 0
210 -0.7499999999965326 0.5 0
211 -0.8499999999968098 0.5 0
212 -0.949999999997087 0.5 0
213 -1.049999999997365 0.5 0
214 -1.149999999997642 0.5 0
215 -1.249999999997919 0.5 0
216 -1.349999999998197 0.5 0
217 -1.449999999998474 0.5 0
218 -1.549999999998752 0.5 0
219 -1.64999999999903 0.5 0
220 -1.749999999999306 0.5 0
221 -1.849999999999584 0.5 0
222 -1.949999999999862 0.5 0
223 -2 0.4000000000002774 0
224 -2 0.3000000000005548 0
225 -2 0.2000000000008322 0
226 -2 0.1000000000011096 0
227 -2 1.376121439022882e-12 0
228 -2 -0.09999999999889042 0
229 -2 -0.1999999999991677 0
230 -2 -0.2999999999994452 0
231 -2 -0.3999999999997227 0
232 -2 0.4500000000001682 0
233 -2 0.3500000000003965 0
234 -2 0.2500000000006935 0
235 -2 0.1500000000009709 0
236 -2 0.05000000000124283 0
237 -2 -0.04999999999875715 0
238 -2 -0.1499999999990291 0
239 -2 -0.2499999999993064 0
240 -2 -0.349999999999584 0
241 -2 -0.4499999999998614 0
242 0.9969220000000001 0.001689999999999991 0
243 0.9846860000000006 0.003380999999999902 0
244 0.9605155000000002 0.006649999999999974 0
245 0.9250055000000005 0.01128599999999993 0
246 0.8790305000000863 0.01701049999998951 0
247 0.8917692500001182 0.01546224999998563 0
248 0.8662917499999511 0.01855875000000595 0
249 0.8237230000000436 0.02350599999999502 0
250 0.8386380000001231 0.02180649999998597 0
251 0.8088080000002206 0.02520549999997486 0
252 0.7604440000001069 0.03043349999998871 0
253 0.7771684999999028 0.02866925000001025 0
254 0.7437195000001025 0.03219774999998919 0
255 0.6907515000000654 0.03743949999999373 0
256 0.7088732500001309 0.03570074999998744 0
257 0.6726297500000418 0.03917824999999599 0
258 0.6163625000001081 0.04414999999999084 0
259 0.6354352500001386 0.04253349999998826 0
260 0.5972897500000542 0.0457664999999954 0
261 0.5391085000000866 0.05016149999999384 0
262 0.5586627499997973 0.04877225000001441 0
263 0.5195542500000925 0.05155074999999343 0
264 0.46089150000013 0.05504399999999301 0
265 0.4804457499999933 0.05399200000000036 0
266 0.4413372500000281 0.05609599999999849 0
267 0.3836375000000761 0.05836149999999758 0
268 0.4027102500001303 0.05775474999999586 0
269 0.3645647500001877 0.05896824999999403 0
270 0.3092485000002277 0.05971149999999914 0
271 0.3273702500000407 0.05964324999999985 0
272 0.2911267500000499 0.05977974999999981 0
273 0.2395560000000705 0.05878100000000225 0
274 0.2562804999999647 0.05931449999999887 0
275 0.222831500000018 0.05824750000000058 0
276 0.1762770000000815 0.05539850000000632 0
277 0.1911920000000274 0.05655625000000213 0
278 0.1613620000000319 0.05424075000000247 0
279 0.1209695000000731 0.0495660000000101 0
280 0.1337082500000372 0.05132450000000514 0
281 0.1082307500000147 0.04780750000000203 0
282 0.07499450000009196 0.0414580000000206 0
283 0.03948450000004043 0.03138000000001478 0
284 0.01531400000002752 0.01969800000001861 0
285 0.003078000000007423 0.006751500000016283 0
286 0.003077999999992168 -0.006751499999982821 0
287 0.01531399999997131 -0.01969799999998059 0
288 0.03948449999994388 -0.03137999999997949 0
289 0.07499449999992797 -0.04145799999998387 0
290 0.1209694999999348 -0.04956599999999101 0
291 0.108230749999984 -0.04780749999999779 0
292 0.1337082499999579 -0.05132449999999419 0
293 0.1762769999999187 -0.05539849999999369 0
294 0.1613619999999398 -0.05424074999999532 0
295 0.191191999999923 -0.05655624999999403 0
296 0.2395559999999186 -0.0587809999999974 0
297 0.2228314999998889 -0.05824749999999645 0
298 0.25628049999993 -0.05931449999999776 0
299 0.3092485000000109 -0.05971149999999996 0
300 0.2911267500000446 -0.05977974999999983 0
301 0.3273702500000567 -0.05964324999999979 0
302 0.3836374999999241 -0.05836150000000242 0
303 0.3645647499998861 -0.05896825000000362 0
304 0.4027102499999701 -0.05775475000000095 0
305 0.46089149999987 -0.05504400000000699 0
306 0.4413372499999557 -0.05609600000000239 0
307 0.4804457499999344 -0.05399200000000353 0
308 0.5391084999999128 -0.05016150000000619 0
309 0.519554250000125 -0.05155074999999112 0
310 0.5586627500000844 -0.04877224999999401 0
311 0.6163624999998919 -0.04415000000000916 0
312 0.5972897499999196 -0.04576650000000682 0
313 0.6354352499999456 -0.04253350000000462 0
314 0.6907514999999346 -0.03743950000000627 0
315 0.672629749999869 -0.03917825000001256 0
316 0.7088732499999582 -0.03570075000000401 0
317 0.7604439999999131 -0.03043350000000917 0
318 0.7437194999998133 -0.03219775000001968 0
319 0.7771684999999569 -0.02866925000000455 0
320 0.8237229999999564 -0.02350600000000497 0
321 0.8088079999998768 -0.02520550000001403 0
322 0.8386379999997794 -0.02180650000002514 0
323 0.8790304999999137 -0.0170105000000105 0
324 0.8662917499998501 -0.01855875000001821 0
325 0.8917692499998979 -0.01546225000001241 0
326 0.9250054999999994 -0.01128600000000008 0
327 0.9605154999999992 -0.006650000000000101 0
328 0.9846859999999996 -0.003381000000000041 0
329 0.9969219999999996 -0.00169000000000005 0
330 1 -4.264167144385489e-15 0
331 1.456437318460567 0.4220772741451471 0
332 1.449999999998475 -0.4133974596213161 0
333 -0.4456578576793532 -0.416346282229644 0
334 -0.4701448056753955 0.4046187712939436 0
335 0.004856834578666704 -0.03126835300701986 0
336 0.006348508541744556 0.03295158688857197 0
337 -1.445470927413149 -0.405915513781821 0
338 -1.145624433219597 -0.4086026760677037 0
339 -0.8486619041032274 -0.4131564424538458 0
340 0.9646293977509208 0.02752907821571218 0
341 0.8679410030235358 0.04432689691760751 0
342 0.7757911323267881 0.05901493690100636 0
343 0.675384833765005 0.0703029244909385 0
344 0.9674483945224071 -0.02799915202563523 0
345 0.8713219617830092 -0.04672609139291969 0
346 0.7797273278768279 -0.05676544504136186 0
347 0.6756413533416222 -0.07056604172200778 0
348 -0.7563023513790992 0.4115862265274794 0
349 -1.050485199327864 0.4187334517943988 0
350 -1.34559492520148 0.4181112178573861 0
351 0.1028702225485996 0.07166314300655757 0
352 0.1891867181775834 0.08238978779482242 0
353 0.1020087186525827 -0.07169706358262182 0
354 0.1878335778849812 -0.08242971680953289 0
355 -1.915057231481482 0.05353180694847065 0
356 1.913916491004787 0.04952413522028985 0
357 1.15970944991329 0.4138251859279103 0
358 1.140016063834124 -0.4218801244290827 0
359 0.2916791063910102 0.09164175683775373 0
360 0.2858439221319191 -0.08951809340145918 0
361 0.561647032663249 0.08348891397824738 0
362 0.5634601080717253 -0.08276426773537546 0
363 0.4479755306922882 0.09294295714645091 0
364 0.439592193515793 -0.08690093091604008 0
365 -0.1500000000051317 -0.4133974596217966 0
366 -0.1450706398430131 0.4165287258153106 0
367 0.9596882277198994 0.4174275454683022 0
368 0.9371188084229769 -0.4228148335301752 0
369 -1.655250179432589 0.4110317711892472 0
370 0.05225497409772313 -0.4262237224373632 0
371 0.05523316109671348 0.4152698357296366 0
372 0.7365358527359567 0.4204137903433303 0
373 0.7700681336372257 -0.4145368207030173 0
374 1.648738864237296 -0.4208228395078604 0
375 1.647238632877505 0.4148827590119499 0
376 0.3579610002431419 0.4151449937005401 0
377 0.3627037005540971 -0.4324944433735372 0
378 1.909412888603794 -0.1583126117323754 0
379 0.3655892225434235 0.09117180781105078 0
380 0.366071848085638 -0.09651014736184606 0
381 -1.916086343581864 -0.1460629886465783 0
382 -0.6439502860114446 -0.3985838645116889 0
383 -1.650969201193161 -0.4205016910100222 0
384 0.5485660989480674 0.4151374545998396 0
385 0.5499999999959777 -0.4133974596213161 0
386 -0.009165157974115467 0.01270831717258491 0
387 1.916130626206675 0.2421629419406775 0
388 -1.915912870200865 0.2531141804422006 0
389 1.84538364428355 -0.4159218716831957 0
390 -1.921316777859435 -0.3474764463288729 0
391 0.03253307363525511 -0.05447918248947399 0
392 0.05259121557564461 -0.06556638017205063 0
393 0.0348610210984666 -0.07909578818441997 0
394 0.05819351386991591 -0.08841332434716717 0
395 0.02965169656373184 -0.1055994382238288 0
396 0.06741151279732673 -0.1179754106485804 0
397 0.03458014401047003 -0.1415732827510934 0
398 0.0005621388702882882 -0.1249461138864845 0
399 0.06822878292595048 -0.1590516062008973 0
400 0.002864347001583716 -0.1628833069828373 0
401 -0.03195631828899961 -0.1428567626356326 0
402 -0.0312494085689692 -0.1844524434535411 0
403 -0.0672836244018368 -0.1631389271876572 0
404 -0.06634425906857173 -0.1208518548233166 0
405 -0.1030494349894596 -0.1407611268633432 0
406 -0.1013508518129157 -0.09741192398319198 0
407 -0.14100373793042 -0.1185112112968399 0
408 -0.1382051290038405 -0.07352226560067196 0
409 -0.1827999223750325 -0.0950407708343904 0
410 -0.1800458506598432 -0.04620825188796261 0
411 -0.2293547950357711 -0.06729302670802763 0
412 -0.223508384287666 -0.007451994127484743 0
413 -0.281793644560896 -0.03563360436486032 0
414 -0.2788253123247818 0.0275329698127149 0
415 -0.3389867948053787 -0.001883868035293272 0
416 -0.2204343359719067 0.05549378358052 0
417 -0.231389298269303 -0.1247821979457576 0
418 -0.2749235089943364 0.09185442064658625 0
419 -0.2185901431260776 0.1225574827194703 0
420 -0.3395055754771724 -0.06777077022336242 0
421 -0.4012022584139995 -0.03411695490840946 0
422 -0.398289504794255 0.03796186508239821 0
423 -0.4646710231494396 0.002781243153255176 0
424 -0.4653910824281565 -0.06670288726316606 0
425 -0.5345924078115327 -0.0298404577510301 0
426 -0.5127491784763212 0.04802391264767978 0
427 -0.5972782003631799 0.02956228749933517 0
428 -0.2735038016495988 0.1614153695065306 0
429 -0.6041989147973782 -0.07978430866138962 0
430 -0.6777663105919799 -0.02324322993470321 0
431 -0.6779345026002538 0.0582543098745076 0
432 -0.756035682156651 0.01935746375823086 0
433 -0.1054432976994946 -0.1841201083796313 0
434 -0.1652243223894985 0.08801516152801456 0
435 -0.1607789490315352 0.1436508204472548 0
436 -0.7591421692553169 -0.07033865827743301 0
437 -0.8374308932724205 -0.02103271185135839 0
438 -0.8377463703421175 0.06976633389058098 0
439 -0.9161730000250492 0.02520488153808748 0
440 -0.9274754134172104 -0.07394249044902218 0
441 -0.9969480825681633 -0.01830613637575607 0
442 -0.1149884400230033 0.1122762405235686 0
443 -0.1115260347365777 0.1680848057786315 0
444 -0.06721329544753007 0.1374733650520737 0
445 -0.06369879127607883 0.1891472438959066 0
446 -0.01933938182844888 0.1603200938917894 0
447 -0.1153625076273106 0.05914446701543877 0
448 -1.001134450610114 0.07475239689542595 0
449 -1.079507672585055 0.03056148371119021 0
450 -1.08183600243551 -0.0551502218284341 0
451 -1.160675254589439 -0.00781666807770689 0
452 -1.159139194732292 0.08316761677476707 0
453 -1.244498344720744 0.03912812211608205 0
454 -1.239337090333392 -0.06713769287868969 0
455 -1.329317251999622 -0.008552226446717492 0
456 0.006748985921184098 -0.2064875793458998 0
457 -0.03341542325262126 -0.2322897152808199 0
458 -1.327331507428901 0.08960113703062564 0
459 -1.413553384835601 0.04434292336501264 0
460 -1.416951352223986 -0.05367145298042915 0
461 -1.500555815567275 -0.001364033289532158 0
462 -1.496954280491665 0.09698806617127384 0
463 -1.503972965127397 -0.09985077067483078 0
464 -1.587854998694297 -0.04764151645970436 0
465 -0.09889393738983907 -0.05684645475509796 0
466 -0.01615212236122289 -0.001498233772302029 0
467 -0.02643897778847332 0.0125682257619187 0
468 -0.1580569766392839 0.2104073855606831 0
469 -0.01567592778826373 0.2126705850047865 0
470 0.02976400664361975 0.183162351827478 0
471 -1.420146423193992 -0.1519450194025848 0
472 0.1020420961725111 -0.1372865564309086 0
473 0.1053039877486172 -0.1782407065275314 0
474 -1.591265540527402 -0.1465651090945289 0
475 0.03331773294665834 0.2380574560584636 0
476 0.08040840564956406 0.2064672772097149 0
477 -0.01986070742910644 0.2630883016466911 0
478 -0.03551122259680334 -0.005538453548233191 0
479 -0.04873097527728729 0.01217001955544692 0
480 -0.03680934910649084 0.03229368412105843 0
481 0.0822370130521884 0.2657327450684976 0
482 0.1309650888488777 0.2346297487875196 0
483 0.1341909445590014 0.2965385791223059 0
484 0.1888345138131888 0.2513708536856586 0
485 0.14393482693213 -0.1471841878724894 0
486 0.1458882865438404 -0.1973326633425135 0
487 0.1826281404009101 -0.1712051040889367 0
488 0.188922473623026 -0.2199358039631947 0
489 0.1039417659549632 -0.2286647690228257 0
490 0.2310112727492935 -0.190429149279493 0
491 0.2362675989797466 -0.2440063056991489 0
492 0.2817928982919128 -0.2115068270960987 0
493 0.1898165294318255 -0.2759188841827995 0
494 0.01315588155118544 -0.2579942010114224 0
495 0.1955188300344514 0.3206358925763785 0
496 0.2493823819771114 0.2821485110019512 0
497 0.2457821454819988 0.2188863693525307 0
498 0.3014750989317801 0.2445260252801351 0
499 -1.675371362666537 -0.09411038402594624 0
500 -1.671877735697364 0.004997188455232675 0
501 -1.678828503669835 -0.193365504333561 0
502 0.01366644123841575 -0.06728731580209417 0
503 -0.03540819712416584 -0.2876333705298963 0
504 0.1264057662673254 0.1811386381930093 0
505 0.02616140647756442 0.1381966710758345 0
506 0.2875923516015208 -0.2696724450472738 0
507 0.3384607592230318 -0.2354641455101369 0
508 -1.594397224272043 -0.2458650282797372 0
509 0.2950123731848073 0.176599600693555 0
510 0.3484927455208591 0.2083637393173037 0
511 0.3574280636366779 0.2684035946924839 0
512 0.4066311223509901 0.2301409747457742 0
513 0.4164630238576298 0.2941907591535549 0
514 0.4667886253558013 0.2533250004598004 0
515 0.2410042989113566 0.1618990661564797 0
516 0.4587483395311753 0.1837212952917865 0
517 0.5121893650122001 0.2121575870321667 0
518 0.5270145967872284 0.2747793224554469 0
519 0.5730392403606154 0.2227325997612258 0
520 0.5888540574572507 0.2946457123645532 0
521 0.6360905494782747 0.2490048653935573 0
522 0.6294597741534877 0.1865833979667549 0
523 0.6857812843386207 0.2070803385615531 0
524 0.6944781229934996 0.2706708427802157 0
525 0.7437215684291537 0.2235979874883215 0
526 0.728821696255559 0.1679408780025949 0
527 0.7788681154242331 0.1824531705215248 0
528 0.7976772074333436 0.2362995899749374 0
529 0.8332521108142759 0.1854200681630594 0
530 0.8541164784273608 0.2462046167706493 0
531 0.8891839845498888 0.2014657094497316 0
532 0.8778456707055212 0.1514435739354226 0
533 0.9249231611265475 0.1640395706456476 0
534 0.9404088527929353 0.2099746752139084 0
535 0.970133906058378 0.1722046864186834 0
536 0.9880809486356485 0.2153093486150167 0
537 1.01699527201879 0.1718553089165371 0
538 1.034197736822974 0.2203770091954326 0
539 1.060269453358908 0.184695132312868 0
540 1.048601233878802 0.1426922334787387 0
541 1.085280759611554 0.1519588325737004 0
542 1.070286294349356 0.1137091529295978 0
543 1.112831280682448 0.1202324683902318 0
544 1.096335950075321 0.0759594390204658 0
545 1.140543514345727 0.08588432347531386 0
546 1.12658540624306 0.0406291271414693 0
547 1.173352903618885 0.04864807072366159 0
548 1.154290338650339 0.001610125011138289 0
549 1.208059267926779 0.007144711486567552 0
550 1.233419200633587 0.06470592595687227 0
551 1.267983340373803 0.01424413501233874 0
552 1.244293306853932 -0.04220129635901855 0
553 1.308035041511956 -0.03431660365705811 0
554 1.332651166858058 0.02622577227783771 0
555 1.377546389687505 -0.02500936202048627 0
556 1.401774935093667 0.04833887317305136 0
557 1.451494365685825 -0.01279631562602414 0
558 1.130081632756871 0.1655664987229437 0
559 1.282434974067054 -0.09602471088884598 0
560 1.477159351054171 0.06550445921466812 0
561 1.530052007704729 7.257673090195944e-05 0
562 1.55747335823244 0.08025768079885388 0
563 1.206413470863376 -0.1003196191745541 0
564 1.422755529740747 -0.08476145067551495 0
565 1.345762276250202 0.1016597721144072 0
566 1.254667078174159 -0.1591145944540259 0
567 1.182076976225221 -0.1680095571034658 0
568 1.054869827858047 0.07619862670037221 0
569 1.610063220747035 0.01148009885860523 0
570 1.582213550972017 -0.06660171414540875 0
571 1.106945294956241 0.000659314375206143 0
572 1.655256011267286 0.09182187096507489 0
573 1.498560818047059 0.1481973141230189 0
574 1.082196671421123 0.2284695934806918 0
575 0.9545920098989567 0.1301800569832814 0
576 1.664624491958326 -0.05610962508047128 0
577 1.636231545472472 -0.1359031179553739 0
578 1.228134948857888 -0.2242908726634255 0
579 1.301122425710077 -0.2169073336128118 0
580 1.155831820306652 -0.2317765142571879 0
581 1.113387383602026 -0.1774008862199138 0
582 1.087570649959537 -0.2374279376420304 0
583 1.049300669560503 -0.1871240313756664 0
584 1.051036077124332 0.2711183335601208 0
585 1.023254594007657 -0.2425785040698517 0
586 0.9868421139081075 -0.185476368363822 0
587 0.9614109524179506 -0.2460286442608526 0
588 0.9238962186871005 -0.1893844469491347 0
589 0.9005208992649233 -0.2526495028284715 0
590 0.8652470072776356 -0.2044753200610045 0
591 0.9500732032397562 -0.1461102613408324 0
592 1.271759288280544 -0.2876285024253225 0
593 1.073720858136871 -0.1305166260478018 0
594 0.8400371037657651 -0.2601681444326825 0
595 0.8058375574706755 -0.2098511833269657 0
596 0.8318040635654937 -0.1593861913325502 0
597 0.7757252532153489 -0.1572119868059585 0
598 0.7485987351884137 -0.2117640504694644 0
599 0.963534896384258 0.2594688487123219 0
600 1.132018156303824 -0.04172126092564792 0
601 0.7184768598424303 -0.1649391452460684 0
602 0.6919728519780033 -0.214813753253481 0
603 0.6617047757818021 -0.1669418272756957 0
604 0.6317946323098431 -0.2168107293134716 0
605 0.6659188597792356 -0.2682506895452557 0
606 1.107505720078546 0.2778264654918817 0
607 0.6024560925334452 -0.2714165402098178 0
608 0.5692438859967919 -0.2169039464423352 0
609 0.5380125270225097 -0.2719807273543374 0
610 0.5083884807224903 -0.2160591790880675 0
611 0.4745448826124691 -0.2700046741616013 0
612 1.349369234160031 -0.2778293693393613 0
613 1.550445858835019 -0.1477907235087755 0
614 1.601922351973486 -0.2167245762519858 0
615 1.688727401835763 -0.2014529686885384 0
616 1.515947909351527 -0.234197570497382 0
617 1.054635488586171 -0.2964187350355159 0
618 0.3289949178889812 -0.1787174429244517 0
619 0.3874603097087282 -0.1986690785605076 0
620 -1.758519012641194 -0.04152216132023237 0
621 -1.75421301553721 0.05779509128219373 0
622 -1.667946479213746 0.1042929413862808 0
623 -1.750209744307926 0.1571746822790176 0
624 -1.664105223956038 0.2038208841177359 0
625 -1.747197680457793 0.2567265352420722 0
626 0.8144424032285423 0.294736391496744 0
627 0.8752656941286991 0.3033213707398302 0
628 0.5072304824077931 0.1563319913992556 0
629 1.071028999895882 0.3248452701545758 0
630 1.846300527391604 0.4181219424029052 0
631 -0.3323498317215847 0.1308260757808155 0
632 -0.3307705043510701 0.2021112455283194 0
633 -0.3949708115338272 0.1694621540181293 0
634 -0.3910094354910678 0.2451826925961001 0
635 -0.4619741674057181 0.2094763547574209 0
636 -0.3271868670085847 0.2791107583013394 0
637 -1.839259525636745 0.4112749569763254 0
638 0.2225578583743121 -0.1407709360422318 0
639 -0.05924686327665003 -0.01254133781389872 0
640 -0.04258974286647829 -0.02799922839086725 0
641 -0.07165344267126758 0.009561738464628296 0
642 0.7610725979212594 0.1332865767698741 0
643 0.6373883212239226 -0.3287928439916463 0
644 0.9304520382130461 0.03562380421375325 0
645 0.9528432303057658 0.0567710660498012 0
646 0.9230172152310459 0.06424106747967107 0
647 0.9799973396159121 0.05014676868246722 0
648 0.9350448887582912 -0.03521207129000874 0
649 0.9565825431553083 -0.05485127593186011 0
650 0.9842595423546197 -0.04952166287718388 0
651 0.9304933087753776 -0.06506080549106417 0
652 0.9758859499678156 -0.07680126080996585 0
653 1.004586192620824 -0.06839623708756169 0
654 1.011368221686307 -0.04242856776190799 0
655 1.086947633419465 -0.03870990579425038 0
656 0.9983456656035596 -0.09729930001463057 0
657 1.056023194986649 -0.02007175919153095 0
658 1.078027608548736 0.0207269137967114 0
659 1.044182390658437 0.01001634551670577 0
660 0.9878013016597977 0.02796185125980972 0
661 1.004386311477037 0.04272980510529861 0
662 0.9983079444823872 0.07553328199288727 0
663 0.9972344159271026 0.008063893332372084 0
664 0.7440902041595145 -0.1238032181400833 0
665 0.875122851518072 -0.3130367473165521 0
666 1.378876693863723 -0.20407637936409 0
667 0.5364737730099944 -0.1665898954572076 0
668 0.4822676567158836 -0.1659523326250736 0
669 1.318467465840129 -0.3510729887365617 0
670 0.9866986157736239 -0.01523190508684466 0
671 0.9983434315277646 -0.009904519835463321 0
672 0.3411959024206577 -0.2933178041406387 0
673 1.032779065390274 -0.06137431514283262 0
674 0.07102426459935371 0.06769025703803372 0
675 0.08430814714353352 0.09479238738276696 0
676 0.1152701693616213 0.09708988505552205 0
677 0.04015475742973949 0.06821352060867045 0
678 -0.08466155855312513 -0.2565266533211907 0
679 0.1330760992236043 -0.1116210570945637 0
680 1.564780659174067 -0.3044673584784095 0
681 -0.08930699103974923 -0.3168656642428163 0
682 -0.1503728056154609 -0.2782119189060765 0
683 0.2859343627252809 -0.3362035525085845 0
684 -0.1643664073874982 0.03930684603304671 0
685 -0.005683614491761864 -0.02293919037657307 0
686 -0.009397641325835225 -0.04103157969870492 0
687 1.140417438331223 -0.1233058606126291 0
688 0.200449787074157 0.1941302497360588 0
689 0.1954150769223865 0.1417132832037172 0
690 0.2322592589343943 0.1196747461298681 0
691 0.9919975244163886 0.135830904346733 0
692 0.7213856622609233 0.1166780712729843 0
693 0.07358615852680683 0.1614998324121116 0
694 -0.451000379579016 0.308268346715841 0
695 -0.5315759506969476 0.2570448770339219 0
696 -0.5390898771898367 0.173551860783575 0
697 -0.611012518020313 0.2151839601680424 0
698 -0.6048753254355198 0.320554862771576 0
699 -0.6861406199553136 0.2629953647866435 0
700 1.037422303426639 0.1095937683215413 0
701 0.2527648129374498 0.3488409456727122 0
702 0.3438510715078195 0.1524891118345424 0
703 0.998066160542916 -0.0194380637584002 0
704 1.003068263627404 -0.005853347823590704 0
705 1.003815247052021 2.174363969563919e-05 0
706 1.00957903742386 -0.003976504832537795 0
707 1.00895785962784 0.00481958975703805 0
708 1.016040399714203 0.0001753193062276572 0
709 1.017090714394593 0.0105614246577692 0
710 1.018425358202453 -0.00832368142128828 0
711 0.806069975014051 -0.3270655999365775 0
712 0.8544786146047474 -0.38102669782112 0
713 0.5066759565123931 -0.1251681023860711 0
714 -0.06898389122225668 0.08486009813429118 0
715 1.00271475746569 0.3043698013497149 0
716 0.02098669649872845 -0.3162790986116248 0
717 0.8823384139481021 -0.1516703765069296 0
718 0.8547358935637106 -0.1073543982935785 0
719 0.8103705763416543 -0.1169731102894747 0
720 0.8291694757272587 -0.07713965091557368 0
721 0.8960838295655116 -0.108438590786241 0
722 0.1369203454414988 0.3614870130674824 0
723 0.8412779106544079 0.3573149107948004 0
724 1.028720339111594 -3.781962949707949e-05 0
725 1.02635597307416 -0.0198979331720676 0
726 -0.01955843533465699 0.110702104368838 0
727 0.9137106824967428 0.1218527336219869 0
728 0.8710550738330287 0.1031706879801271 0
729 0.8349987959293421 0.1305365808058954 0
730 0.8325618765689886 0.09085838852840475 0
731 -1.684895391845284 -0.2877563526644192 0
732 -1.765405450236161 -0.2399600092161923 0
733 -1.76482484771894 -0.3373744401841264 0
734 -0.6897318774824477 0.1716963699252914 0
735 -0.7658443731396714 0.2170001342813596 0
736 0.9445962181872369 0.08750119281047257 0
737 0.44812289431775 -0.2121501614475959 0
738 0.9858079619022726 0.01305546246702015 0
739 0.6938407084383819 -0.1206483716315725 0
740 0.641882931132899 -0.1188811557315078 0
741 0.5981004802561466 -0.1616314262822067 0
742 0.7196656903181273 -0.3258218170854597 0
743 0.678260799620123 0.1444477189133397 0
744 0.6245657495067398 0.1242185714573827 0
745 0.5829432998183832 0.1583203387415897 0
746 1.045313371547988 -0.4235041906996347 0
747 -0.04438549600095676 -0.4193582027906456 0
748 -0.04913928502816704 0.4208319669696231 0
749 -0.09084856804131972 0.3428927141255679 0
750 -0.1800378947313004 0.3397240818523536 0
751 -0.236130283382286 0.4153965670026958 0
752 -0.3184578150688878 0.4121204948560226 0
753 1.139916367366715 0.2209232261640921 0
754 1.170638145265742 0.2819853472054583 0
755 1.205621297603214 0.2260353855454803 0
756 1.23831101064928 0.28653775494932 0
757 1.275723852861774 0.2259411882960494 0
758 1.310581715024983 0.2895356362692304 0
759 1.347642021567443 0.228081018771232 0
760 1.26901616204287 0.3501413092405925 0
761 1.386430425438098 0.2905598198017597 0
762 1.244929748628749 0.1678301321587383 0
763 1.429595349226674 0.2148467643359243 0
764 1.473460011371545 0.2829776095717053 0
765 1.367959994287493 0.423078278336653 0
766 1.241252810370903 -0.3549299429901269 0
767 0.9783569854529431 0.1026225288953824 0
768 1.037448104549282 0.4330792949845991 0
769 1.483847440947683 -0.3291414393033224 0
770 0.4467720708337242 -0.4083512000192938 0
771 0.4547471308692575 0.4272909887292263 0
772 0.2771298061710394 -0.1555332403403242 0
773 0.5024515835819743 -0.3368594456870236 0
774 0.6474102303106288 0.4247118029845776 0
775 -0.1278657002862015 0.01300475257729738 0
776 0.3730390758902976 -0.1457371656680347 0
777 -0.03165931130660028 0.07469872374236143 0
778 0.1817785478239308 -0.1325136578864245 0
779 0.3996884037429962 0.1700237743463132 0
780 0.4384313965268062 -0.3278275162924899 0
781 1.025447472859069 0.06100546882770756 0
782 1.029687170176922 0.03842804171538175 0
783 0.3273934643312356 -0.1318249973589903 0
784 0.403344705071522 -0.2676150342185533 0
785 0.07020877922098286 -0.2771724828701935 0
786 -0.06544484523437301 -0.08110964388099789 0
787 -0.0297462812293885 -0.1012810999603043 0
788 -1.66012449859685 0.304772381465613 0
789 -1.576241771016444 0.2506915910023083 0
790 -1.747545086599204 0.3550572085319758 0
791 -0.2554730369879417 -0.4150011836841999 0
792 -0.3497270999389177 -0.415971776729997 0
793 -0.3959714690019805 -0.3359722908555001 0
794 -0.4871260925220665 -0.3334452410937441 0
795 -0.4362926754213858 -0.2585236069532305 0
796 -0.3523964897320953 -0.2612290555519128 0
797 -0.5239349302776309 -0.2514191037411698 0
798 -0.3942065022054838 -0.1804791605453503 0
799 -0.3107961263816731 -0.1973119821959424 0
800 -0.2744141302868411 -0.262257878507813 0
801 -0.5746704799223741 -0.3240727910938885 0
802 -0.6087437405241654 -0.2411113587645048 0
803 -0.5651753895950723 -0.1699355709212964 0
804 -0.6462274243288781 -0.1599929410754967 0
805 -0.7008471197208537 -0.2313337177685434 0
806 -0.2370113776595993 -0.1918655970988622 0
807 -0.309030996890432 -0.3370726764005906 0
808 0.1454365036198773 -0.4194083630036984 0
809 0.2359778369298782 -0.4171016422301271 0
810 1.554137659040538 0.4191040428503509 0
811 1.598732052422064 0.333310289514296 0
812 1.692521404113964 0.3296275082474122 0
813 1.640439111093423 0.2486858093429991 0
814 1.742010694893825 0.2393207533824052 0
815 1.797473016597491 0.3356578827926645 0
816 -0.1380303564791906 0.2777261600822692 0
817 -0.2055561599016233 0.2658906351618383 0
818 1.547110623652435 -0.4127296018342371 0
819 -0.002585606807897464 0.07621300605149428 0
820 0.6572650239934509 -0.4158095889107593 0
821 0.2706370300493748 0.1261727816338236 0
822 0.8763871141050791 -0.07875719315318282 0
823 -0.003102154359707461 0.3549243914571095 0
824 -0.2136872083793371 -0.3300882538192288 0
825 0.4266670556456413 -0.1602219672915482 0
826 1.454356320881368 -0.1642752359273324 0
827 -0.1340710309577405 -0.02988654531879466 0
828 -0.4846967688565458 -0.1818630455499558 0
829 0.7504021952202734 0.08850784353366875 0
830 -0.5574297718264392 0.4123632648951728 0
831 -0.6512734393255335 0.4148195016446735 0
832 0.8976025823539473 0.04051098189438451 0
833 0.8834554055658914 0.06842035020819595 0
834 1.0051100501401 0.01343911565070534 0
835 0.2204759222261937 -0.0842065325667557 0
836 -0.03372206879126909 -0.06853759187156516 0
837 0.6962290932935409 0.3503852272189529 0
838 -0.09187022620641491 -0.01430840780579514 0
839 0.4048579676362706 -0.1137818000915158 0
840 -0.5430699358615346 -0.4131136436590381 0
841 1.512641227790996 0.2208849820232076 0
842 1.585677837558745 0.1752128869362278 0
843 1.420416574004672 0.1249440551641977 0
844 -0.7485021490262375 -0.4118446372844765 0
845 -0.8024385723300053 -0.3306824171745164 0
846 -0.8972078455867691 -0.3266097975442276 0
847 -0.8513623603314229 -0.2462682856209603 0
848 -0.9445148489316845 -0.2418293382032802 0
849 -0.9947099082879408 -0.3244661979284433 0
850 -1.041328714901143 -0.2393749183337702 0
851 -0.9846610472217431 -0.1600318872783786 0
852 -1.092819359854525 -0.3226044913255977 0
853 -1.139384806474803 -0.2366524680316055 0
854 -1.191761318697824 -0.3199197688931036 0
855 -1.235355702650251 -0.2346169116990271 0
856 -1.289585732377811 -0.3168792245317859 0
857 -1.338091740606759 -0.2165815699003898 0
858 -1.38956237306902 -0.3162364651136116 0
859 -1.186839276703427 -0.1560242980279219 0
860 -1.344997968822582 -0.4068596188755346 0
861 -1.503013420800493 -0.3055337767817361 0
862 -1.046848305562784 -0.4109169346693258 0
863 1.748832070376843 -0.415624696768678 0
864 1.797875127171136 -0.332331112704481 0
865 1.906997071439507 -0.3381095940342226 0
866 1.84739439078452 -0.2423069070113641 0
867 1.697345004380549 -0.3466499937298499 0
868 -0.7654209650226798 0.3122226226873452 0
869 -0.8493749880799595 0.2697406025066629 0
870 -0.8504701325269044 0.362613967699218 0
871 -0.9317224906857915 0.3221941249782775 0
872 -0.9310838843381584 0.2226954549126357 0
873 -1.01521126814819 0.2729955868521329 0
874 -1.007662396211327 0.1720311243844866 0
875 -1.090282125896643 0.2193707857547457 0
876 -0.8468880214914614 0.1706701840983418 0
877 1.747255596830325 0.416381682075822 0
878 1.913240863667421 -0.05136980893435493 0
879 1.830154592370366 0.0007741164632952592 0
880 1.829419044416748 0.0971511661748984 0
881 1.749201779465441 0.0514652692720995 0
882 1.744386308490262 0.1404614804781679 0
883 1.830919675922566 0.1891315666389867 0
884 1.827946783738124 -0.09943274734708113 0
885 -1.55063660772056 -0.4107850857175955 0
886 0.1594974855780891 0.07826081702950746 0
887 0.173840540000108 0.1093055581090763 0
888 0.1593567181774947 -0.08007428779491016 0
889 -0.7180256909094811 -0.3225768276949598 0
890 -1.570374978327424 0.348371142155542 0
891 -1.488514770567704 0.2956877285029556 0
892 -1.490236038972623 0.3903542827790081 0
893 -1.492071470629037 0.1974207376110137 0
894 -1.408470714570155 0.2361577127528492 0
895 0.4287548088864513 0.1317906875345987 0
896 -1.580324077651954 0.1508196077720159 0
897 1.048738070316406 0.05250467191835401 0
898 0.7942024467217156 0.09939621111003979 0
899 -1.918368038286404 -0.2448257549153283 0
900 -1.91630617925564 -0.04504652149694124 0
901 -1.150098451133988 0.4147840007210931 0
902 -1.249793652583183 0.4135165943567398 0
903 -1.20418617169931 0.3303406881230663 0
904 -1.297379516336171 0.3333302035588027 0
905 -1.248116340121969 0.2381794919781993 0
906 -1.915214399723708 0.1544740135202575 0
907 0.8163818584565661 0.05932743455363174 0
908 -1.83343863547194 0.309689343985884 0
909 -0.8934296337653573 -0.1599477923416476 0
910 -0.7925308585164506 -0.1721294903207209 0
911 -1.761191085841295 -0.1407991986786984 0
912 -1.410044800519802 0.1426811474332096 0
913 1.914528839732381 0.1480403921640085 0
914 -1.584252231219384 0.05134870900592779 0
915 -1.507245977534752 -0.1986086063086866 0
916 -1.244455449991902 0.1339061435205669 0
917 -1.335422248751072 -0.1089216394517593 0
918 -0.0800725443223938 0.04997118055807358 0
919 0.8413416507693805 -0.04672032789761211 0
920 0.8429558551320491 0.04350496172735019 0
921 0.4787001467224874 0.3153082340427829 0
922 0.912048808862429 -0.04370442287250259 0
923 1.309799302848019 0.1669608574308 0
924 1.275653093162767 0.1114859822897244 0
925 -1.09891705903973 0.3251396521231621 0
926 -0.4723392337580692 0.1254173304752586 0
927 0.7117700733805779 -0.06589227212657685 0
928 0.7153581837715488 0.07122413544530798 0
929 -0.9479046605910908 -0.4125248954326404 0
930 -0.7551758674931054 0.1103087718304464 0
931 -0.6138848176334011 0.122249601063056 0
932 0.5943817760876936 -0.1161829874057144 0
933 0.08904556654345665 -0.3492436576570263 0
934 0.05709523297250202 0.09074555340436308 0
935 0.6428242397758539 -0.07576292432201366 0
936 0.6386255175202543 0.07770655206237721 0
937 1.398976521875144 -0.3423758301574895 0
938 1.026362378820159 -0.1491833416121457 0
939 0.9972454182622469 -0.3518938489184416 0
940 1.724591830306493 -0.1208062403816875 0
941 0.1902475163842514 -0.3535859222422841 0
942 0.2599041502158665 -0.117763058186181 0
943 1.498552938969951 -0.07935881052535895 0
944 0.7467799245230144 -0.06120955101226634 0
945 0.3631129157918392 0.3353891587917148 0
946 -0.9407538500285101 0.4141239211855196 0
947 0.327576187295106 0.09080039879017912 0
948 -0.397987579265483 -0.101664023045983 0
949 0.405461368197765 0.09311068300780206 0
950 0.6008997614278568 0.08247835454389259 0
951 0.4864428611173132 0.08832953408417112 0
952 0.4821902715393612 -0.08787251845908015 0
953 0.5237049172481866 0.08563750159818273 0
954 0.5445853810046811 0.1280779337073739 0
955 0.777774085175723 -0.2624934671914153 0
956 -1.245328242186996 -0.4087102147280213 0
957 -1.085464067168826 -0.1457439553429065 0
958 0.100129676430388 -0.1034400897367445 0
959 -1.326381703567119 0.1841186268735618 0
960 -0.2592227765363919 0.3312954061724339 0
961 0.6608424117191848 0.1078493443858966 0
962 1.350132744974107 -0.08764276872896426 0
963 0.1294312199166477 -0.07743642297100464 0
964 1.907263461628388 0.3425162941307611 0
965 0.1314823444565573 0.07510723608895992 0
966 -0.378864258687484 0.3148088226195737 0
967 -0.183687096507356 -0.1498959534956626 0
968 -0.1663184152414203 -0.2075519056224234 0
969 1.200009037483147 0.347711814402723 0
970 1.228044605209526 0.4185822654052444 0
971 -0.2173014811653366 0.1934163774041316 0
972 0.9643970073171153 -0.1069102686147987 0
973 1.196783370542077 -0.2894532722319278 0
974 -0.02209986977551214 0.05265894027124547 0
975 -1.919296966588136 0.3491548658248143 0
976 -1.844963758481215 -0.4083718909671619 0
977 1.362957400624931 -0.41972971239729 0
978 0.3816331907342222 0.1262169594114843 0
979 0.05382536652777335 -0.226202876608806 0
980 0.1322148722933376 -0.2877088430551936 0
981 1.185003854954321 -0.04087731234760337 0
982 -1.397334073931973 0.3376425281384301 0
983 1.324128059780359 -0.150983725553446 0
984 1.134334851818176 0.335199023687813 0
985 -1.830779577053837 0.2083519901290362 0
986 0.3062111884303118 0.3069177505156053 0
987 1.746522396410906 -0.03472240026593228 0
988 0.7761882385731301 0.3532295254329342 0
989 0.9071669190627891 0.08903720642009071 0
990 -0.2805300581014145 -0.09454744881256844 0
991 -0.9234480205030376 0.1225200626199264 0
992 0.02470973408444936 0.0465094174112075 0
993 1.093659613150094 -0.3608759915972157 0
994 1.124759034003057 -0.2930984752756677 0
995 0.6061880925113439 -0.08085405586577007 0
996 -0.335685932207197 0.06477805206647497 0
997 1.780305459431821 -0.1826357178617019 0
998 -1.8324265987787 0.1079783970344685 0
999 1.187133460799756 0.0891864670643371 0
1000 0.7642787533974638 -0.08919166959509231 0
1001 -0.5238695104083055 0.3384227106982275 0
1002 1.430229020179913 -0.2586493040981629 0
1003 0.9093594168180577 0.2539814915617164 0
1004 -0.3335869630247543 -0.1317493212269098 0
1005 0.5704022046359818 -0.3276164499399155 0
1006 0.8108503110476187 -0.05202430332999577 0
1007 0.7537894389918685 0.2881532607320176 0
1008 -0.2083607874365317 -0.2539951107908808 0
1009 0.2214588311473665 0.0856143736510428 0
1010 0.254765871087036 0.09028877637541506 0
1011 0.3241504072061933 -0.09200126915333059 0
1012 0.0010801527927024 -0.09846092413105151 0
1013 0.06921855278791453 0.3395926574276185 0
1014 1.673553992660708 0.179100560220975 0
1015 1.075261838705471 0.0537522486808847 0
1016 -1.833498417701107 0.009567423007121299 0
1017 -0.01216876337871231 0.03093701961343981 0
1018 0.7207860444879005 -0.2566287555090151 0
1019 -0.1057266688621805 0.2279796304303933 0
1020 0.9409746881794385 -0.3030943403753554 0
1021 0.5838003945963557 0.1160614702798859 0
1022 -0.03762082048491366 -0.3482238824397992 0
1023 0.8722822291958726 0.4262621106443365 0
1024 0.07619752401099866 -0.06608725292707113 0
1025 0.03980155035667162 -0.1819440957281885 0
1026 -1.743701152939288 -0.4214622171076943 0
1027 0.5405197740361478 0.3396428810126348 0
1028 0.2500000000048542 0.4346738715139105 0
1029 -1.08254087711211 0.1226936272787228 0
1030 0.02058688792289069 0.2960471530593898 0
1031 0.4616259385903309 -0.1244126246635319 0
1032 -0.07667855957811494 0.2816758679852586 0
1033 -1.835520569792999 -0.0902967383584988 0
1034 0.1951904298698529 0.3802830465577909 0
1035 0.9348227975317046 0.3043442920960554 0
1036 1.183605482800391 0.1737425699167223 0
1037 -0.06685131937625896 -0.2053123357156099 0
1038 -1.166697505217172 0.1755017777596008 0
1039 -1.614226826012094 -0.3388278691563942 0
1040 0.237971671824525 -0.2958774219360182 0
1041 -0.1399003964736301 -0.1601680611315801 0
1042 0.1407481609310104 0.4357775099584711 0
1043 1.287916722354945 -0.4103133290365474 0
1044 -1.431611987041004 -0.2377810875014018 0
1045 0.1087524900043233 0.128619236882991 0
1046 0.1518932814574746 0.1399096537874749 0
1047 0.5530644626908722 -0.1234233542778758 0
1048 1.007912883286581 0.2541286682865214 0
1049 0.9082831642695803 0.363414467783249 0
1050 -0.06036049961886275 -0.04412274608352305 0
1051 0.5240832164690441 -0.08705495714306812 0
1052 -1.836828932013399 -0.1891803068108042 0
1053 -0.518371902297099 -0.1092394914825654 0
1054 0.2534746455946862 -0.08648551656213349 0
1055 0.6074546541986728 0.3591791689052728 0
1056 -0.1390327256363135 -0.3433005879325366 0
1057 1.03531812581939 -0.1139816976920228 0
1058 1.059575687256056 -0.08004296646111714 0
1059 1.008328378322079 0.1064111665180135 0
1060 0.95193963284552 -0.08216552604878012 0
1061 1.024875185389644 0.08574846247210438 0
1062 0.7462013053866622 0.05744683992610104 0
1063 0.6446212954842476 0.3047771633325104 0
1064 1.932760870165564 -0.2477458225558698 0
1065 1.742530141829959 -0.2643374372398434 0
1066 1.014221685935632 0.02674687399614309 0
1067 1.008751742466782 -0.01370617293027337 0
1068 -1.841951300765925 -0.294531474737081 0
1069 0.9925441512914641 -0.03052808519642295 0
1070 -0.397996072098631 0.09917269713769362 0
1071 -0.6928025402236292 0.3444357156835435 0
1072 -1.267489332477466 -0.1563665517373253 0
1073 -0.06105701794885703 0.03187936733620977 0
1074 0.3675186824273795 -0.3513173665970419 0
1075 1.386567241495483 -0.1392171293803248 0
1076 -0.121667626874085 -0.2275713189716529 0
1077 0.06607520354334537 0.1219289165019559 0
1078 1.108633625909054 -0.08232581512618944 0
1079 0.4261484370809327 0.3587896897073081 0
1080 0.9012265803284826 -0.06914273395308745 0
1081 1.168896137806826 -0.3576786345971298 0
1082 0.9716594635529425 0.07511459291012081 0
1083 0.9955042282906927 -0.2880028145320034 0
1084 0.3125350063258325 0.1260698902874088 0
1085 1.054557219827096 -0.04675369955902879 0
1086 -0.8439420134704678 -0.09980600715299565 0
1087 -0.7189942769563961 -0.1424054060783467 0
1088 0.01159342186865446 -0.04857412072102447 0
1089 1.003023514549412 0.005520868475962223 0
1090 1.052190542380498 0.02897452786587227 0
1091 1.339786117069868 0.3536905665221949 0
1092 0.2028679490846571 0.1086431802494445 0
1093 -0.2784959367172989 -0.1487225425382523 0
1094 1.157728427511153 0.1275782055770034 0
1095 -1.563172239346028 0.4299514392247595 0
1096 -0.2709305459469157 0.2371711294093495 0
1097 0.799977065844481 0.1470192702084102 0
1098 -0.05809100568236163 0.2365486178670721 0
1099 0.292483806838329 -0.1222956214645071 0
1100 1.092455671537229 0.3895026527779371 0
1101 0.9183607522049877 -0.3578720359056797 0
1102 -1.749999999999308 0.4368482623327132 0
1103 1.643533467375966 -0.2806479234431253 0
1104 1.517906623859046 0.3460891167197681 0
1105 0.2013253549300667 -0.1094457661280324 0
1106 1.029409719622624 0.01961157054671044 0
1107 0.85239184543001 0.06826811998588619 0
1108 0.9302606374466093 -0.1021771903931142 0
1109 -0.4492090024553432 0.06267140969925707 0
1110 1.159121982006888 -0.07965827091569043 0
1111 1.682614900626688 0.01577482547825142 0
1112 1.102004737047596 0.1928234363598902 0
1113 0.1401227184763622 0.1047153978255886 0
1114 1.423663415081103 0.3530787775162046 0
1115 0.4744334087110503 0.1277588399622736 0
1116 0.7949853429948673 -0.08545880537169744 0
1117 1.216905934940704 -0.4258340010587582 0
1118 1.839042541795506 0.2676526656937629 0
1119 1.034323146546757 -0.0399433999390326 0
1120 -1.003853512762255 0.3520694738439498 0
1121 -0.1690276662941099 -0.003551677321235796 0
1122 -0.09206920663341296 -0.3682291594055189 0
1123 1.043952700057379 -0.004402830633082791 0
1124 0.5400871611612811 0.1772015062205591 0
1125 1.926794919243411 0.426794919243263 0
1126 1.926794919242814 -0.426794919242962 0
1127 1.567471697523449 0.2663518966131673 0
1128 -1.926794919242814 0.4267949192429619 0
1129 -0.7738070659045285 -0.2581786688407962 0
1130 0.9165304605774159 -0.1395561731952503 0
1131 -1.92730407354478 -0.4273040735446288 0
1132 1.021814647356124 0.1319944698287129 0
1133 0.6037638874623332 -0.3714040856159092 0
1134 1.001251281199229 0.02541340301016014 0
1135 0.1511146422168179 -0.2417922660077025 0
1136 0.4032770431494329 -0.08253735849398602 0
1137 0.7321519327797905 -0.09214901650111824 0
1138 -0.05011366394701845 0.05439366569387331 0
1139 -1.165643041267295 0.2571311997485687 0
1140 0.9658832941312961 0.3508065497559314 0
1141 -0.3290205153845179 0.3426266879704875 0
1142 -0.6718452905131299 -0.09532046403498542 0
1143 -0.8499999999968099 0.4427524440392221 0
1144 0.3462369356812807 0.1173496336269331 0
1145 -0.002241270168136967 0.02331136515671391 0
1146 0.1629773309303036 -0.1085884974551611 0
1147 -1.33253947107806 0.2617154389374718 0
1148 0.02641484631368728 0.09586630729416762 0
1149 -0.02178507610624628 -0.01937917396751111 0
1150 0.3112572637456074 0.3637588352265482 0
1151 -0.007343163899330339 -0.0785726280076757 0
1152 1.620301723764063 -0.3530635433986965 0
1153 0.1658495481909696 0.1760718336280692 0
1154 -1.150624688371764 -0.08498697500707442 0
1155 1.370155076817047 0.1691688549318694 0
1156 -0.007492962591846206 -0.01146391962327724 0
1157 0.07299342683327606 -0.1952979946209063 0
1158 -1.013573934073392 -0.08798691889316121 0
1159 0.8499999999968099 -0.4506649882134136 0
1160 0.690246378227357 0.1021004389016934 0
1161 0.8545912191896875 -0.07133953233057337 0
1162 1.29091724042453 0.06142071520787537 0
1163 0.08078818915224242 -0.08952262824843701 0
1164 0.8922969119819748 -0.03726896506788935 0
1165 0.9901639476497786 -0.1310334038118371 0
1166 0.5072794100978049 0.1172271601502514 0
1167 -0.5486227132089965 0.1022405636684982 0
1168 1.060026998634892 0.007781902886357877 0
1169 1.077594146109196 -0.00592270678550118 0
1170 0.4950007705291958 0.3745020796204762 0
1171 1.025255632696479 -0.08617923202969596 0
1172 1.841264880639565 -0.1706719959881306 0
1173 0.01553864006594417 -0.08544169048060588 0
1174 -0.1966537325681786 0.02236636025349481 0
1175 -0.02959650875412619 -0.04538095918741797 0
1176 0.8052568462325391 0.4114440674430803 0
1177 -1.694502234312974 -0.3615675901560526 0
1178 -1.423541678163986 0.4298635904844241 0
1179 0.9954410021657005 0.01758674514401349 0
1180 0.01514002271092629 -0.3715726201850499 0
1181 -0.6440367641749632 -0.3041734010881965 0
1182 -0.009133253277248439 -0.05823069921474706 0
1183 1.30096137572234 0.4090984839009371 0
1184 0.231547586268225 -0.1077343618970669 0
1185 1.007419170685636 -0.02615673459374337 0
1186 0.7755156135783807 -0.1206586530586864 0
1187 1.096631219705766 0.03834540860294747 0
1188 0.3058045514787225 -0.403420147994526 0
1189 0.001960894763214354 0.05072239154732938 0
1190 0.01756136591521412 0.06506437904801726 0
1191 1.02890703203536 0.3658831021092077 0
1192 -0.3929529086714024 0.3854059790661638 0
1193 -0.09597866923608249 0.02748879323623764 0
1194 1.218567289579884 0.1214770507115 0
1195 -0.4521307670105536 -0.1279897215774041 0
1196 0.1625009408389037 0.2074682648060631 0
1197 0.6684825282085651 -0.1015153635891262 0
1198 -0.03398062029707157 0.3077256856548034 0
1199 0.8862742710557459 -0.05793441267300357 0
1200 0.8967617461552286 -0.0532058495104884 0
1201 0.881809436882492 -0.04199752823040452 0
1202 0.9341513461978497 0.1260163953026341 0
1203 0.9291534503419898 0.1046769632162297 0
1204 0.9495941140430968 0.108840624896877 0
1205 0.139646541463854 -0.3514147899496552 0
1206 0.1612311943387945 -0.3206473826487388 0
1207 0.1106302194183972 -0.3184762503561099 0
1208 1.524314050060875 -0.316804398890866 0
1209 1.515479032300059 -0.3709355205687798 0
1210 1.555945641413251 -0.3585984801563233 0
1211 0.08325813229967685 0.05686962851901686 0
1212 0.06276063229967685 0.05227862851901686 0
1213 -0.5811525486309794 0.3664590638333744 0
1214 -0.6043516055759863 0.4135913832699231 0
1215 -0.6280743823805266 0.3676871822081247 0
1216 0.684741030890002 -0.09560720667679014 0
1217 0.7028053909094798 -0.09327032187907466 0
1218 0.6937057133611 -0.06822915692429232 0
1219 -0.1896845460788064 0.1331041515833626 0
1220 -0.1890402150984359 0.1685335989256933 0
1221 -0.2179458121457071 0.157986930061801 0
1222 0.7880690543256383 -0.3708012103197974 0
1223 0.7628678326660892 -0.3264437085110186 0
1224 0.7448669119776765 -0.3701793188942385 0
1225 0.4983860354148509 -0.4108743298203049 0
1226 0.526225791788976 -0.3751284526541698 0
1227 0.4746118272078492 -0.3726053228531587 0
1228 0.8122733741209865 -0.3977817592620687 0
1229 0.8302742948093992 -0.3540461488788488 0
1230 0.678527005771025 -0.327307330538553 0
1231 0.6473266726086868 -0.3723012164512027 0
1232 0.688465357155789 -0.3708157029981095 0
1233 -0.04427116327845683 0.09778110125156461 0
1234 -0.05032160126442848 0.0797794109383263 0
1235 -0.02560887332062864 0.09270041405559973 0
1236 -0.4605725926272057 0.3564435590048923 0
1237 -0.4970071580418505 0.3715207409960856 0
1238 -0.4874349449936607 0.3233455287070343 0
1239 0.4171080885421082 0.1124506852712004 0
1240 0.4051939998103368 0.1290038234730415 0
1241 0.3935472794659936 0.1096638212096432 0
1242 0.4383651697893698 0.1123668223405248 0
1243 0.4267184494450266 0.09302682007712648 0
1244 -0.1818436041922344 -0.3717428567205128 0
1245 -0.1445163628207226 -0.3783490237771666 0
1246 -0.1763599670078253 -0.3366944208758827 0
1247 -0.4219766441252092 0.3468371628910024 0
1248 -0.431548857173399 0.3950123751800537 0
1249 0.6315956335134971 0.1009625617598799 0
1250 0.6127327554672983 0.1033484630006376 0
1251 0.6197626394740556 0.0800924533031349 0
1252 1.050041618478515 -0.1398499838299737 0
1253 1.05451949197813 -0.1222491618699123 0
1254 1.030840252319774 -0.1315825196520843 0
1255 0.3022616352511375 -0.1436791188496573 0
1256 0.3099386355847823 -0.1270603094117487 0
1257 0.2848068065046842 -0.1389144309024156 0
1258 1.466923720473079 -0.3712694494623192 0
1259 1.498555311825455 -0.4130635307277766 0
1260 0.3722703037460898 -0.280466419179596 0
1261 0.3543572924240186 -0.3223175853688403 0
1262 0.3854316937494507 -0.3094662004077976 0
1263 1.583706173708249 -0.3828965726164668 0
1264 1.592541191469065 -0.328765450938553 0
1265 1.439467143073919 0.05692166619385974 0
1266 1.448787962529422 0.09522425718943292 0
1267 1.41109575454917 0.08664146416862453 0
1268 -0.06809859333489338 0.1111667315931825 0
1269 -0.04338586539109353 0.1240877347104559 0
1270 0.1900320229080384 -0.3147524032125418 0
1271 0.1610157008625815 -0.2818138636189966 0
1272 0.9902713078868119 -0.00867595254342233 0
1273 0.9925210236506943 -0.01256821246115399 0
1274 0.9960937157638823 -0.00601225991773166 0
1275 0.9197764443791456 -0.02456303564500437 0
1276 0.9082784044312144 -0.02880921143625129 0
1277 0.9235468488103601 -0.03945824708125566 0
1278 1.702228895366364 0.0716435701185872 0
1279 1.746794043977851 0.09596337487513368 0
1280 1.699821159878774 0.1161416757216214 0
1281 -0.9693731402747428 0.1973632896485611 0
1282 -0.9655552083571823 0.1472755935022065 0
1283 -0.9272659524205979 0.172607758766281 0
1284 0.0535441077878223 -0.05121669008602531 0
1285 0.06439436979332164 -0.06582681654956088 0
1286 0.06534726200549933 -0.05147712646353556 0
1287 1.041189584030404 -0.01998484618179927 0
1288 1.030339559810458 -0.0299206665555501 0
1289 1.045173170766703 -0.03000757956528178 0
1290 -0.2027365184965367 -0.4141993216529982 0
1291 -0.2345801226836394 -0.3725447187517144 0
1292 0.2828247016170911 0.1513861911636893 0
1293 0.2915860181876037 0.1261213359606162 0
1294 0.3037736897553199 0.1513347454904819 0
1295 -0.5643724179219127 0.3294887867349018 0
1296 -0.5406496411173723 0.3753929877967002 0
1297 0.09978915825257741 0.0959411362191445 0
1298 0.1120113296829723 0.1128545609692565 0
1299 0.09653031857392838 0.111705812132879 0
1300 0.9158599445519301 -0.06710176972207582 0
1301 0.9157436088875459 -0.08565996217310082 0
1302 0.9303769731109934 -0.08361899794208918 0
1303 0.2380909395547662 -0.3448947373754343 0
1304 0.261953017274903 -0.3160404872223013 0
1305 0.2141095941043882 -0.3247316720891511 0
1306 0.6538602868868053 0.1655155584400473 0
1307 0.6270127618301138 0.1554009847120688 0
1308 0.6514132745634313 0.1343331451853612 0
1309 -0.1151754738251569 0.08571035376950369 0
1310 -0.09217319942478365 0.07200228257486498 0
1311 -0.09198616562262997 0.09856816932892989 0
1312 -0.007540627908798544 -0.03198538503763899 0
1313 -0.01373434529900407 -0.02115918217204209 0
1314 -0.01559135871604075 -0.03020537683310801 0
1315 1.464078083636867 0.1815220392294716 0
1316 1.425005961615673 0.169895409750061 0
1317 1.459488696025866 0.1365706846436083 0
1318 -0.8063661973155664 0.1938351591898507 0
1319 -0.8010319444922833 0.1404894779643941 0
1320 -0.7605101203163884 0.163654453055903 0
1321 0.6036325119947143 -0.4146035242660376 0
1322 0.6305144557278921 -0.3936068372633342 0
1323 0.5768819437291555 -0.3924007726186126 0
1324 1.001956186488886 -0.03647832647916547 0
1325 1.009393696185971 -0.03429265117782568 0
1326 0.9999816609885501 -0.02834240989508316 0
1327 1.173415454597299 -0.1118127398935916 0
1328 1.182767726435132 -0.08998894504512227 0
1329 1.149769710169056 -0.1014820657641598 0
1330 1.004496398217589 0.1538431066316351 0
1331 1.006906085886256 0.1339126870877229 0
1332 1.019404959687457 0.151924889372625 0
1333 0.9700786988754604 0.01608553910785609 0
1334 0.9806679809511363 0.008848731233510073 0
1335 0.9752186798265967 0.02029227034136617 0
1336 1.821886771994547 0.3768899125977849 0
1337 1.852368239112939 0.3390870884617128 0
1338 1.876781994509996 0.3803191182668332 0
1339 0.3194317223463134 0.1645443562640487 0
1340 0.328193038916826 0.1392795010609756 0
1341 1.000705847577585 -0.007878933829527012 0
1342 1.003547586997273 -0.01180534638286835 0
1343 1.005910003047093 -0.00977976037693204 0
1344 1.485152115116448 -0.1992364032123572 0
1345 1.44229267053064 -0.2114622700127476 0
1346 1.47308846476572 -0.2464234372977724 0
1347 1.032798252948796 0.1572737711976379 0
1348 1.035207940617463 0.1373433516537258 0
1349 0.7129963206090861 -0.1063986940663454 0
1350 0.7219610030801842 -0.07902064431384755 0
1351 0.08741384677383432 0.1252740766924735 0
1352 0.07519167534343944 0.1083606519423614 0
1353 0.02796270656059208 0.1606795114516563 0
1354 0.04987378250218562 0.1498482517439731 0
1355 0.05167508258521329 0.1723310921197948 0
1356 -0.1480436665592372 0.2440667728214762 0
1357 -0.1717932581904069 0.2718083976220538 0
1358 -0.1818065682704536 0.2381490103612607 0
1359 0.8337803362491654 0.1106974846671501 0
1360 0.8146006213255288 0.1149663959579676 0
1361 0.813382161645352 0.09512729981922227 0
1362 1.416616507372546 -0.1841758076457112 0
1363 1.404552857021818 -0.2313628417311264 0
1364 0.6517938534573505 -0.1429114915036018 0
1365 0.6199917056945228 -0.1402562910068572 0
1366 0.6299026280189743 -0.1642866267789512 0
1367 0.9010552911769736 0.02721249094719225 0
1368 0.8883165411770169 0.02876074094718701 0
1369 -0.04697536120051359 0.3489085527913387 0
1370 -0.06241459416919565 0.3253091998901857 0
1371 -0.01854138732838952 0.3313250385559564 0
1372 -0.002910127418483874 0.03194430325100589 0
1373 0.004154701652479455 0.04183698921795068 0
1374 -0.005103934307748977 0.0408297055803846 0
1375 -1.548705322536268 -0.2756994025307367 0
1376 -1.505129699167623 -0.2520711915452113 0
1377 -1.550821600903398 -0.2222368172942119 0
1378 0.04611830501045489 0.1300627937888952 0
1379 0.0698306810350761 0.1417143744570337 0
1380 0.9104388007797659 0.1054449700210388 0
1381 0.925881568625013 0.08826919961528164 0
1382 -0.41493231913325 0.3115385846677073 0
1383 -0.3859085836794433 0.3501074008428687 0
1384 0.8655615038343949 -0.09305579572338069 0
1385 0.8654891666473833 -0.07504836274187809 0
1386 0.8546635563766991 -0.08934696531207595 0
1387 1.818257779196498 0.3016552742432137 0
1388 1.873153001711947 0.305084479912262 0
1389 -0.8423171959167894 0.1202182589944614 0
1390 -0.7964611189176114 0.09003755286051371 0
1391 0.9762153497053593 0.02774546473776095 0
1392 0.9868046317810352 0.02050865686341493 0
1393 0.9103098987924966 0.05237602468702779 0
1394 0.9032363103984686 0.06633070884393351 0
1395 0.8905289939599194 0.05446566605129023 0
1396 0.3629605344658801 -0.2170666120353222 0
1397 0.3709027321472769 -0.251539589864345 0
1398 0.3954025073901251 -0.2331420563895304 0
1399 0.8296688567943076 0.05141619814049096 0
1400 0.8476738502810295 0.05588654085661819 0
1401 0.834386851943288 0.06379777726975897 0
1402 0.4208880507991641 -0.2977212752555216 0
1403 0.4029750394770928 -0.3395724414447659 0
1404 1.505601022919028 0.1845411480731132 0
1405 1.471118288508835 0.217865873179566 0
1406 -1.00439842341072 0.1233917606399563 0
1407 -0.9622912355565756 0.09863622975767618 0
1408 -0.268065141688785 0.4576982835013479 0
1409 -0.3092289075320859 0.4560602474280113 0
1410 -0.2772940492255869 0.4137585309293592 0
1411 -1.804894303100077 -0.3728731655756441 0
1412 -1.803388074242433 -0.3159529574606037 0
1413 -1.84345752962357 -0.3514516828521214 0
1414 0.3695554619879678 -0.1211236565149404 0
1415 0.3467326562084367 -0.1141675723604182 0
1416 0.3502162701107666 -0.1387810815135125 0
1417 1.194245223544299 -0.1341645881390099 0
1418 1.161247207278222 -0.1456577088580475 0
1419 0.8052921525891408 0.07936182283183577 0
1420 0.8244718675127773 0.07509291154101824 0
1421 0.8419526846454847 -0.09224702460457611 0
1422 0.8418803474584731 -0.07423959162307353 0
1423 0.2609560998275796 -0.3766525973693557 0
1424 0.2131126766570648 -0.3853437822362056 0
1425 -0.6055815089982906 0.07590594428119557 0
1426 -0.5729504567860881 0.06590142558391671 0
1427 -0.5812537654211988 0.1122450823657771 0
1428 0.96147660182009 0.09506186085292748 0
1429 0.9664744976759498 0.1164012929393319 0
1430 1.049987947522014 -0.01223729491230687 0
1431 1.035154336565769 -0.01215038190257519 0
1432 -0.1594179628354095 0.177029103003969 0
1433 -0.1876792289023102 0.2019118814824074 0
1434 -0.02945460944100148 0.04247631219615195 0
1435 -0.02448905624260157 0.03161535186724912 0
1436 -0.01713431657711222 0.04179797994234264 0
1437 -1.379119081900376 -0.1842632946514873 0
1438 -1.336756994678915 -0.1627516046760745 0
1439 -1.377784335972532 -0.130433329427172 0
1440 1.373768605671934 0.07499932264372927 0
1441 1.383089425127437 0.1133019136393024 0
1442 -0.09771752597485221 0.05455782378675618 0
1443 -0.07452821777232524 0.06741563934618239 0
1444 0.8957987115138621 -0.4019207656756476 0
1445 0.9277397803139823 -0.3903434347179274 0
1446 0.8864196834048675 -0.3694493668633999 0
1447 -1.883140268170325 -0.3779241686480174 0
1448 -1.88163403931268 -0.3210039605329769 0
1449 -0.09719274800304423 -0.4163778312062211 0
1450 -0.06822735131718485 -0.3937936810980822 0
1451 -0.1210346033192723 -0.3908133095136578 0
1452 1.129854724957893 0.4569125929639551 0
1453 1.096227835769862 0.4447513263889685 0
1454 1.126082560725259 0.4016639193529237 0
1455 0.03960336704222468 0.04168820870560375 0
1456 0.02459086704222468 0.03620120870560375 0
1457 0.7136665788153382 -0.4151732048068882 0
1458 0.4704414900543902 -0.3323434809897567 0
1459 0.4426017336802652 -0.3680893581558918 0
1460 0.6720619407750936 -0.08604070265556699 0
1461 0.6811616183234734 -0.1110818676103493 0
1462 0.8738545379440441 -0.06274164227305126 0
1463 0.8888068472167808 -0.07394996355313513 0
1464 0.4222250805760318 -0.1003413655037779 0
1465 0.4332419531133007 -0.1190972123775239 0
1466 0.4506090660530619 -0.105656777789786 0
1467 0.6423535854543765 -0.09732204002676073 0
1468 0.6245061661435989 -0.07830849009389187 0
1469 0.6240355118221215 -0.09986760579863894 0
1470 1.048186466519468 0.01949543669128902 0
1471 1.040800131001561 0.02429304920629136 0
1472 1.03679605514053 0.0148139580317081 0
1473 0.1010691975414854 -0.08756857665968315 0
1474 0.1147804481735179 -0.09043825635387456 0
1475 0.1157199692846152 -0.07456674327681323 0
1476 -0.182030006997399 -0.3041500863626527 0
1477 -0.1793667965259963 -0.2661035148484787 0
1478 -0.2110239979079344 -0.2920416823050548 0
1479 0.02850253681762755 -0.04018609124473699 0
1480 0.04351503681762756 -0.04567309124473699 0
1481 1.062578061103701 0.09495388981498501 0
1482 1.053854298887997 0.1116514606255696 0
1483 1.046146065642343 0.09289619751095676 0
1484 0.6576205292460542 0.196831868264154 0
1485 0.6820210419793719 0.1757640287374464 0
1486 1.071485414203057 -0.02939083249289066 0
1487 1.082270889764331 -0.02231630628987578 0
1488 1.066808670547922 -0.01299723298851607 0
1489 0.04559773785985565 -0.2967257907409092 0
1490 0.05501613152109255 -0.3327613781343256 0
1491 0.07962717288221975 -0.3132080702636099 0
1492 0.9714881972612035 -0.01632057601281762 0
1493 0.9770735051480155 -0.02161552855623994 0
1494 0.9811133078868119 -0.00993695254342233 0
1495 0.9475407179819835 0.03157644121473271 0
1496 0.9587363140283434 0.04215007213275669 0
1497 0.941647634259406 0.04619743513177722 0
1498 0.415762511640956 -0.137001883691532 0
1499 0.4441464971179861 -0.1423172959775401 0
1500 0.7849967895242518 0.07920557400552308 0
1501 0.7960864953916771 0.05917118572731905 0
1502 1.068724052275889 0.4665396474922996 0
1503 1.064951888043256 0.4112909738812681 0
1504 0.2267845655618028 -0.1656000426608624 0
1505 0.2540705394601664 -0.1729811948099086 0
1506 0.2498438322726758 -0.148152088191278 0
1507 -0.5550136894197506 0.03879310007350747 0
1508 -0.5306859458426588 0.07513223815808902 0
1509 0.1082139788055949 0.2811356620954018 0
1510 0.101704748673458 0.3180656182749622 0
1511 0.07572778292005147 0.3026627012480581 0
1512 1.083311122212339 0.0948342959750318 0
1513 1.075602888966684 0.076079032860419 0
1514 1.120008031915813 -0.4609400622145414 0
1515 1.092664717691056 -0.4226921575643587 0
1516 1.072656685772745 -0.4617520953498174 0
1517 0.6953536081435203 0.3105280349995843 0
1518 0.724133780992684 0.2794120517561167 0
1519 0.7250092661427047 0.3192692439754853 0
1520 1.022905526753094 0.00526180251413606 0
1521 1.029065029367109 0.009786875458606679 0
1522 1.023250217008608 0.01508649760223982 0
1523 0.6012495072570516 0.2046579988639903 0
1524 0.5779912700894994 0.1905264692514078 0
1525 0.6062015369859355 0.1724518683541723 0
1526 1.040158650358558 0.06860204776403989 0
1527 1.039872506623846 0.08097354458623829 0
1528 1.025161329124356 0.07337696564990596 0
1529 -0.1401063812062509 0.1001457010257916 0
1530 -0.1402934150084045 0.07357981427172666 0
1531 0.8555488907598985 0.168431821049241 0
1532 0.834125453371809 0.1579783244844774 0
1533 0.8564222333174316 0.140990077370659 0
1534 -0.3026000684634297 -0.4154864802070984 0
1535 -0.2822520169391868 -0.3760369300423952 0
1536 -0.3293790484146748 -0.3765222265652938 0
1537 -0.6093103829669093 -0.3613283278027887 0
1538 -0.5935101109364895 -0.4058487540853635 0
1539 -0.5588702078919543 -0.3685932173764633 0
1540 1.04093885627871 0.03370128479062701 0
1541 1.029548444899773 0.02901980613104609 0
1542 -0.03610676686126529 0.05352630298255939 0
1543 -0.04346150652675464 0.04334367490746587 0
1544 1.025940453424209 -0.3241562919769787 0
1545 1.04545251570617 -0.3563849202578286 0
1546 1.074147550868132 -0.3286473633163658 0
1547 0.4177916020132392 -0.2054096200040517 0
1548 0.425733799694636 -0.2398825978330746 0
1549 1.953498535719754 -0.3190547970173887 0
1550 1.953498535719754 -0.36905479701725 0
1551 0.3030623620300103 -0.167125341632388 0
1552 0.3281941911101084 -0.155271220141721 0
1553 -0.1250000000052011 -0.4566987298108983 0
1554 -0.07219274800311365 -0.4596791013953228 0
1555 -0.5846871521962252 -0.124859939791343 0
1556 -0.6252131695631282 -0.1198886248684431 0
1557 -0.6057014069619753 -0.1649642559983965 0
1558 -0.2114288205334799 0.2296535062829849 0
1559 0.02761658055110898 0.4576349178648183 0
1560 -0.02456964251133128 0.4604159834848115 0
1561 0.003046938034273222 0.4180509013496299 0
1562 0.3398283308218447 -0.2643909748253878 0
1563 0.9550661988754604 0.01809353910785609 0
1564 0.937977519106523 0.02214090210687662 0
1565 0.8166145883293785 0.1662196691857348 0
1566 0.8174879308869116 0.1387779255071528 0
1567 0.01803271093432723 -0.03723356036051224 0
1568 0.02206324775195478 -0.05152665160524923 0
1569 0.3461719085143393 0.1804264255759231 0
1570 0.3717697376254079 0.1612564430904278 0
1571 0.3740905746319277 0.1891937568318085 0
1572 -0.6838331900413508 0.1149753398998995 0
1573 -0.6459096601168275 0.09025195546878179 0
1574 -0.6518083475579244 0.1469729854941737 0
1575 0.9898259809511363 0.007587731233510073 0
1576 -0.7466889891186521 -0.2017316040446322 0
1577 -0.7099206983386248 -0.1868695619234451 0
1578 -0.7557625677364233 -0.1572674481995338 0
1579 1.003318161402233 0.0909722242554504 0
1580 1.011591564936016 0.08064087223249583 0
1581 1.016601781855861 0.09607981449505895 0
1582 1.061510763848687 -0.1588203287117341 0
1583 1.037831524190331 -0.1681536864939061 0
1584 0.4437515742088133 0.1577559914131926 0
1585 0.4515941087987508 0.1297747637484362 0
1586 0.4665908741211128 0.1557400676270301 0
1587 1.059443764114079 0.1282006932041682 0
1588 1.04301176865272 0.12614300090014 0
1589 0.9174800191065231 0.02476890210687662 0
1590 0.9140273102834967 0.03806739305406888 0
1591 -0.6376063514817168 0.04390829868692138 0
1592 0.4373949749816957 -0.186186064369572 0
1593 0.4070636826771848 -0.1794455229260279 0
1594 0.09607675326910615 0.3883784243985595 0
1595 0.062225856942314 0.3774312465786276 0
1596 0.1030694491147067 0.3505398352475505 0
1597 -0.3592289075322248 0.4560602474280113 0
1598 -0.3964764543334821 0.4427029895330819 0
1599 -0.3557053618701451 0.3987632369610932 0
1600 0.8734857515118111 0.03066869845879851 0
1601 0.8827717926887415 0.04241893940599601 0
1602 0.791922030094887 -0.2947795335639963 0
1603 0.7487198877469252 -0.2941576421384375 0
1604 0.993564589038584 0.1720299976676103 0
1605 0.9810657152373833 0.1540177953827082 0
1606 0.1385054630778671 -0.1294026224835265 0
1607 0.1534560789312168 -0.1278863426638253 0
1608 0.148026715076954 -0.1101047772748624 0
1609 0.7970897562830983 0.123207740659225 0
1610 -0.06999392653474337 0.3818623405475955 0
1611 -0.02612071969393725 0.3878781792133663 0
1612 -0.2180651416886464 0.4576982835013479 0
1613 0.02606550336850301 0.3850971135933731 0
1614 -0.2323894682190076 0.2985930206671361 0
1615 -0.2650766612416537 0.2842332677908916 0
1616 -0.2382433529242695 0.2515308822855938 0
1617 0.5749999999960471 -0.4566987298106581 0
1618 0.6286325119947838 -0.4579047944553796 0
1619 -1.604312025142068 -0.2923464487180657 0
1620 -1.558620123406294 -0.3221808229690651 0
1621 -0.2613591026348845 -0.3335804651099097 0
1622 -0.2342003379644512 -0.1583238975223099 0
1623 -0.2103492370834776 -0.1708807752972624 0
1624 -0.2075381973883295 -0.1373390757207101 0
1625 0.9955392079635512 0.005091946666186042 0
1626 0.9915211889146875 0.01055967789969611 0
1627 0.8570712387567979 -0.1555282839197399 0
1628 0.8685371537559063 -0.1295123874002541 0
1629 0.8432699785646022 -0.1333702948130644 0
1630 0.9684576585739318 -0.1657933148523272 0
1631 0.9885030307789431 -0.1582548860878296 0
1632 0.9701185754447674 -0.1385718325763347 0
1633 0.6467497040458225 -0.1918762782945836 0
1634 0.6149475562829949 -0.1892210777978391 0
1635 0.01466441728933335 -0.02858067650350993 0
1636 0.008225128223660581 -0.03992123686402217 0
1637 -0.02569079243018623 -0.03238006657746454 0
1638 -0.01949707503998071 -0.04320626944306144 0
1639 0.8522393073007786 -0.4158458430172668 0
1640 0.8935594042098933 -0.4367399108717944 0
1641 0.895778176601132 0.1366481537787048 0
1642 0.8744503722692749 0.1273071309577748 0
1643 0.8923828781648857 0.112511710801057 0
1644 -0.2016648964505098 -0.1997087513606428 0
1645 -0.1750027558743882 -0.178723929559043 0
1646 0.5565632007609482 0.1999670529908924 0
1647 0.5615152304898321 0.1677609224810744 0
1648 0.9883324649676652 0.08907790544413483 0
1649 0.9933426818875111 0.1045168477066979 0
1650 0.6181323536102963 -0.1175320715686111 0
1651 0.5962411281719201 -0.1389072068439605 0
1652 0.9013844159160344 0.1577415722905351 0
1653 0.9193169218116451 0.1429461521338173 0
1654 0.1628566873780304 -0.1398489228794569 0
1655 0.1723779393771172 -0.1205510776707928 0
1656 1.038632362688849 0.1782752206147026 0
1657 1.054435343618855 0.1636936828958033 0
1658 -0.7831689622104896 -0.2151540795807586 0
1659 -0.7373270928126912 -0.2447561933046698 0
1660 1.172430944155455 0.1083823363206703 0
1661 1.20285037518982 0.1053317588879186 0
1662 1.188147858545519 0.1245276281442517 0
1663 0.1276964439189918 0.1009026414405553 0
1664 0.1244376042403428 0.1166673173542898 0
1665 0.9978138820204632 -0.04597511531954593 0
1666 0.9884018468230419 -0.04002487403680341 0
1667 0.4829894109694842 0.1700266433455211 0
1668 0.4908319455594217 0.1420454156807646 0
1669 0.6497339646197196 0.0927779482241369 0
1670 0.6427040806129622 0.1160339579216396 0
1671 -0.1447027656258872 -0.3107562534193066 0
1672 0.8100340668170178 -0.4326009044582154 0
1673 1.708970150575485 0.1597810203495714 0
1674 1.664405001963997 0.1354612155930249 0
1675 0.3789805001237901 0.4575724968502701 0
1676 0.4063540655561997 0.4212179912148832 0
1677 0.4273735654368479 0.4636454943646132 0
1678 0.01536592467821712 -0.1020301811774402 0
1679 0.02259516831483801 -0.09552056435221737 0
1680 0.008309396429323285 -0.09195130730582869 0
1681 -0.04704128420506593 -0.0563301689775441 0
1682 -0.03165928877269764 -0.05695927552949157 0
1683 -0.04497850418649448 -0.0447518526354705 0
1684 0.7358939287405983 0.1025929574033265 0
1685 0.718371923016236 0.09395110335914614 0
1686 0.7328801894959112 0.07986598948948836 0
1687 0.9475285335924628 0.1681221285321655 0
1688 0.939757585512752 0.1471098138144645 0
1689 0.9623629579786673 0.1511923717009824 0
1690 -0.7224538724877765 0.1410025708778689 0
1691 -0.7165551850466796 0.08428154085247702 0
1692 -0.09110086773526667 0.1248748027878212 0
1693 0.8325532349526825 -0.1121637542915266 0
1694 0.8197700260344565 -0.09705638060252417 0
1695 1.116837838492109 -0.3913780580131492 0
1696 1.069486492349041 -0.3921900911484252 0
1697 1.170666955155772 0.1506603877468629 0
1698 1.201086386190137 0.1476098103141112 0
1699 0.5249999999959083 -0.4566987298106581 0
1700 0.4733860354147815 -0.4541756000096469 0
1701 -0.4925442061171952 0.08672062156146917 0
1702 -0.4809790904658322 0.05534766117346843 0
1703 -0.4607741181067062 0.09404437008725783 0
1704 -1.302790536542112 -0.1864740608188575 0
1705 -1.301455790614269 -0.1326440955945423 0
1706 0.8037646583904213 -0.1582990890692544 0
1707 0.821087319953574 -0.1381796508110124 0
1708 0.7930479147785017 -0.1370925485477166 0
1709 -0.01569708970935566 -0.1339014382610586 0
1710 -0.01459207117955011 -0.1131136069233944 0
1711 -0.03085129975919405 -0.1220689312979685 0
1712 -0.1001223946013774 -0.07712918936914498 0
1713 -0.08339784852364437 -0.08926078393209494 0
1714 -0.08216939131210604 -0.06897804931804793 0
1715 0.9150920671469175 0.07663913694988089 0
1716 0.8953111623143403 0.07872877831414332 0
1717 0.6002849342995187 -0.09851852163574223 0
1718 0.7182679263697814 0.4602068951716651 0
1719 0.6737051151571175 0.4623559014922888 0
1720 0.6919730415232928 0.4225627966639539 0
1721 1.487860084550615 0.1068508866688435 0
1722 -0.6093536220486686 -0.3141230960910425 0
1723 -0.6439935250932038 -0.3513786327999426 0
1724 0.8892111217568068 -0.1300544836465853 0
1725 0.8754098615646111 -0.1078964945399098 0
1726 0.1166028878269962 -0.1075305734156541 0
1727 0.131253659570126 -0.09452874003278419 0
1728 1.081344026581264 -0.1822624587977901 0
1729 1.093554120869448 -0.1539587561338578 0
1730 -0.2888402958026398 0.3717079505142282 0
1731 -0.2476765299593389 0.3733459865875648 0
1732 0.270397259333403 0.1977429850230429 0
1733 0.2433932221966776 0.1903927177545052 0
1734 0.2680083360480819 0.1692493334250174 0
1735 0.2182096879168715 0.1518061746800984 0
1736 0.2138371679283904 0.1306940146667926 0
1737 0.2366317789228754 0.1407869061431739 0
1738 0.8986552049469971 -0.08879066236966421 0
1739 0.9131722335060604 -0.1053078905896776 0
1740 -0.130968365621971 -0.00844089637074864 0
1741 -0.1129706285820777 -0.0220974765622949 0
1742 -0.1098679632463082 -0.0006518276142488798 0
1743 1.031148744408142 0.09767111539682286 0
1744 0.6516535905015791 -0.298521766768451 0
1745 0.6927922750486815 -0.2970362533153577 0
1746 0.1388342531862546 0.3986322615129768 0
1747 0.09799066101386196 0.4255236728440539 0
1748 0.1034070859584447 0.1938029577013621 0
1749 0.07699728208818545 0.1839835548109133 0
1750 0.0999959623970661 0.1713192353025605 0
1751 -0.1630016357105168 0.1158329909876347 0
1752 -0.1378836945272692 0.1279635304854117 0
1753 1.487171971159807 0.3840831954324576 0
1754 1.440050366770835 0.3875780258306759 0
1755 1.470785019470074 0.3495839471179863 0
1756 -0.1750000000050623 -0.4566987298108983 0
1757 -0.2277365184964673 -0.4575005918420999 0
1758 -0.3976924788091354 -0.4161590294798205 0
1759 -0.3728492844704491 -0.3759720337927486 0
1760 -0.4208146633406669 -0.3761592865425721 0
1761 0.8835148276277049 0.1764546416925771 0
1762 0.9070535728382181 0.1827526400476897 0
1763 1.916895995341161 -0.3824522566385923 0
1764 1.963397459621407 -0.4133974596216197 0
1765 -0.09710496243559008 0.4186803463924669 0
1766 -0.1179596039421664 0.3797107199704393 0
1767 -0.3237391652267029 0.3773735914132551 0
1768 -0.2941216459604549 0.3369610470714607 0
1769 0.955369166297604 -0.1874304076564783 0
1770 0.9369847109634284 -0.1677473541449835 0
1771 1.495683317615295 0.3145333631457367 0
1772 1.448561713226324 0.318028193543955 0
1773 -0.1358808564704574 -0.1958360070010273 0
1774 -0.1226718470865623 -0.1721440847556057 0
1775 -0.1531094058575252 -0.1838599833770017 0
1776 0.9564756972612035 -0.01832857601281761 0
1777 -0.1928293291807026 0.07175447255426728 0
1778 -0.1924003716797025 0.04740031480678335 0
1779 -0.1647953648884984 0.06366100378053063 0
1780 0.8424768609994993 0.07956325425714547 0
1781 -1.417516650241085 -0.3610759894477164 0
1782 -1.395234448117866 -0.4063875663286778 0
1783 -1.367280170945801 -0.3615480419945731 0
1784 0.09918111127429979 0.05885607150327879 0
1785 0.08694724357397665 0.06967670002229565 0
1786 -0.04327633863798948 0.1488967294719316 0
1787 -0.01944890858155294 0.1355110991303137 0
1788 -0.05091830307156416 -0.02027028310238298 0
1789 -0.05980368144775639 -0.02833204194871088 0
1790 -0.05147512124267052 -0.03606098723719515 0
1791 -0.007205016773424637 0.02712419238507686 0
1792 0.002053619186803795 0.02813147602264294 0
1793 0.1462164087005495 -0.09584767244473694 0
1794 0.1443939690470712 -0.0787553553829574 0
1795 -1.446287896934757 -0.3108851209476738 0
1796 -1.474242174106821 -0.3557246452817786 0
1797 -1.793402306117975 0.3831660827541506 0
1798 -1.836349080554343 0.3604821504811048 0
1799 -1.790491861035572 0.3323732762589299 0
1800 0.01541025427087228 0.02942229344428599 0
1801 0.006252254270872278 0.02322729344428599 0
1802 0.005506417289333352 -0.02238567650350993 0
1803 0.0550862061465919 0.1948148145185965 0
1804 -0.07555854474153248 -0.01342487280984693 0
1805 -0.07611536291263883 -0.02921557694465909 0
1806 0.7492800648318118 -0.2595611113502152 0
1807 0.720225867403014 -0.2912252862972374 0
1808 0.268516978193453 -0.1366481492632526 0
1809 0.2412310042950893 -0.1292669971142064 0
1810 0.6041830720515478 0.1201400208686343 0
1811 0.5923500780121063 0.09926991241188923 0
1812 0.2225952149373536 0.4074784590358507 0
1813 0.1953740804679323 0.4352256907361908 0
1814 0.1679692954004317 0.408030278258131 0
1815 -0.7277881253110595 0.1943482521033255 0
1816 -0.1164824841737898 -0.04336650003694631 0
1817 -0.09538208179812699 -0.03557743128044655 0
1818 0.7538449058398961 0.1751970242620599 0
1819 0.7449471470884093 0.1506137273862345 0
1820 0.7699703566727463 0.1578698736456995 0
1821 1.140437872446699 0.0211196260763038 0
1822 1.116765350599651 0.02064422075833772 0
1823 1.13061781680329 0.001134719693172216 0
1824 0.9031173163176013 -0.1705274117280321 0
1825 0.9202133396322583 -0.1644703100721925 0
1826 0.899434437262759 -0.14561327485109 0
1827 0.2811580682201925 0.1089072692357887 0
1828 0.2627014505682054 0.1082307790046194 0
1829 0.2732224887390231 0.0909652666065844 0
1830 0.6695516056696539 0.1261485316496181 0
1831 0.6755443949732709 0.104974891643795 0
1832 0.68425358892374 0.1232740789075166 0
1833 1.668935455946987 0.05379834822166316 0
1834 1.715908340046064 0.03362004737517546 0
1835 0.5093707148629389 -0.1662711140411406 0
1836 0.5215748647611937 -0.1458789989216394 0
1837 0.4944718066141383 -0.1455602175055724 0
1838 0.2207270429927568 0.1780146579462693 0
1839 0.1979324319982717 0.167921766469888 0
1840 -0.06589455215147237 -0.1009807493521573 0
1841 -0.04804527014898011 -0.1110664773918105 0
1842 -0.04759556323188076 -0.09119537192065111 0
1843 1.606364684749864 0.08603977588196439 0
1844 1.620466924413016 0.1335173789506514 0
1845 1.571575597895593 0.1277352838675408 0
1846 -0.9560682303194767 -0.1169871888637004 0
1847 -0.9390453404935502 -0.1599898398100131 0
1848 -0.9104525235912839 -0.1169451413953349 0
1849 0.6718196618020849 0.3875485151017652 0
1850 0.7163824730147488 0.3853995087811416 0
1851 1.096946464187853 -0.01902529570952212 0
1852 1.092269720532719 -0.002631696205147519 0
1853 0.7630966637735308 0.07376139021733755 0
1854 0.7723023209709945 0.09395202732185427 0
1855 0.3451111276459157 -0.09425570825758833 0
1856 0.3257719357687144 -0.1119131332561604 0
1857 -1.422735463707407 -0.4529577568909105 0
1858 -1.372498984412123 -0.4534298094377673 0
1859 0.6998232309405231 0.130562895093162 0
1860 0.7058160202441401 0.1093892550873389 0
1861 0.305393908090447 -0.1951121350102752 0
1862 0.2794613522314761 -0.1835200337182115 0
1863 0.9732947671576726 0.1330054806650072 0
1864 -0.5104809734835328 0.1138289470718784 0
1865 0.677772742110092 -0.1437950994536341 0
1866 0.6678618197856404 -0.1197647636815402 0
1867 0.9799962729069356 -0.02926361861102909 0
1868 0.989621383532544 -0.02287999514163381 0
1869 0.894571612982368 -0.1969298835050696 0
1870 0.8737927106128689 -0.1780728482839671 0
1871 -0.2932048217724883 0.3052030822368866 0
1872 -0.2990587064777502 0.2581409438553444 0
1873 1.017553857770471 -0.01680205305117049 0
1874 1.008085456576209 -0.01993145376200837 0
1875 1.016887571879898 -0.02302733388290548 0
1876 0.01806335960482737 -0.3439258593983374 0
1877 0.05209279462719147 -0.3604081389210381 0
1878 0.1303228857308989 0.134264445335233 0
1879 0.1460079999669184 0.1223125258065318 0
1880 -0.5417736459460856 -0.1395875312019309 0
1881 -0.5612854085472385 -0.09451190007197752 0
1882 -0.2460469723878382 0.1419864261130004 0
1883 -0.2454026414074676 0.1774158734553311 0
1884 -0.4228289288418958 -0.458173141114822 0
1885 -0.374863549971678 -0.4579858883649985 0
1886 0.8612180476820823 0.1934428888063955 0
1887 0.2558206644803657 0.1440359238951517 0
1888 0.3889485217632841 -0.1297594828797753 0
1889 0.3854649078609543 -0.1051459737266809 0
1890 0.9338067167091414 0.07587113014507182 0
1891 0.8629565904863483 -0.05903281186174653 0
1892 0.003411012324557768 0.149258382483812 0
1893 0.003301485571453714 0.1244493877223363 0
1894 0.9723133686834164 0.0388379234490897 0
1895 0.9838993206378549 0.03905430997113847 0
1896 0.3920547186620373 0.3869673417039241 0
1897 0.4404477839750951 0.3930403392182672 0
1898 1.502401089858194 -0.156032979718054 0
1899 1.524499398902485 -0.1135747670170672 0
1900 1.47645462992566 -0.1218170232263457 0
1901 0.8485255354215646 -0.1819307556967774 0
1902 0.7471010565288896 -0.1610755660260134 0
1903 0.7599077286874317 -0.1405076024730209 0
1904 0.7312835320009724 -0.1443711816930758 0
1905 0.2173083296475938 0.2351286115190947 0
1906 0.1946421504436729 0.2227505517108587 0
1907 0.2231159662780779 0.2065083095442947 0
1908 1.006602246364133 -0.1673298549879839 0
1909 1.008263163234969 -0.1401083727119914 0
1910 1.438555925311058 -0.1245183433014237 0
1911 1.460654234355349 -0.08206013060043696 0
1912 -1.322498984412262 -0.4534298094377673 0
1913 0.6005192591533175 -0.2168573378779034 0
1914 0.5836721831264693 -0.189267686362271 0
1915 1.029618475391381 0.1207941190751271 0
1916 0.4326897309410827 0.2069311350187804 0
1917 0.4031597630469932 0.2000823745460437 0
1918 0.4292183716370858 0.1768725348190499 0
1919 -1.657687339014719 0.3579020763274301 0
1920 -1.701397633015897 0.3830444898606115 0
1921 -1.703834792598027 0.3299147949987944 0
1922 0.2564020855206031 -0.2009679881877959 0
1923 0.08377059461385739 -0.1107077501926624 0
1924 0.09045893279131523 -0.09648135899259075 0
1925 0.07409985097478458 -0.1037490194485087 0
1926 0.1012118257571603 -0.2824406629626935 0
1927 0.7929430949600176 -0.1188158816740805 0
1928 0.7756204333968648 -0.1389353199323224 0
1929 -1.525318303860974 -0.4553925428587978 0
1930 -1.575318303860835 -0.4553925428587978 0
1931 -0.08384755544074374 -0.1091318894032543 0
1932 0.8355422823741556 -0.2071632516939851 0
1933 0.8188208105180846 -0.1846186873297579 0
1934 1.036451364885016 0.004989262943604346 0
1935 0.9333018319085861 -0.1428332172680414 0
1936 1.441411981411413 -0.335758634730406 0
1937 1.424488260936809 -0.3778866448894028 0
1938 0.5388161833596411 -0.2164815627652014 0
1939 0.5528588295033932 -0.1917469209497714 0
1940 0.5224311268662424 -0.1913245372726376 0
1941 1.018862097380233 -0.03116325046698779 0
1942 0.3775619339359246 0.219252357031539 0
1943 0.7147514263838872 0.2153391630249373 0
1944 0.7073014902970899 0.1875106082820739 0
1945 0.7362716323423564 0.1957694327454582 0
1946 0.9851772549346658 0.1192267166210577 0
1947 0.04732587871486975 0.05254026030433522 0
1948 0.03243224575709443 0.05736146900993897 0
1949 0.9831248269249739 0.2819193250310184 0
1950 0.9687687774986973 0.3043570467228852 0
1951 0.9491788469579814 0.2819065704041886 0
1952 0.9326660069597414 0.1870071229297781 0
1953 0.9552713794256567 0.1910896808162959 0
1954 1.134999000061793 0.1932448624435179 0
1955 1.156843557778631 0.169654534319833 0
1956 1.161760925083553 0.1973328980404072 0
1957 0.3802496927995129 -0.1722031221142711 0
1958 0.3998530657679695 -0.1529795664797914 0
1959 0.7251036792582412 0.1423094746377896 0
1960 0.7412291300910914 0.1249823240214292 0
1961 -1.222664121094608 -0.4543551073640106 0
1962 -1.272664121094469 -0.4543551073640106 0
1963 -1.467312703920748 -0.271657432141569 0
1964 -1.469428982287878 -0.2181948469050442 0
1965 0.702802280999453 0.0866622871735007 0
1966 -0.8889859529148099 0.1966828195054887 0
1967 -0.8851680209972494 0.1465951233591341 0
1968 1.147732179913624 -0.1727052216616898 0
1969 1.126902410966624 -0.1503533734162715 0
1970 0.4854688522716877 0.1979394411619766 0
1971 0.5097099237099967 0.1842447892157112 0
1972 -0.1583456104284406 -0.24288191226425 0
1973 -0.136020216244773 -0.2528916189388647 0
1974 -0.1439930210577527 -0.2175616122970381 0
1975 0.06158521825792369 0.1063372349531595 0
1976 0.04624502492851632 0.1088976118980617 0
1977 0.04175503964309465 0.09330593034926535 0
1978 -0.187339601338976 -0.2307735082066521 0
1979 1.743198501692043 0.1898911169302865 0
1980 1.787652992206414 0.1647965235585773 0
1981 1.786465185408195 0.2142261600106959 0
1982 -0.2195122395489922 0.08902563314999515 0
1983 -0.191907232757788 0.1052863221237424 0
1984 0.005212312407585438 0.1717412228596337 0
1985 1.111608312974413 0.03948726787220838 0
1986 1.101788257331004 0.01950236148907681 0
1987 0.9857238898354194 0.2567987584994216 0
1988 1.005313820376135 0.2792492348181181 0
1989 -0.1225353199188714 0.4582643629076553 0
1990 -0.07456964251144833 0.4604159834848115 0
1991 0.2736286222068894 0.2317061973163329 0
1992 0.2982437360582937 0.2105628129868451 0
1993 0.9685594042101013 -0.4614074167650876 0
1994 1.022656685772607 -0.4617520953498174 0
1995 0.9912160899854823 -0.423159512114905 0
1996 0.02612748704610932 -0.4631118612186816 0
1997 0.003934739048383186 -0.4227909626140044 0
1998 -0.02219274800323062 -0.4596791013953228 0
1999 0.3217525593528332 0.1924816700054294 0
2000 0.3627421311210208 0.1393530356230134 0
2001 0.3906607972386092 0.1481203668788988 0
2002 1.021279394905117 -0.3876990198090381 0
2003 -0.8910963116063479 0.3424040463387478 0
2004 -0.8956119912777072 0.3883689444423688 0
2005 -0.9362381703571507 0.3681590230818986 0
2006 -0.6720379897745814 0.3796276086641085 0
2007 -0.6488389328295745 0.3324952892275598 0
2008 0.4953280687191869 -0.1910057558565705 0
2009 0.6900908178121161 -0.165940486260882 0
2010 0.706158784140406 -0.1427937584388204 0
2011 -0.08176183443884125 -0.002373334670583422 0
2012 -0.08381605595367503 0.01852526585043297 0
2013 -0.09392444772124869 0.006590192715221248 0
2014 0.8862354718352954 -0.09359789196971188 0
2015 -0.4350724028354785 0.4523093856469718 0
2016 1.001172233033601 0.01075150449153871 0
2017 1.000128965238257 0.006792380904167153 0
2018 1.004066782344756 0.009479992063333781 0
2019 0.7362086659333356 0.3518073763259435 0
2020 0.7649888387824992 0.3206913930824759 0
2021 0.1056867472492209 0.2205485129986173 0
2022 0.1286854275581015 0.2078841934902645 0
2023 0.07612748704622638 -0.4631118612186816 0
2024 0.1227182518073034 -0.4597041815018492 0
2025 0.09884573885880019 -0.4228160427205308 0
2026 -0.04915028867878567 -0.1318543087294746 0
2027 0.16328148366652 -0.1591946459807131 0
2028 0.1822033441124205 -0.1518593809876806 0
2029 1.100479016780781 -0.2074144119309722 0
2030 1.06843565976002 -0.2122759845088484 0
2031 0.01510691771701007 -0.1152727760551567 0
2032 0.0008211458314953441 -0.111703519008768 0
2033 0.6045648949194451 0.2358687325773915 0
2034 0.6327751618158812 0.2177941316801561 0
2035 0.2025929993876111 -0.1559880200655843 0
2036 0.2021682030991214 -0.1366422969643282 0
2037 0.9944228674877218 -0.05895894998237278 0
2038 1.007977207153565 -0.05541240242473484 0
2039 0.5672871266330706 -0.1641106608697072 0
2040 0.6933524521335681 -0.2624397225271354 0
2041 0.3039805001239981 0.4249094326072254 0
2042 0.2806286318752308 0.3992163533702294 0
2043 0.3346091319943746 0.3894519144635442 0
2044 0.7612948419266934 0.2030255790049232 0
2045 0.2679889184625811 -0.4585508211150635 0
2046 0.3029022757370033 -0.451710073997263 0
2047 0.2708911942043004 -0.4102608951123266 0
2048 0.7189654562989483 -0.1222257948858279 0
2049 0.5602011023159797 -0.3705069547806158 0
2050 0.536426894108978 -0.3322379478134695 0
2051 -0.01433306421834305 -0.09987101204567791 0
2052 1.170008031915952 -0.4609400622145414 0
2053 1.179854724957755 0.4569125929639551 0
2054 -0.3525012329462063 -0.3365224836280454 0
2055 1.796778062110964 0.4172518122393636 0
2056 1.772364306713908 0.3760197824342433 0
2057 -0.3733014959687895 -0.2208541080486315 0
2058 -0.3315963080568842 -0.2292705188739276 0
2059 -0.3525013142935784 -0.1888955713706464 0
2060 -1.246285895056936 0.1860428177493831 0
2061 -1.205576477604537 0.1547039606400838 0
2062 -1.207406922669571 0.2068406348689001 0
2063 -1.048972261053985 0.1957009550696162 0
2064 -1.086411501504376 0.1710322065167342 0
2065 -1.045101636661719 0.1473623758316047 0
2066 0.2514481444918846 0.1229237638818459 0
2067 0.2435125650107152 0.1049817612526416 0
2068 -1.295163105504789 -0.4077849168017779 0
2069 0.172718251807442 -0.4597041815018492 0
2070 0.2179889184624425 -0.4585508211150635 0
2071 0.1907071702748777 -0.4182550026169127 0
2072 0.1229884615523205 -0.142235372151699 0
2073 0.1175590976980577 -0.1244538067627362 0
2074 0.7907814053430122 -0.1835315850664621 0
2075 0.3813518502748294 -0.4662472216867686 0
2076 0.4233860354146429 -0.4541756000096469 0
2077 0.4047378856939107 -0.4204228216964154 0
2078 1.600688145959021 0.4169934009311504 0
2079 1.576434855731301 0.3762071661823234 0
2080 1.622985342649784 0.374096524263123 0
2081 -0.4663919751007098 -0.374895761661694 0
2082 -0.5150980141918006 -0.3732794423763911 0
2083 -0.4943638967704439 -0.4147299629443411 0
2084 0.9798441138613367 0.4587137727341511 0
2085 0.9985681661345907 0.4252534202264507 0
2086 1.018724052276028 0.4665396474922996 0
2087 1.022390665638306 -0.01411080729667794 0
2088 1.013588550334617 -0.01101492717578083 0
2089 0.5242830494761143 0.4575687272999198 0
2090 0.4773735654367093 0.4636454943646132 0
2091 0.5016566149086624 0.4212142216645329 0
2092 1.520465854447497 0.2746647530924363 0
2093 1.542689160691247 0.3062205066664677 0
2094 0.1355556450002501 0.3290127960948941 0
2095 0.2191084478951501 0.2667596823438049 0
2096 0.2475822637295551 0.250517440177241 0
2097 0.5755824714735094 -0.1425273902800412 0
2098 0.5447691178504332 -0.1450066248675417 0
2099 0.5742830494759755 0.4575687272999198 0
2100 0.5979881646293481 0.4199246287922086 0
2101 0.6237051151572562 0.4623559014922888 0
2102 1.03627763178408 -0.2148512677227591 0
2103 1.018071391734305 -0.1863001998697442 0
2104 1.005048353957882 -0.2140274362168369 0
2105 -1.128489815556907 0.1974362817571733 0
2106 -1.124619191164641 0.1490977025191618 0
2107 -0.5137872887509173 0.4084910180945582 0
2108 0.4367098738533958 0.2417329876027873 0
2109 0.4627684824434883 0.2185231478757935 0
2110 0.194579466407524 -0.09593774146878263 0
2111 0.1754054544076424 -0.095509107132347 0
2112 0.1821513429301852 -0.1090171317915967 0
2113 1.037092771587737 0.05675507037303078 0
2114 1.051803949087226 0.0643516493093631 0
2115 -0.17253531991901 0.4582643629076553 0
2116 0.9412164708104488 -0.07361316576992215 0
2117 0.9411001351460646 -0.09217135822094716 0
2118 0.4071453766305518 -0.3798342833081678 0
2119 0.3510169968896394 -0.1622273042962432 0
2120 0.2068197065751018 -0.1808171266842148 0
2121 1.49305061958127 0.2519312957974564 0
2122 1.540056462657222 0.2436184393181874 0
2123 -0.5249360792258091 -0.1758993082356261 0
2124 -0.5015343355768224 -0.1455512685162606 0
2125 1.776269307022309 -0.1101194938643843 0
2126 1.752448644869157 -0.1517209791216947 0
2127 1.804126121584973 -0.1410342326043915 0
2128 1.168954398265937 -0.1998930356803268 0
2129 1.134609601954339 -0.2045887002385509 0
2130 -0.1625542672871568 0.3781264038338321 0
2131 -0.1354432313863101 0.3413083979889607 0
2132 0.07761658055099201 0.4576349178648183 0
2133 0.3582276137988547 -0.1886932607424796 0
2134 1.52801708813975 0.1142274974609364 0
2135 1.542119327802902 0.1617051005296234 0
2136 -0.1906004616126495 0.4159626464090033 0
2137 0.703541247937841 0.1561942984579673 0
2138 -0.5308982862222202 -0.3287590160938163 0
2139 -1.748772543299256 0.3959527354323445 0
2140 -1.794629762818027 0.4240616096545193 0
2141 0.4142216063147238 0.150907230940456 0
2142 0.8530269348811854 0.1168536343930112 0
2143 0.8518084752010087 0.09701453825426593 0
2144 0.7557373965707663 0.1108972101517714 0
2145 0.6037545246625615 0.1412694550994862 0
2146 -0.2926051283342571 -0.2297849303518777 0
2147 -0.2557127539732202 -0.2270617378033375 0
2148 -0.2739037520206362 -0.1945887896474023 0
2149 0.9185594042099627 -0.4614074167650876 0
2150 0.9298441138614755 0.4587137727341511 0
2151 1.623619316439307 0.457441379505975 0
2152 1.577068829520824 0.4595520214251754 0
2153 -0.04958345701282105 -0.07482361787628153 0
2154 -0.06290267242661787 -0.06261619498226047 0
2155 -1.119221896537061 -0.3656035836966507 0
2156 -1.09623636939119 -0.4097598053685148 0
2157 -1.069833832708654 -0.3667607129974617 0
2158 -0.8805971954225775 0.09614319825525369 0
2159 0.3101268287574723 -0.2234854863031178 0
2160 0.3337278385560065 -0.2070907942172943 0
2161 -0.2777365184963286 -0.4575005918420999 0
2162 -0.3248635499718167 -0.4579858883649985 0
2163 0.5737231193892829 -0.1198031708417951 0
2164 -0.3960970407354834 -0.1410715917956666 0
2165 -0.3638967326151191 -0.15611424088613 0
2166 -0.3657872711451187 -0.1167066721364464 0
2167 0.6518418737461069 0.3547821980621129 0
2168 0.6260379748414602 0.3319781661188916 0
2169 0.6704251943888943 0.3275811952757316 0
2170 1.624369432118093 -0.4604114197539302 0
2171 1.597924743944866 -0.4167762206710487 0
2172 1.573555311825663 -0.4563648009171185 0
2173 0.6609359169084477 0.2280426019775552 0
2174 -0.4161320722116832 -0.2972479489043653 0
2175 -0.3741839793670379 -0.2986006732037064 0
2176 -0.3943445825767405 -0.2598763312525716 0
2177 0.3313518502746906 -0.4662472216867686 0
2178 0.3289805001239288 0.4575724968502701 0
2179 1.428218659231116 0.4610386370725735 0
2180 1.383979997144579 0.4615391391683265 0
2181 1.41219865637403 0.4225777762409001 0
2182 1.707782343777266 0.2092106568016901 0
2183 -0.2917225635886365 -0.2996652774542018 0
2184 -0.2440506693330891 -0.2961730661635209 0
2185 0.9791074273470133 0.1937570175168501 0
2186 1.002538110327219 0.1935823287657769 0
2187 -0.9705246737453013 -0.08096470467109169 0
2188 -0.9991174906475675 -0.1240094030857699 0
2189 0.08472680448491891 -0.1276309835397445 0
2190 0.1010858863014496 -0.1203633230838265 0
2191 -0.6219751430076641 -0.4492919322558444 0
2192 -0.5715349679327091 -0.4565568218295191 0
2193 -1.472735463707268 -0.4529577568909105 0
2194 -1.498053767566855 -0.4083502997497083 0
2195 -1.625484600597135 -0.4602508455050111 0
2196 -1.600802904456861 -0.4156433883638089 0
2197 0.7850340668169483 -0.4572684103515087 0
2198 0.7350340668168097 -0.4572684103515087 0
2199 0.7682679263696427 0.4602068951716651 0
2200 -1.122812216611047 -0.4543013380338519 0
2201 -1.07342415278264 -0.4554584673346629 0
2202 -0.1135554622867898 -0.2058457136756421 0
2203 1.014916892168053 0.05186763696650308 0
2204 1.01703674082698 0.04057892341034018 0
2205 1.027567321517996 0.04971675527154465 0
2206 1.293958361176502 -0.4551566645182737 0
2207 1.252411328647825 -0.4180736650476528 0
2208 1.258452967469381 -0.4629170005293791 0
2209 -1.615249738462137 0.3265717618105775 0
2210 -1.612812578880007 0.3797014566723946 0
2211 1.076644723627103 0.03723958123879805 0
2212 1.063726190542984 0.04136338827337849 0
2213 1.065109075464617 0.02485072083129184 0
2214 -1.142290339276174 -0.3212621301093506 0
2215 -1.168692875958711 -0.3642612224804037 0
2216 0.3342541260164098 -0.4179572956840316 0
2217 -0.1590341256052455 0.3087251209673114 0
2218 -0.1144394622602552 0.3103094371039186 0
2219 -0.4684137679335497 -0.15492638356368 0
2220 -0.4852513346538263 -0.1186146065299848 0
2221 -0.1132572373797905 0.1401805231511001 0
2222 -0.08936966509205388 0.1527790854153526 0
2223 0.1172410350816669 -0.3843260103303624 0
2224 0.1678420100020643 -0.3864971426229913 0
2225 -0.4152495888134348 -0.2195013837492904 0
2226 0.05539236472278025 -0.0769898522596089 0
2227 0.06719551894045728 -0.07725028863711915 0
2228 -0.7281511756877465 0.4557931132637397 0
2229 -0.7037878953523163 0.4132028640860764 0
2230 -0.6756367196609636 0.4574097508223367 0
2231 -0.03218740948636228 -0.02368920117918918 0
2232 -0.03609312581030225 -0.03669009378914261 0
2233 0.3651111914907383 -0.3919059049852895 0
2234 0.2750000000047849 0.4673369357569552 0
2235 1.87352515106462 0.2156472542898321 0
2236 1.872724257827473 0.1685859794014976 0
2237 1.915329732969528 0.195101667052343 0
2238 -0.8502350662618572 0.4026832058692201 0
2239 -0.89537692501266 0.4284381826123709 0
2240 0.9758539684385134 -0.03876040745140955 0
2241 1.787234590074515 -0.0670775738065067 0
2242 1.7355571133587 -0.07776432032380989 0
2243 0.9960938065684175 0.03534582818255417 0
2244 0.9921918255464747 0.04643828689388291 0
2245 1.834981108859036 0.2283921161663748 0
2246 1.790526618344665 0.2534867095380841 0
2247 0.2958694571020017 -0.3698118502515553 0
2248 0.8772552396994601 0.08579551909416153 0
2249 0.8617234596315193 0.08571940398300665 0
2250 0.8679236254979508 0.06834423509704107 0
2251 1.119481725630033 -0.02053097327522089 0
2252 1.109482894861644 -0.04021558335994915 0
2253 -0.3134053100094681 -0.2617434670298628 0
2254 -0.01006948750614889 0.05169066590928743 0
2255 0.3049971646690562 -0.09075968127739489 0
2256 0.289163864485124 -0.1059068574329831 0
2257 0.3083171070222611 -0.1071484453089188 0
2258 -1.023424152782779 -0.4554584673346629 0
2259 0.09358918484606656 0.08322776519466227 0
2260 0.07766620587144361 0.08124132221040034 0
2261 1.474999999998544 -0.4566987298106581 0
2262 1.424999999998405 -0.4566987298106581 0
2263 1.478218659230977 0.4610386370725735 0
2264 0.4894889951840007 0.2327412937459836 0
2265 -0.0317341750103288 -0.08490934591593474 0
2266 0.9741265331630291 -0.2157525063123373 0
2267 0.9426535855525255 -0.2177065456049936 0
2268 0.655182729670732 -0.110198259660317 0
2269 1.505287488750553 0.420590658497749 0
2270 1.527068829520962 0.4595520214251754 0
2271 -0.2085440342700427 0.0389300719170074 0
2272 -0.1805100699778384 0.03083660314327076 0
2273 1.878403639694157 -0.2003097593718697 0
2274 1.890077630475042 -0.2450263647836169 0
2275 1.921086879384679 -0.2030292171441226 0
2276 1.214022302605873 0.4592911327026222 0
2277 1.264022302605734 0.4592911327026222 0
2278 1.523555311825524 -0.4563648009171185 0
2279 -0.4415487807620235 -0.3347087659746221 0
2280 -0.1197779904083781 -0.08546709479193197 0
2281 -0.1185495331968398 -0.06518436017788495 0
2282 0.8060601131192544 0.1839366193422921 0
2283 0.789422590634357 0.1647362203649675 0
2284 0.9671821133426119 -0.3873543412243083 0
2285 -0.5445551599363516 -0.2106773373312331 0
2286 -0.5043158495670884 -0.2166410746455628 0
2287 0.9627857609255978 0.3841170476121168 0
2288 0.997395163083328 0.3583448259325696 0
2289 0.9942976298776296 0.391655323788755 0
2290 0.3267265225763302 -0.3437604595528132 0
2291 0.336661616953051 -0.377368757295784 0
2292 -0.4850724028356171 0.4523093856469718 0
2293 -0.4728289288417571 -0.458173141114822 0
2294 0.1529018590887473 -0.06657864389745508 0
2295 0.1678168590887067 -0.06773639389745192 0
2296 0.03328480187171338 0.08203991395141903 0
2297 0.0219881061144507 0.08046534317109244 0
2298 0.0288580616724768 0.06663894982834385 0
2299 -0.1398644575074044 0.04922565652424274 0
2300 -0.1461160538368499 0.02615579930517205 0
2301 -0.1216141039567561 0.03607460979636808 0
2302 0.0555895110145466 0.06795188882335208 0
2303 1.875338884621679 -0.164492303860253 0
2304 1.844329635712042 -0.2064894514997473 0
2305 -0.7608616582008895 0.3619044246074123 0
2306 -0.8033862419530018 0.3871000971133487 0
2307 -0.8079455487747921 0.3374182951932816 0
2308 0.6786325119949224 -0.4579047944553796 0
2309 1.499897675149605 -0.2816695049003522 0
2310 1.457038230563798 -0.2938953717007426 0
2311 0.2250000000049235 0.4673369357569552 0
2312 0.1703740804680016 0.4678887549792355 0
2313 1.669880018495735 0.372255133629681 0
2314 1.719888500472144 0.3730045951616171 0
2315 1.697247114853915 0.4156322205438859 0
2316 1.208452967469242 -0.4629170005293791 0
2317 1.32778078954911 0.1343103147726036 0
2318 1.292726198005393 0.1392234198602622 0
2319 1.310707684706484 0.1065728772020658 0
2320 1.670439235878257 -0.3136489585864876 0
2321 1.631917595570014 -0.3168557334209109 0
2322 1.658823364072306 -0.3498567685642732 0
2323 0.9986172079635514 0.004661946666186042 0
2324 1.001511757274706 0.003390434237981112 0
2325 -0.528714885911139 0.4561816324475864 0
2326 0.1611670245538992 -0.09433139262503565 0
2327 0.07065027032058989 -0.3877336900471947 0
2328 0.4651952755168168 -0.1890512470363347 0
2329 0.4544673561807624 -0.1630871499583109 0
2330 0.8891109964479089 0.0961039472001089 0
2331 -0.5750511976050748 0.1943679104758087 0
2332 -0.612448667826857 0.1687167806155492 0
2333 -0.5764873474116189 0.1479007309233155 0
2334 1.871697728018893 -0.02529784623552983 0
2335 1.829050688054245 -0.04932931544189293 0
2336 1.870593823702773 -0.07540127814071804 0
2337 0.8749999999968792 -0.4753324941067067 0
2338 0.3249839222263196 0.2264448822987194 0
2339 -0.4617093839717262 -0.2959844240234873 0
2340 1.744997210355727 0.3326426955200383 0
2341 1.107069148234047 -0.1269112433302154 0
2342 0.2754287404544458 0.2633372681410432 0
2343 0.06280251333362132 -0.1031943674978738 0
2344 0.06949085151107917 -0.08896797629780209 0
2345 -1.794332455710251 -0.4149170540374281 0
2346 -1.754263000329114 -0.3794183286459104 0
2347 1.533196884093273 -0.1909941470030788 0
2348 0.04256214460544985 -0.06002278133076231 0
2349 1.025596504420882 0.1961161590559849 0
2350 1.047233595090941 0.2025360707541503 0
2351 0.3135651325729693 -0.3147606783246116 0
2352 1.033177568292321 0.3994811985469034 0
2353 1.066940996745178 0.1473255330262195 0
2354 1.077783526980455 0.1328339927516491 0
2355 1.333979997144717 0.4615391391683265 0
2356 -0.9239523302970711 -0.4562624477163202 0
2357 -0.9739523302969324 -0.4562624477163202 0
2358 1.121701235133095 -0.2346022259496092 0
2359 1.420461781188426 -0.1517461826538286 0
2360 1.382721967679603 -0.1716467543722074 0
2361 0.5536282065096507 -0.2444423368983363 0
2362 0.5232005038725001 -0.2440199532212024 0
2363 0.966420284960839 0.05345891736613421 0
2364 1.829786818393557 0.04896264131909683 0
2365 1.789310411941095 0.07430821772349895 0
2366 1.789678185917903 0.02611969286769738 0
2367 -1.526825014260527 -0.3581594312496658 0
2368 -1.582431716866327 -0.3748064774369949 0
2369 0.8249999999967403 -0.4753324941067067 0
2370 -0.04961997134541821 -0.1529978449116449 0
2371 -0.06681394173520427 -0.1419953910054869 0
2372 -0.6503721977513803 0.1934401650466669 0
2373 0.7381210684696525 -0.1079761173206008 0
2374 -0.7985820265647324 -0.4125005398691611 0
2375 -0.7754703606781214 -0.3712635272294965 0
2376 -0.8255502382166163 -0.3719194298141811 0
2377 -0.161793746490493 -0.1550320073136213 0
2378 0.08707527258797303 -0.2529186259465096 0
2379 0.07888356624136827 -0.2274338228158159 0
2380 0.0620170728743781 -0.2516876797394997 0
2381 1.225353388858654 -0.07126045776678633 0
2382 1.214648580904127 -0.04153930435331096 0
2383 1.195708662908849 -0.07059846576107874 0
2384 0.1461276572291475 0.1786052359105393 0
2385 0.1641752445149366 0.1917700492170661 0
2386 0.1444533535531145 0.1943034514995362 0
2387 1.205074474088864 -0.3563042887936284 0
2388 1.192901036373765 -0.391756317827944 0
2389 1.229079372655804 -0.3903819720244426 0
2390 -1.425879205117498 -0.1948630534519933 0
2391 -1.384851863823881 -0.2271813287008958 0
2392 1.055290207406872 -0.03341272937527987 0
2393 1.07075242662328 -0.04273180267663958 0
2394 0.003428205489515144 0.1032842058315028 0
2395 0.02628812639562585 0.1170314891850011 0
2396 1.911326876135607 -0.1048412103333652 0
2397 1.868679836170959 -0.1288726795397283 0
2398 1.154456100820475 -0.3897793795131063 0
2399 1.178460999387414 -0.4238570627439204 0
2400 -1.172812216610908 -0.4543013380338519 0
2401 -1.195476337703296 -0.4086564453978625 0
2402 -0.9973764830769372 -0.4117209150509831 0
2403 0.9066376945954557 -0.05642357841279502 0
2404 0.9021728604222019 -0.04048669397019597 0
2405 0.03369704736686085 -0.06678748533694698 0
2406 0.0437261183370556 -0.07233108417823531 0
2407 0.04490272035540261 0.3178199052435041 0
2408 0.05141195048753955 0.2808899490639437 0
2409 -0.5215349679328478 -0.4565568218295191 0
2410 -0.06545604336180445 0.1633103044739902 0
2411 -0.04151908655226386 0.174733668893848 0
2412 -0.2413874588616864 -0.2581264946493469 0
2413 1.773353598773989 -0.3739779047365795 0
2414 1.747610065775842 -0.3394905532171655 0
2415 1.723088537378696 -0.381137345249264 0
2416 -1.287249021844544 0.2111490594258806 0
2417 -1.28541857677951 0.1590123851970643 0
2418 -0.4250591731380183 -0.1148268723116936 0
2419 -0.4231686346080187 -0.1542344410613772 0
2420 0.7621619942018814 -0.1844880186377115 0
2421 0.733537797515422 -0.1883515978577664 0
2422 1.797107857330197 -0.4157732842259368 0
2423 1.821629385727343 -0.3741264921938384 0
2424 -0.01107202107127723 0.09345755521016616 0
2425 0.01191461975289491 0.08603965667283095 0
2426 -1.041837663861112 0.09872301208707437 0
2427 1.958065313103337 0.2210814709699226 0
2428 1.957264419866191 0.1740201960815881 0
2429 1.039212620246664 0.04546635681686788 0
2430 1.050464306348452 0.04073959989211314 0
2431 -0.7332639199678592 -0.3672107324897181 0
2432 -0.7602321316197431 -0.3266296224347381 0
2433 1.913578677336104 -0.0009228368570325385 0
2434 1.872035541687576 0.02514912584179255 0
2435 1.645626728268014 0.3314688988808541 0
2436 1.619585581757743 0.2909980494286475 0
2437 1.666480257603693 0.2891566587952056 0
2438 0.9122085589760118 -0.2210169748888031 0
2439 0.8828839532712794 -0.228562411444738 0
2440 0.9620154688388577 -0.04142521397874767 0
2441 0.970421042754964 -0.05218646940452199 0
2442 1.381478700311634 -0.459864856198645 0
2443 1.331478700311495 -0.459864856198645 0
2444 0.5582622853812987 -0.1030938110066257 0
2445 0.5437716622703848 -0.08490961243922179 0
2446 0.5385738395799582 -0.105239155710472 0
2447 -0.5787148859112778 0.4561816324475864 0
2448 -0.625636719660825 0.4574097508223367 0
2449 0.7882726614287883 0.2093763802482311 0
2450 0.8154646591238097 0.2108598290689984 0
2451 -0.6719751430075254 -0.4492919322558444 0
2452 0.3605369580174906 0.3752670762461274 0
2453 0.3946306764363859 0.3470894242495114 0
2454 -0.254942617493301 -0.136752370242005 0
2455 -0.2577536571884491 -0.1702940698185572 0
2456 -0.02687959054105621 0.06367883200680345 0
2457 -0.04088648762680937 0.06454619471811737 0
2458 0.914796418671412 0.20572019233182 0
2459 0.7052248559102168 -0.1898764492497746 0
2460 0.6768388138799026 -0.1908777902645883 0
2461 0.2138941006281753 -0.2858981530594089 0
2462 1.566329704903518 -0.1071962188270921 0
2463 1.540383244970984 -0.07298026233538385 0
2464 1.786902676453505 0.1188063233265331 0
2465 -0.824330952053278 -0.4565782212269229 0
2466 -0.774251074514783 -0.4559223186422383 0
2467 1.871667767710767 0.07333765069759413 0
2468 -0.3221915447032137 -0.1645306517114261 0
2469 1.264502990465933 0.4138403746530908 0
2470 1.300480687862141 0.4545492419504685 0
2471 -0.01712245905724887 0.07545586489692785 0
2472 1.69878546730707 -0.4182237681382692 0
2473 1.673041934308923 -0.3837364166188552 0
2474 -0.2511668483062239 0.01004048784261508 0
2475 -0.2219713601297864 0.02402089472651763 0
2476 -0.2496298241483443 0.04151337669661745 0
2477 -0.8498232089583873 -0.328646107359372 0
2478 -0.826900466330714 -0.2884753513977383 0
2479 -0.874285102959096 -0.2864390415825939 0
2480 0.1180783191241504 -0.2581868060390097 0
2481 1.044440183186926 -0.0433485497490307 0
2482 0.251382406471152 0.3917574085933113 0
2483 0.2820110383415286 0.3562998904496302 0
2484 -0.1927970273164619 0.3028073585070959 0
2485 1.055412621983597 -0.2400032208559411 0
2486 0.6274324422546509 0.3919454859449252 0
2487 -1.213088183518409 -0.1115809954533058 0
2488 -1.253413211405429 -0.1117521223080075 0
2489 -1.227164304590446 -0.1561954248826236 0
2490 -0.696226217518841 -0.4052142508980827 0
2491 -0.7242510745149218 -0.4559223186422383 0
2492 1.673619316439169 0.457441379505975 0
2493 -0.111922184761142 0.02024677290676751 0
2494 1.823150263696079 0.4590609712014526 0
2495 1.77362779841544 0.458190841037911 0
2496 -0.1361524918840565 0.1558678131129432 0
2497 1.674369432118232 -0.4604114197539302 0
2498 0.8436842946208183 0.2158123424668543 0
2499 0.8716502314886247 0.2238351631101904 0
2500 0.8526420555217004 -0.2323217322468435 0
2501 0.8229373306182204 -0.2350096638798241 0
2502 -0.6809879884604628 -0.3605803461033243 0
2503 -0.6810312275422221 -0.3133751143915781 0
2504 1.822691822141498 -0.4579609358415979 0
2505 1.774416035188144 -0.457812348384339 0
2506 1.240672575232494 0.2259882869207648 0
2507 1.225275523115981 0.1969327588521093 0
2508 1.260326800745261 0.1968856602273938 0
2509 0.6901297036660602 0.2388755906708844 0
2510 0.7190998457113267 0.2471344151342686 0
2511 1.954706444301897 -0.1291563058667425 0
2512 1.956620431833711 -0.07568490446773227 0
2513 1.914222665368584 0.09878226369214921 0
2514 1.871973942074565 0.1225957791694535 0
2515 1.016831895711475 -0.1056404988533267 0
2516 0.9942548066266691 -0.1141663519132338 0
2517 1.012741036734584 -0.12250755075193 0
2518 0.6171253624216442 -0.2441136347616447 0
2519 0.5858499892651186 -0.2441602433260765 0
2520 0.1756677273260462 0.2294195592458609 0
2521 0.1814753639565303 0.2007992572710609 0
2522 1.63452029400068 -0.3869431914532785 0
2523 1.691224902993624 0.2440032813627021 0
2524 1.656996551877065 0.213893184781987 0
2525 -0.8729348748449983 -0.3698831199990367 0
2526 -0.3307137433112636 -0.2991508659762517 0
2527 -1.494512875560351 0.1472044018911438 0
2528 -1.536197774140496 0.1741201726915148 0
2529 -1.53863917907181 0.1239038369716449 0
2530 0.09116932426556504 0.1450595346475513 0
2531 0.1175791281358243 0.1548789375380002 0
2532 1.830169360169657 0.1431413664069426 0
2533 -1.450271092599596 0.2167892251819315 0
2534 -1.45105813557442 0.1700509425221116 0
2535 -1.409257757544979 0.1894194300930294 0
2536 1.724416035188006 -0.457812348384339 0
2537 1.723627798415578 0.458190841037911 0
2538 0.1252003599582913 -0.06350121148549782 0
2539 0.1379391099583239 -0.06525971148550232 0
2540 1.277364525738384 0.1673954947947692 0
2541 1.292761577854897 0.1964510228634247 0
2542 -0.1318918227507322 0.2191935079955382 0
2543 -0.1218785126706855 0.2528528952563313 0
2544 -0.8902294362090589 0.2462180287096493 0
2545 -0.8481315047857104 0.2202053933025024 0
2546 -0.5663393354008981 -0.2462652312528373 0
2547 -0.5869595650596189 -0.2055234648429006 0
2548 -0.8723959970483901 -0.2031080389813039 0
2549 -0.8219466094239367 -0.2091988879708406 0
2550 -0.8429802461409039 -0.1660386413311843 0
2551 0.99238238815827 -0.01733498442262243 0
2552 0.9982047960353403 -0.01467129179693176 0
2553 1.536022141449792 0.3825965797850595 0
2554 0.9945262914295134 0.02668762713498493 0
2555 1.002818796338133 0.03407160405772938 0
2556 1.956958245502393 0.02476206760945686 0
2557 1.956620431833711 -0.02568490446786553 0
2558 -0.08614730853787676 -0.1947162220476206 0
2559 -0.09425947312517198 -0.2164418273436314 0
2560 -0.9929217819164136 -0.2406021282685252 0
2561 -0.9645879480767138 -0.2009306127408294 0
2562 -1.012994881061443 -0.1997034028060744 0
2563 1.956958245502393 0.07476206760959013 0
2564 -1.62413527843285 0.1275562745791484 0
2565 -1.626099355216565 0.07782082519610431 0
2566 -1.582288154435669 0.1010841583889719 0
2567 0.9750082245029428 0.08886856090275158 0
2568 0.9849837040176649 0.07532393745150404 0
2569 0.9691100532208428 -0.3274940946468985 0
2570 0.9296677201922131 -0.3304831881405176 0
2571 0.9578030852336172 -0.3548829424120606 0
2572 -0.0175076548083563 0.1864953394482879 0
2573 0.007044039427678013 0.1979164684161323 0
2574 1.852436099305321 -0.3352203533693518 0
2575 1.877195731112014 -0.2902082505227933 0
2576 1.822634758977828 -0.2873190098579226 0
2577 1.876190357861529 -0.3770157328587092 0
2578 1.576184105404252 -0.1822576498803807 0
2579 1.558935130662507 -0.2254610733746839 0
2580 -1.540603255855524 0.07416838758860081 0
2581 -0.9189722413485208 -0.2008885652724639 0
2582 -1.702625089715949 0.4239400167609802 0
2583 -1.534156620822741 0.224056164306661 0
2584 -1.578282924334199 0.2007555993871621 0
2585 -0.8979386046315536 -0.2440488119121202 0
2586 -0.9208613472592269 -0.2842195678737539 0
2587 1.954706444301897 -0.1791563058666038 0
2588 -1.199946051858586 0.4141502975389164 0
2589 -1.226989912141247 0.3719286412399031 0
2590 -1.177142311416649 0.3725623444220797 0
2591 0.4612044697016693 0.1103508985543623 0
2592 1.715628771832861 -0.2328952029641909 0
2593 1.666130434605864 -0.2410504460658318 0
2594 1.693031804602962 -0.2724926803414843 0
2595 -1.166170273242233 0.2163164887540847 0
2596 -1.206879690694632 0.247655345863384 0
2597 0.7211765918857744 0.05259306772265399 0
2598 0.7030548418858071 0.05433181772265085 0
2599 -1.250782844017741 0.3318354458409345 0
2600 -1.27274792822907 0.285754847768501 0
2601 -1.22615125591064 0.2842600900506329 0
2602 -1.187370254562527 -0.2356346898653163 0
2603 -1.163112041589115 -0.1963383830297637 0
2604 -1.211097489676839 -0.1953206048634745 0
2605 -0.4801138028495084 -0.2549713553472002 0
2606 -0.5055305113998487 -0.2924321724174569 0
2607 1.958065313103337 0.2710814709700613 0
2608 -1.453499540505734 0.1198346068022417 0
2609 1.072775106485231 0.1683269824432842 0
2610 -0.8076096806098154 0.2433703683940113 0
2611 -1.618183134806647 0.2777319862339607 0
2612 -1.573308374671934 0.2995313665789252 0
2613 -1.532378270792074 0.273189659752632 0
2614 -1.49029312059837 0.2465542330569847 0
2615 -0.8743309520531395 -0.4565782212269229 0
2616 -0.8982832823471592 -0.4128406689432431 0
2617 1.609222548222244 -0.1012524160503913 0
2618 1.593338702153746 -0.1418469207320747 0
2619 -1.529444874447564 0.3220294353292488 0
2620 -1.075242599662683 0.4593667258971994 0
2621 -1.125049225565746 0.4573920003605465 0
2622 -1.100291825230926 0.4167587262577459 0
2623 -1.175049225565885 0.4573920003605465 0
2624 -1.448492742568929 0.2659227206279025 0
2625 -1.168731982537595 -0.1205056365174982 0
2626 -1.194980889352578 -0.07606233394288206 0
2627 -1.273586584459677 0.3734233989577713 0
2628 0.7776375223214875 0.116341393939957 0
2629 0.7805248318828701 0.1401529234891422 0
2630 -1.322797462599769 0.459055608928693 0
2631 -1.297694288892331 0.4158139061070629 0
2632 -1.27489682629062 0.4567582971783699 0
2633 -1.224896826290482 0.4567582971783699 0
2634 -1.321487220768826 0.3757207107080944 0
2635 0.4914666816674797 -0.2430319266248344 0
2636 0.4782556875201202 -0.2141046702678317 0
2637 0.4613338884651096 -0.2410774178045986 0
2638 0.1991415130035218 0.1251782317265808 0
2639 0.2175636040095257 0.1141589631896563 0
2640 1.717266049503894 0.2844741308149087 0
2641 -0.8905487393828755 0.2959673637424702 0
2642 -0.9314031875119749 0.2724447899454566 0
2643 -1.371464499566727 0.3778768729979081 0
2644 -1.347356795134072 0.3354863658486164 0
2645 -1.620173497486241 0.2272562375600221 0
2646 -1.622214650803996 0.1773202459448759 0
2647 1.873150263695941 0.4590609712014526 0
2648 -1.669912107455555 0.05464506492075675 0
2649 -1.628064983458374 0.02817294873058023 0
2650 1.872691822141636 -0.4579609358415979 0
2651 1.540364284262797 -0.2693324644878958 0
2652 -1.662114861276444 0.2542966327916745 0
2653 -1.666025851584892 0.1540569127520084 0
2654 0.7483017503034678 0.07297734172988489 0
2655 0.7609962188567252 0.0582308884135537 0
2656 -1.713045375617287 0.0313961398687132 0
2657 -1.711079747375478 0.08104401633423727 0
2658 -0.9731475762431742 0.2478455208823843 0
2659 -1.011436832179759 0.2225133556183098 0
2660 -1.15155161536952 0.3277401701231142 0
2661 -1.124507755086859 0.3699618264221276 0
2662 -1.95815308962782 -0.07252326074791583 0
2663 -1.95815308962782 -0.02252326074778256 0
2664 -1.957528615740741 0.02676590347492339 0
2665 -1.915681705368561 0.004242642725764703 0
2666 -1.958043171790932 -0.173031494322873 0
2667 -1.959184019143202 -0.222412877457248 0
2668 -1.917227190934134 -0.1954443717809533 0
2669 -1.958043171790932 -0.1230314943227344 0
2670 -1.916196261418752 -0.09555475507175977 0
2671 -1.960658388929718 -0.323738223164159 0
2672 -1.91984240807292 -0.2961511006221006 0
2673 -1.959184019143202 -0.2724128774573867 0
2674 -1.960658388929718 -0.3737382231642978 0
2675 -1.869629762818234 0.4556374784881627 0
2676 -1.819629762818095 0.4556374784881627 0
2677 -1.677625089715878 0.4555158855946236 0
2678 -1.62762508971574 0.4555158855946236 0
2679 -1.372797462599908 0.459055608928693 0
2680 -1.025242599662545 0.4593667258971994 0
2681 -0.7781511756878851 0.4557931132637397 0
2682 -1.957528615740741 0.07676590347479012 0
2683 -1.675484600596997 -0.4602508455050111 0
2684 -1.957607199861854 0.1272370067606836 0
2685 -1.957607199861854 0.1772370067605449 0
2686 -1.957956435100432 0.2265570902215164 0
2687 -1.957956435100432 0.2765570902213777 0
2688 -1.915135815602595 0.1040029102343641 0
2689 -1.915563634962286 0.2037940969812291 0
2690 1.957264419866191 0.1240201960814495 0
2691 -0.4394516355310149 -0.181171103047653 0
2692 -0.4604947221389658 -0.2201933262515932 0
2693 -1.489375404770164 0.3430210056409819 0
2694 -1.530305508650024 0.369362712467275 0
2695 0.4389447938419955 -0.2688098541900773 0
2696 -1.709078111760836 0.1307338118326492 0
2697 -1.707157484131982 0.1804977831983767 0
2698 -1.752211379922568 0.1074848867806057 0
2699 0.0002361927541190681 -0.01822109518828654 0
2700 -0.00041338995654758 -0.02710377169179646 0
2701 -1.262470717514031 -0.2757480681154065 0
2702 -1.286723721628505 -0.2255992407997084 0
2703 -1.313838736492285 -0.2667303972160878 0
2704 -1.631613180680417 -0.07087595024282529 0
2705 -1.62986636719583 -0.02132216400223584 0
2706 -1.673624549181951 -0.04455659778535678 0
2707 -1.705651452206915 0.230273709679904 0
2708 -1.703661089527321 0.2807494583538426 0
2709 -1.747371383528499 0.3058918718870239 0
2710 0.02309975743683543 -0.06088324914578408 0
2711 0.02426373116844117 -0.07319155199325707 0
2712 -1.790318157964867 0.2832079396139781 0
2713 -1.715198374169279 -0.01826248643249985 0
2714 -1.756366014089202 0.008136464980980675 0
2715 -1.725150421040722 -0.2638581809403058 0
2716 -1.76511514897755 -0.2886672247001593 0
2717 -1.724860119782112 -0.3125653964242728 0
2718 -0.6274855824265217 -0.2005521499200007 0
2719 -1.635047022098619 -0.1699653067140449 0
2720 -1.636612863970939 -0.2196152663066491 0
2721 -1.592831382399722 -0.196215068687133 0
2722 -1.165573062586314 -0.2782861184623545 0
2723 -1.213558510674038 -0.2772683402960653 0
2724 -1.748703712382859 0.2069506087605449 0
2725 -1.68186194775756 -0.2405609284989901 0
2726 -1.722116976952998 -0.2166627567748766 0
2727 -1.716945187653866 -0.0678162726730893 0
2728 -1.639646308058663 -0.2668106904720782 0
2729 -1.460462158675691 -0.07676111182762996 0
2730 -1.462059694160694 -0.1258978950387078 0
2731 -1.418548887708989 -0.102808236191507 0
2732 1.549159532674871 0.1980489344797177 0
2733 -1.63331845159697 -0.1203377465602376 0
2734 -1.677099933168186 -0.1437379441797536 0
2735 -1.58956026961085 -0.09710331277711662 0
2736 -1.36382705683789 -0.2664090175070007 0
2737 -1.339574052723416 -0.3165578448226988 0
2738 -1.457054600201438 0.02148944503774024 0
2739 -1.455253832663633 0.07066549476814324 0
2740 -1.49875504802947 0.04781201644087084 0
2741 1.263364140460493 -0.06911300362393227 0
2742 1.244424222465215 -0.09817216503170004 0
2743 0.5426143026864078 0.2174450933966963 0
2744 0.5261382630867406 0.1946795466263629 0
2745 -1.58605361495684 0.001853596273111713 0
2746 -1.502264390347336 -0.05060740198218147 0
2747 -1.544205407130786 -0.02450277487461826 0
2748 -1.545913981910847 -0.07374614356726757 0
2749 -1.5476192528274 -0.1232079398846798 0
2750 -1.240673525537817 -0.3183994967124447 0
2751 -1.067074037377834 -0.2809897048296839 0
2752 -1.090356760687973 -0.2380136931826878 0
2753 -1.116102083164664 -0.2796284796786015 0
2754 -1.052746697022416 0.2461831863034393 0
2755 -1.759855049241244 -0.09116067999946538 0
2756 -1.718281224253916 -0.1174547913523223 0
2757 -1.317291850600196 -0.3618694217036602 0
2758 -1.549255759031077 -0.1725868577016078 0
2759 -1.720009794755565 -0.1670823515061297 0
2760 -1.763298268038728 -0.1903796039474453 0
2761 -1.505609471331074 -0.1492296884917587 0
2762 -1.463696200364372 -0.1752768128556357 0
2763 -0.9696123786098126 -0.2831477680658617 0
2764 -1.018019311594542 -0.2819205581311068 0
2765 1.046177376323165 -0.07070864080197488 0
2766 1.057066453541576 -0.06339833301007297 0
2767 1.043668142608685 -0.05406400735093071 0
2768 -1.542404023393329 0.02499233785819781 0
2769 0.9923327732128036 -0.2443035741653521 0
2770 -1.458753583895631 -0.02751774313498065 0
2771 0.03154086979513904 0.2106099039429708 0
2772 0.0568630692981112 0.2222623666340893 0
2773 -1.371435318417612 0.01789534845914758 0
2774 -1.415252368529794 -0.004664264807708256 0
2775 -1.373134302111804 -0.03111183971357332 0
2776 -1.411799092677702 0.09351203539911113 0
2777 -1.370442446132251 0.06697203019781914 0
2778 -1.368688153974352 0.1161411422319176 0
2779 -1.202586799655091 0.01565572701918758 0
2780 -1.241917717527068 -0.01400478538130382 0
2781 -1.200006172461415 -0.03747718047819829 0
2782 -1.120091463587247 0.01137240781674166 0
2783 -1.119323433658674 0.05686455024297864 0
2784 -1.159907224660865 0.03767547434853009 0
2785 -1.286907798360183 0.01528794783468228 0
2786 -1.284327171166507 -0.03784495966270359 0
2787 -1.21854478044241 -0.3643149918105624 0
2788 -1.285914926074823 0.06436462957335384 0
2789 -1.328324379714262 0.04052445529195407 0
2790 0.8200524292283049 0.04141671727681338 0
2791 0.805137429228283 0.04311621727681587 0
2792 -1.332369750375347 -0.05873693294923837 0
2793 -1.287379669542232 -0.08802966616522448 0
2794 -0.9734668794169907 0.2975948559152052 0
2795 -1.201818769726518 0.06114786944542456 0
2796 1.006323650525633 -0.004914926328064249 0
2797 1.009165389945321 -0.008841338881405585 0
2798 0.580946648908933 0.2586891560628895 0
2799 0.6124723034677627 0.2718252888790553 0
2800 -1.201797322362097 0.108536880147667 0
2801 -1.244476897356323 0.08651713281832446 0
2802 1.788338494390636 -0.01697414190131851 0
2803 0.5196019808997143 0.2434684547438068 0
2804 0.5500269185739219 0.2487559611083364 0
2805 -1.376186800487529 -0.0812965462160942 0
2806 -0.945958876937355 -0.3255379977363355 0
2807 -0.0123427382917048 0.06443597316136987 0
2808 0.4719467976531072 -0.1451824786443028 0
2809 0.6695497092388736 0.287724003056363 0
2810 -1.043764634071233 -0.3235353446270205 0
2811 0.926734626722046 0.04993243584671216 0
2812 -1.368213252043461 0.1633998871533857 0
2813 -1.367426209068637 0.2101381698132055 0
2814 0.9642449007142919 0.2126420119144626 0
2815 -0.8499225603034319 0.3161772851029405 0
2816 -1.285893478710401 0.1117536402755963 0
2817 -0.2476789224831216 0.07367410211355313 0
2818 -0.246756826060207 0.1072059516830283 0
2819 1.260291420895758 0.1396580572242314 0
2820 -1.05706416359396 0.2990676194876475 0
2821 -1.094599592468186 0.2722552189389539 0
2822 -1.080671837510283 -0.01229436905862194 0
2823 -1.121255628512475 -0.0314834449530705 0
2824 -1.020779106925362 -0.3676915662988846 0
2825 1.769741855745658 0.2874893180875349 0
2826 0.4564881395696376 -0.2989160952270457 0
2827 -0.07962721850435091 -0.05048460041931051 0
2828 0.1678872427890853 0.06682965851475689 0
2829 0.1529722427890445 0.06567190851475373 0
2830 -1.038227877576609 0.006127673667717076 0
2831 -1.039392042501837 -0.03672817910209508 0
2832 0.1203740804681405 0.4678887549792355 0
2833 -1.035062557195285 -0.1528879213106425 0
2834 -1.063396391034984 -0.1925594368383384 0
2835 -0.9956195246781869 0.4164286864899592 0
2836 -0.970376925012868 0.4570619605927598 0
2837 0.1846278084612472 0.1255094206563968 0
2838 0.1736541791899305 0.1408114684955961 0
2839 0.1628669107287913 0.1246076059482756 0
2840 1.143154247477081 -0.02005556795725481 0
2841 1.172768832484965 0.2234793058547862 0
2842 1.194613390201802 0.1998889777311013 0
2843 -0.7094364053151674 -0.2769552727317516 0
2844 -0.7459163784070049 -0.290377748267878 0
2845 1.120960552207156 0.2068733312619911 0
2846 1.116043184902233 0.1791949675414169 0
2847 0.8361411145996007 0.4631310553221683 0
2848 0.886141114599462 0.4631310553221683 0
2849 -1.074701129183797 0.3719365519587804 0
2850 -0.06509310413470612 0.05218242312597345 0
2851 -0.05954877758463756 0.06962688191408224 0
2852 -1.112424436821814 -0.191198211687256 0
2853 -1.136151671936126 -0.1508841266854142 0
2854 -0.8768019466487349 0.002086084843364543 0
2855 -0.9218242067211297 -0.02436880445546735 0
2856 -0.8824531533448154 -0.04748760115019028 0
2857 0.8756982042947137 0.05637362356290173 0
2858 -0.4967750590513329 0.2332606158956714 0
2859 -0.5353329139433922 0.2152983689087484 0
2860 -0.5005320222977774 0.191514107770498 0
2861 -1.872996988388772 0.1814130018246469 0
2862 -1.873346223627351 0.2307330852856184 0
2863 1.619076948722979 -0.1763138471036798 0
2864 1.629615915109726 0.1771567235786014 0
2865 -0.6485765689878134 0.239089662477343 0
2866 -0.6879362487188807 0.2173458673559675 0
2867 -0.08469684702901564 -0.1308064908433299 0
2868 -0.1022001434011876 -0.1190865254232676 0
2869 -0.9990412665891384 0.02822313025983494 0
2870 -1.040321061597584 0.05265694030330809 0
2871 1.092486451752489 0.01069311408595877 0
2872 1.087329414127251 0.02953616119982944 0
2873 -0.9565605412966063 0.003449372581165705 0
2874 -0.9586537253175814 0.04997863921675672 0
2875 -0.1361380799807905 -0.05170440545973332 0
2876 -0.92255625308893 -0.369567346488434 0
2877 -0.7967332877145357 -0.0008376240465637654 0
2878 -0.7968910262493842 0.04456189882440592 0
2879 -0.8375886318072689 0.0243668110196113 0
2880 1.583351505573777 -0.2605959673651976 0
2881 0.8482544275660245 0.03180598086367509 0
2882 0.8333394275660464 0.03350548086367261 0
2883 -0.9622117479926868 -0.04612431341238912 0
2884 1.19198338458227 -0.2280336934603067 0
2885 1.176307595424364 -0.2606148932445579 0
2886 1.212459159699983 -0.2568720724476766 0
2887 -0.9713072844395159 -0.3684955466805419 0
2888 -1.410587180055012 -0.2770087763075068 0
2889 -0.8073979765513196 0.2909816125970041 0
2890 -0.5057145554739529 0.1494845956294168 0
2891 -0.4671567005818937 0.1674468426163397 0
2892 -0.5493027051000026 -0.2877459474175291 0
2893 -0.5917071102232697 -0.2825920749291966 0
2894 1.283285166793649 0.0864533487487999 0
2895 1.318339758337366 0.08154024366114128 0
2896 1.230540274518768 -0.12971710681429 0
2897 1.21837202719969 -0.1635620757787458 0
2898 1.179859243698219 0.3807685001653167 0
2899 1.147022150865733 0.3745121048078617 0
2900 1.167171944650662 0.341455419045268 0
2901 -1.364936772505017 0.299678983537951 0
2902 -1.314959493707116 0.2975228212481373 0
2903 -0.8769596851835834 0.04748560771433423 0
2904 -0.7656326690811756 0.2646113784843525 0
2905 1.325245829935054 -0.2473683514760865 0
2906 1.364122964011877 -0.2409528743517256 0
2907 1.3399995597869 -0.2104918564884509 0
2908 1.193877027561408 0.4162037256665774 0
2909 -0.2768744106595591 0.05969369522965057 0
2910 0.173595148031238 -0.08125200230222152 0
2911 -0.8031511756879546 0.4271693352833508 0
2912 0.7307797445791056 0.0643354876857045 0
2913 -0.4284724894697727 0.1894692543877751 0
2914 -0.4336550226459482 0.1474397422466939 0
2915 -1.267456987282403 -0.3627947196299036 0
2916 1.570057614225882 0.005776337794753597 0
2917 1.556132779338373 -0.03326456870725339 0
2918 1.596138385859526 -0.02756080764340176 0
2919 1.613058474326084 0.2119493481396134 0
2920 1.603955404308436 0.2575188529780832 0
2921 1.576574767541097 0.2207823917746976 0
2922 -0.7881228191172669 -0.2944305430076563 0
2923 1.953631730814194 0.3712581470652419 0
2924 1.953631730814194 0.3212581470651031 0
2925 1.367213050975863 0.03728232272544453 0
2926 1.33920672155413 0.06394277219612245 0
2927 -0.7169009963743154 -0.001942883088236178 0
2928 -0.7575889257059839 -0.02549059725960107 0
2929 -0.7184542399236484 -0.04679094410606811 0
2930 -0.7169850923784524 0.03880588681636923 0
2931 -0.7556057748248781 0.06483311779433865 0
2932 -0.6735372720248659 -0.1956633294220201 0
2933 -0.6547954301225095 -0.2362225382665241 0
2934 0.7012607866902563 -0.05166588606329156 0
2935 0.7193825366902888 -0.04992713606328843 0
2936 -0.01936488101568732 -0.05180582920108251 0
2937 -0.009265447301541833 -0.04963113945672599 0
2938 -1.873820499251204 0.131226205277363 0
2939 -1.831603087916268 0.1581651935817524 0
2940 0.08132270935087624 0.2361000111391063 0
2941 0.106601050950533 0.2501812469280086 0
2942 -0.7259924965474924 0.2399977495340016 0
2943 0.5062787048174894 -0.2709927007579693 0
2944 0.04862499520112076 0.07947953700651676 0
2945 -0.6375222554775799 0.003159528782315981 0
2946 -0.6778504065961168 0.01750553996990219 0
2947 0.5259079317062372 0.1422049625533148 0
2948 0.5423362710829811 0.1526397199639665 0
2949 0.523658821784537 0.1667667488099073 0
2950 -1.879278246112441 0.3802149114005698 0
2951 -1.876367801030038 0.3294221049053492 0
2952 0.4115470731043099 0.2621658669496646 0
2953 0.4416258246067156 0.2737578798066777 0
2954 0.3529604045787685 0.2383836670048938 0
2955 0.382029592993834 0.249272284719129 0
2956 1.061999954510938 0.05312846029961935 0
2957 0.03369749840432471 -0.3988981713112065 0
2958 -0.01462273664501524 -0.3954654114878478 0
2959 0.7700856639383704 -0.04359947252068551 0
2960 0.786810163938414 -0.04183522252068093 0
2961 0.784842066163394 0.04295996845050318 0
2962 0.7681175661634475 0.04472421845049754 0
2963 -0.7982865312638687 -0.0456856850643957 0
2964 0.2132914611130969 -0.07096026628337784 0
2965 0.2300159611130562 -0.07149376628337656 0
2966 1.517316354643306 0.072881070006761 0
2967 -1.873741915130091 0.08075510199146957 0
2968 0.7706993879312487 0.2299487887316294 0
2969 0.9379302227684059 0.06050606676473613 0
2970 1.205105962541555 -0.1961502148834456 0
2971 -0.9203769250127294 0.4570619605927598 0
2972 -1.32685660549801 0.1368598819520938 0
2973 0.5298702096016326 -0.1242957283319735 0
2974 0.5153795864907186 -0.1061115297645696 0
2975 1.065065833281759 0.06497543769062845 0
2976 1.085798894390396 0.06485584385067525 0
2977 1.001347127979712 0.05913154354909294 0
2978 1.011877708670728 0.06826937541029741 0
2979 1.009303998706335 0.03473833955072085 0
2980 1.021954428056277 0.03258745785576242 0
2981 -0.1484466832901557 0.004726537628030793 0
2982 -0.1515493486259252 -0.01671911132001523 0
2983 0.7772181463295447 -0.2108076168982151 0
2984 0.2305074155737185 0.07219768682552252 0
2985 0.2137829155736833 0.07166418682552139 0
2986 1.623419021465172 -0.06135566961294001 0
2987 1.650428018715399 -0.09600637151792257 0
2988 0.484150947551362 -0.1247903635248015 0
2989 0.0003630902468921282 0.2795677273530405 0
2990 -0.00669686618709044 0.3018864193570966 0
2991 -0.026920663863089 0.2854069936507473 0
2992 -0.08761241300632827 0.1786160248372691 0
2993 -0.08471273006912965 0.20856343716315 0
2994 -0.1086263517993791 0.1980322181045124 0
2995 1.404661385618115 -0.1119892900279199 0
2996 -0.6007385575802791 -0.02511101058102723 0
2997 -0.640982612694679 -0.05151376929804642 0
2998 1.414520377686665 -0.0189028388232552 0
2999 1.400150959714126 -0.05488540634800061 0
3000 1.437124947713286 -0.04877888315076954 0
3001 -1.917604918394501 0.3011345231335074 0
3002 -1.959648483294068 0.3245774329126845 0
3003 -1.442924422249838 0.3166651283206928 0
3004 -1.443785056452298 0.3639984054587191 0
3005 -0.6826108506426372 -0.1511991735769217 0
3006 -0.7257807924889967 0.2876089937369944 0
3007 -1.874675752836403 0.2814017622140423 0
3008 -0.5712942343586302 0.2361144186009821 0
3009 0.9309659258414369 -0.2493390735446621 0
3010 0.1921766719238201 0.2860033731310185 0
3011 0.2224506060057814 0.3013922017891648 0
3012 1.003408951504849 -0.01657211834433679 0
3013 1.311682937214609 0.2270111035336407 0
3014 1.328720662207731 0.197520938101016 0
3015 0.5637643404115322 0.1431991362244818 0
3016 1.645324876904624 -0.2090887724702621 0
3017 1.662479473654118 -0.1686780433219561 0
3018 -1.832109106262889 0.2590206670574601 0
3019 -1.788988628755815 0.2325392626855542 0
3020 1.172062918480605 -0.0602677916316469 0
3021 0.5702343097779774 -0.2716986337820776 0
3022 0.1325780167039396 0.2655841639549127 0
3023 0.1598998013310332 0.2430003012365891 0
3024 0.1615127291860951 0.2739547164039823 0
3025 0.3004638031956189 0.07567662841887643 0
3026 0.2823420531955051 0.07574487841887687 0
3027 0.2794244610659595 -0.07468304670072959 0
3028 0.297546211065965 -0.07461479670072957 0
3029 1.325437061489938 -0.4150215207169187 0
3030 1.794962266307239 -0.2533221721256037 0
3031 1.770202634500547 -0.2983342749721622 0
3032 1.295113377060337 -0.3193507455809421 0
3033 1.256506049325723 -0.3212792227077247 0
3034 1.279860138105516 -0.3530014658633444 0
3035 1.911697043917532 0.2923396180357193 0
3036 1.87758658400109 0.2549078038172202 0
3037 0.04168233038608415 -0.2675833419408079 0
3038 0.0334906240394794 -0.2420985388101142 0
3039 -0.5659353040873563 -0.000139085125847465 0
3040 -0.5693956613044555 -0.05481238320620986 0
3041 0.07849285658162054 -0.07780494058775407 0
3042 0.1806323125566781 0.1588925584158932 0
3043 0.1588714148242221 0.1579907437077721 0
3044 0.4748739506992267 0.4008965341748513 0
3045 0.5217834347386316 0.3948197671101579 0
3046 1.637343856352681 -0.02231476311093302 0
3047 0.03211592028710093 -0.1235863604874611 0
3048 0.01757114144037916 -0.133259698318789 0
3049 -0.2080840890567932 0.3775603244275247 0
3050 1.583768289489738 0.04586888982872956 0
3051 1.632659616007161 0.05165098491184006 0
3052 -1.874277824591295 0.03154961497779597 0
3053 -1.832962508239903 0.05877291002079489 0
3054 0.6295933698878728 -0.05995646216101141 0
3055 0.6486661198879269 -0.05833996216100683 0
3056 0.8325323253846684 -0.03511316394880854 0
3057 0.8474473253846903 -0.03341366394880606 0
3058 1.268551026120607 -0.1275696526714359 0
3059 1.543762682968585 0.04016512876487792 0
3060 -0.5682256380662337 0.288799869902749 0
3061 -0.6079439217279163 0.2678694114698092 0
3062 0.3746133612717498 0.07476665390552417 0
3063 0.3555406112717118 0.07537340390552538 0
3064 0.355781924042819 -0.07804257368092303 0
3065 0.3748546740427811 -0.07743582368092423 0
3066 1.680411687889483 -0.1283546791685307 0
3067 1.69460816113241 -0.08845793273107938 0
3068 -0.3608899699210689 0.2236469690622097 0
3069 -0.3289786856798274 0.2406110019148294 0
3070 -0.3590981512498262 0.2621467254487198 0
3071 0.1915519513769987 -0.1209797120072284 0
3072 0.6465667587601271 0.0593117760311886 0
3073 0.6274940087601812 0.06092827603118403 0
3074 1.011139342729311 0.2178431789052247 0
3075 1.45152768029911 0.2489121869538148 0
3076 -0.6455079726954167 0.2917751137791098 0
3077 -0.4996317154804861 -0.01352960729888746 0
3078 -0.4887101008128804 0.02540257790046748 0
3079 -0.5236707931439269 0.009091727448324836 0
3080 0.4672091959048007 0.09063624561531101 0
3081 0.4804381349141817 0.1080441870232224 0
3082 0.7202857935832085 -0.2132889018614727 0
3083 1.091558787515902 0.1169708106599148 0
3084 1.104583615378885 0.09809595370534879 0
3085 -0.4329366407817196 -0.01566785587757714 0
3086 -0.465031052788798 -0.03196082205495544 0
3087 -0.433296670421078 -0.05040992108578776 0
3088 -1.874902298478373 -0.01773954924490997 0
3089 0.1467330148438907 0.2210490067967913 0
3090 0.6618837421439232 -0.2158122412834763 0
3091 1.118439732210524 0.08092188124788982 0
3092 1.11146067815919 0.05829428308096755 0
3093 1.133564460294394 0.06325672530839158 0
3094 1.085946529205618 0.04604882864191608 0
3095 1.096483584890543 0.05715242381170663 0
3096 0.9581278408700897 0.08130789286029669 0
3097 1.249947118569216 -0.2559596875443739 0
3098 1.23427132941131 -0.2885408873286252 0
3099 -0.08516652969564818 -0.1519500270255001 0
3100 -0.07575643896469204 -0.2309194945184003 0
3101 -0.1031645927136051 -0.2420489861464218 0
3102 0.1569816292382351 0.1070104779673325 0
3103 1.464326858369998 0.02635407179432199 0
3104 1.490773186695277 -0.006361869447561089 0
3105 1.50360567937945 0.03278851797278504 0
3106 -0.9198105102640435 0.07386247207900694 0
3107 0.1090701959551104 0.08437651403103981 0
3108 1.109209323576575 -0.3269872334364417 0
3109 1.089697261294614 -0.2947586051555918 0
3110 0.06405974878592786 0.0792179052211984 0
3111 0.2846926249467168 -0.2405896360716863 0
3112 0.3130265554122763 -0.2525682952787053 0
3113 0.6652843362358871 0.2598378540868865 0
3114 0.001713242935936002 -0.1439147104346609 0
3115 -0.01454598564370795 -0.152870034809235 0
3116 0.9248841348054965 0.2319780833878124 0
3117 0.8992717006839732 0.227723600505724 0
3118 0.8026284231179339 0.4557220337215402 0
3119 0.8387695377142059 0.4188530890437084 0
3120 1.747862087938174 0.008371434503083607 0
3121 0.01707128902495695 -0.2871366498115236 0
3122 1.706659616071128 -0.1611296045351129 0
3123 -1.495118019485618 0.445177141389504 0
3124 -1.456888858568304 0.4101089366317161 0
3125 -1.461770839081299 0.4649317952422121 0
3126 0.23363943586452 -0.2172177274893209 0
3127 0.2590302486358297 -0.2277565663976238 0
3128 -0.4564872734923671 0.258872350736631 0
3129 -0.4912881651379818 0.2826566118748814 0
3130 1.33391835000008 -0.3144511790379615 0
3131 1.358721993857637 -0.3467244094470256 0
3132 1.374172878017587 -0.3101025997484254 0
3133 0.8702790015153442 -0.256408823630577 0
3134 0.185775307011968 -0.1955704540260657 0
3135 0.2099668731861597 -0.2051824766213438 0
3136 1.51430247333734 -0.03964311689722849 0
3137 -0.3700945266096891 -0.01800041147185137 0
3138 -0.3686381497998168 0.01803899852355247 0
3139 -0.3997458816041273 0.001922455086994374 0
3140 -1.697335177066224 -0.4209819540588582 0
3141 -1.72185057647006 -0.4607311085538471 0
3142 0.1449115567379852 -0.1722584256075014 0
3143 0.1642582134723752 -0.1842688837157251 0
3144 1.293152783943379 0.2577384122826399 0
3145 1.329111868296213 0.2588083275202312 0
3146 1.367036223502771 0.2593204192864959 0
3147 1.388618685397059 0.2214638915535782 0
3148 1.408012887332386 0.252703292068842 0
3149 1.475023652327888 -0.04607756307569155 0
3150 1.28644085699531 -0.2522679180190671 0
3151 1.310564261220287 -0.2827289358823419 0
3152 -0.7758365138858837 -0.121234074299077 0
3153 -0.8015420913628923 -0.08507233271521433 0
3154 -0.8182364359934592 -0.1359677487368583 0
3155 1.000162951369234 0.1211210354323733 0
3156 -1.184914606483302 0.2937359439358175 0
3157 -1.132280050153512 0.2911354259358654 0
3158 1.221966154126247 0.2562865702474001 0
3159 1.257017431755527 0.2562394716226847 0
3160 1.406478700311703 -0.416563586009303 0
3161 0.5780103765733702 0.3871583117525562 0
3162 0.4544335153462091 0.07399347857322196 0
3163 0.4348792653461441 0.07504547857322545 0
3164 0.4306875967578965 -0.07202446545802003 0
3165 0.4502418467578315 -0.07097246545802353 0
3166 0.7598029088689476 -0.1222309355993848 0
3167 -1.875913374524319 -0.06767162992772002 0
3168 -1.834509493747053 -0.04036465767568875 0
3169 0.5512843040358191 -0.06646288386769082 0
3170 0.5708385540358627 -0.06507363386768773 0
3171 0.5699320163316245 0.06543595698912369 0
3172 0.5503777663316678 0.06682520698912062 0
3173 0.966234246561562 -0.06582626837091299 0
3174 0.9800727461612176 -0.06316146184357486 0
3175 0.001957364915931517 0.01840718257835695 0
3176 0.1036730419605642 -0.15776363147922 0
3177 0.1246194073403736 -0.1627124472000104 0
3178 1.426634650389746 0.01777127877351361 0
3179 -0.7245524458013641 0.3780109711055115 0
3180 -1.959648483294068 0.3745774329125458 0
3181 1.241401013516024 -0.1917027335587257 0
3182 1.264628687283982 -0.2205991031381186 0
3183 1.277894751942118 -0.1880109640334188 0
3184 -0.3687465773713277 -0.0847173966346727 0
3185 -0.3365462692509634 -0.09976004572513611 0
3186 -0.8125847131179758 -0.2522234772308782 0
3187 0.8258968429303521 0.2412521033727933 0
3188 0.1831496676325633 0.185101041682064 0
3189 -0.03160286342898441 -0.1636546030445869 0
3190 -0.049266516485403 -0.1737956853205991 0
3191 0.6830681668825351 0.05387121224546611 0
3192 0.6649464168825026 0.05560996224546925 0
3193 0.6650746766708111 -0.0557415208610039 0
3194 0.6831964266707784 -0.05400277086100703 0
3195 1.351502376822041 -0.177530052458768 0
3196 1.312625242745218 -0.1839455295831289 0
3197 -0.2196303356338462 0.3355097440123938 0
3198 -1.875803456687432 -0.1181798635025385 0
3199 1.719937573105254 -0.3054937154848467 0
3200 -1.127962583581969 0.2382509927516572 0
3201 -0.3103902196831373 -0.0187587362000768 0
3202 -0.3392461851412756 -0.03482731912932784 0
3203 -0.3106496100190342 -0.05170218729411137 0
3204 -0.002270403373584261 -0.03614996635286238 0
3205 0.001097890271409618 -0.0448028502098647 0
3206 -0.4999917451198446 -0.04827167250709809 0
3207 1.276164174182944 -0.03825895000803833 0
3208 1.295235007789505 -0.06517065727295204 0
3209 1.429945218404822 0.2867687146867325 0
3210 -0.6380221026552541 -0.08755238634818752 0
3211 -0.6590363574210041 -0.1276567025552411 0
3212 -0.03968735953217128 0.2009089144503466 0
3213 0.5314067086241365 0.06789950079908828 0
3214 0.5118524586240933 0.06928875079909136 0
3215 1.966380435082782 -0.223872911278351 0
3216 0.4969016110715149 0.2640521614576237 0
3217 0.4136221840988825 0.07512934150390103 0
3218 0.3945494340989205 0.07573609150389982 0
3219 0.4715408857696156 -0.07145825922954357 0
3220 0.4910951357696806 -0.07040625922954008 0
3221 -0.3703539169455859 -0.05094386256588594 0
3222 -0.3995949188397413 -0.06789048897719623 0
3223 -1.081024274848583 0.07662755549495651 0
3224 0.6086311307139824 0.06331417727194172 0
3225 0.5895583807139284 0.06493067727194629 0
3226 -0.2742136553219676 0.1266348950765584 0
3227 0.1114891093262588 -0.06063153179130641 0
3228 0.4932214305586566 0.07063476704208556 0
3229 0.4736671805587216 0.07168676704208206 0
3230 -0.4314802639718473 0.02037155411782669 0
3231 -0.4264918014483929 0.2273295236767605 0
3232 -0.4210049075350419 0.2767255196559705 0
3233 -0.3929901235124475 0.2073224233071147 0
3234 -1.822481879240885 -0.4541859454835809 0
3235 -1.872481879240746 -0.4541859454835809 0
3236 0.7368874622615071 -0.04758577550613317 0
3237 0.7536119622614638 -0.04582152550613775 0
3238 0.336534093647553 0.07518769939508957 0
3239 0.3184123436476668 0.07525594939508913 0
3240 1.21901809045649 -0.3221916076110274 0
3241 1.389660662390586 0.01166475557628255 0
3242 -1.251422517563858 -0.1954917317181762 0
3243 -0.1347915056879308 0.1892460956696573 0
3244 0.0678201478616386 -0.1385135084247388 0
3245 0.08513543954923079 -0.1481690813159029 0
3246 -0.03441181018839355 -0.2599615429053581 0
3247 -0.05903849090287319 -0.2444081843010053 0
3248 -0.06003487783864549 -0.2720800119255435 0
3249 0.18205528894245 -0.06891410840476328 0
3250 0.1969702889424906 -0.07007185840476644 0
3251 0.1976468590887917 0.0700518938974112 0
3252 0.1827318590888324 0.06889414389741437 0
3253 1.348506070231541 0.2900477280354951 0
3254 1.094851195749834 0.2531480294862868 0
3255 1.111056519393919 0.224696409822392 0
3256 1.123711043722631 0.2493748458279869 0
3257 -0.3628706579424487 0.1857866997732243 0
3258 -0.294646031549486 -0.1730172623670974 0
3259 0.915985228457886 0.4218448280563194 0
3260 -0.4316893308468197 -0.08418345515457452 0
3261 1.395811704684298 0.3880785279264288 0
3262 -0.02142766103425877 -0.06338414554315611 0
3263 1.288009190942879 -0.01003623432235969 0
3264 1.320343104185007 -0.004045415689610202 0
3265 1.300317253615931 0.02023495364508822 0
3266 0.9487197242465013 0.07213612943013689 0
3267 0.9622513469293541 0.065942829479961 0
3268 1.21426761571457 0.1707863510377303 0
3269 1.231748519104316 0.1446535914351192 0
3270 0.9758284015844273 0.06263068079629401 0
3271 1.038945041296914 -0.2694986195526838 0
3272 1.071103069272854 -0.2669233363387731 0
3273 1.274446362837132 0.2880366956092752 0
3274 1.214026821346337 0.3831470399039837 0
3275 0.03305819921410353 0.347258524442364 0
3276 -1.402902394251064 0.2869001204456397 0
3277 0.5922025462556719 -0.06411852793288504 0
3278 0.6112752962556178 -0.06250202793288961 0
3279 0.860747001511768 0.03221694845880375 0
3280 0.8624374808915046 -0.03341654569645985 0
3281 0.8751762308914615 -0.0318682956964651 0
3282 -1.876457637797631 -0.1676216477286912 0
3283 -1.836174750903199 -0.1397385225846515 0
3284 1.155277256316229 0.2514542866847752 0
3285 1.188129721434478 0.2540103663754693 0
3286 0.6205761043431279 -0.3500984648037777 0
3287 -1.049519000621109 -0.1168654371180339 0
3288 -1.877598485149901 -0.2170030308630663 0
3289 0.008820902579197307 0.2253640205316251 0
3290 1.124525532120138 -0.1028158378694093 0
3291 1.091177242022962 -0.1064212205869956 0
3292 -0.1666970368408041 0.01787758435590546 0
3293 0.9402739443791456 -0.02193503564500437 0
3294 0.9512466416403491 -0.03160561165782198 0
3295 1.414602771027528 -0.3005125671278262 0
3296 1.389799127169972 -0.2682393367187621 0
3297 0.9458137159567997 -0.04503167361093442 0
3298 -0.3315601680363274 0.1664686606545674 0
3299 -0.3636603216277059 0.1501441148994724 0
3300 0.9902360712943198 -0.07259874894876378 0
3301 0.2053227746624749 0.08400208072293261 0
3302 0.5579343271222396 0.28471251741 0
3303 1.886089281763182 -0.4213583954630788 0
3304 -0.2803094784428389 -0.004050317276072711 0
3305 -0.3089060535650803 0.01282455088871082 0
3306 0.2041547500555875 -0.08331812468814428 0
3307 -0.252651014424281 -0.02154279924617253 0
3308 0.812077409361063 -0.08129922814363555 0
3309 0.8026779596682608 -0.101215957830586 0
3310 -1.774999999999377 0.4684241311663566 0
3311 -1.724999999999238 0.4684241311663566 0
3312 -1.790494660680881 0.1827633362040269 0
3313 -0.3029268166855917 0.146120722643673 0
3314 -0.3021371530003344 0.181763307517425 0
3315 0.2728740361738928 -0.1036405757938201 0
3316 0.2696592838633026 -0.08800180498179633 0
3317 0.2566893979052763 -0.1021242873741572 0
3318 -0.2441160135561261 0.2152937534067406 0
3319 -0.2722171737982572 0.19929324945794 0
3320 1.00703395488397 0.009129352703871694 0
3321 1.005990687088626 0.005170229116500136 0
3322 -0.8249999999967403 0.471376222019611 0
3323 -0.001504578987057734 0.01310565858629245 0
3324 -0.004582578987057734 0.006354158586292455 0
3325 -0.3036366703579605 0.1113402482137009 0
3326 0.2119416066521894 -0.1251083510851321 0
3327 0.5789209420797095 -0.09947362757054493 0
3328 0.5848241002915346 -0.08180916180057277 0
3329 -0.2060773587054018 -0.08116689877120901 0
3330 -0.230372046652537 -0.0960376123268926 0
3331 -0.2070946103221677 -0.109911484390074 0
3332 -0.1056705884316965 0.04331663012583821 0
3333 1.238021304150291 0.01069442324945315 0
3334 1.226176287390355 -0.0175282924362255 0
3335 1.256138323613867 -0.01397858067333991 0
3336 -0.5277227305526266 0.2977337938660747 0
3337 -1.880159669526164 -0.2696786148262046 0
3338 -1.839390116389662 -0.2418558907739426 0
3339 1.963397459621705 0.4633974596216315 0
3340 1.963397459621705 0.4133974596214928 0
3341 1.913397459621844 0.4633974596216315 0
3342 0.9327690987668344 -0.05013643839053646 0
3343 0.9212710588189033 -0.05438261418178338 0
3344 1.963397459621407 -0.463397459621481 0
3345 1.913397459621268 -0.463397459621481 0
3346 -1.963397459621407 0.4633974596214809 0
3347 -1.913397459621268 0.4633974596214809 0
3348 -1.963397459621407 0.4133974596216197 0
3349 0.05777737299942337 0.2518951005634806 0
3350 0.1119198612743364 0.06061457150328384 0
3351 0.09875035932629136 -0.05887303179131091 0
3352 0.7918058213231993 -0.2361723252591905 0
3353 0.8089055944707441 -0.2613308058120489 0
3354 -0.4351676529283501 0.1122950138064761 0
3355 -0.3964834418162291 0.1343174255779114 0
3356 0.8023716555238094 -0.03946465166499789 0
3357 0.8172866555237875 -0.03776515166500037 0
3358 1.363839567330806 -0.05632606537472527 0
3359 1.386444137357427 -0.0862021097022396 0
3360 0.329451581284229 0.2564648099863095 0
3361 -1.411770839081161 0.4649317952422121 0
3362 0.3166994536031021 -0.07585638457666527 0
3363 0.3348212036030966 -0.07578813457666531 0
3364 -0.5438562951994166 0.1378962122260366 0
3365 1.204474577957511 0.2842615510773892 0
3366 -0.1211772948716678 -0.107961567640016 0
3367 -0.1220265864599398 -0.1296361690800916 0
3368 -1.370505092824107 0.2489365758451605 0
3369 0.1454899150173232 0.07668402655923369 0
3370 0.1389646722282786 0.06409511804447995 0
3371 0.775733323212606 0.2622264253534775 0
3372 0.7487555037105111 0.2558756241101696 0
3373 1.355098778272782 0.0006082051286757199 0
3374 1.149969154930972 0.04463859893256544 0
3375 1.163821621134612 0.02512909786739994 0
3376 0.5833718472073695 0.1371909045107378 0
3377 -0.2100810584279223 0.007457183063005036 0
3378 1.289798938533927 0.3198384727549115 0
3379 1.253663586346075 0.3183395320949562 0
3380 0.8554484290777924 0.04391592932247885 0
3381 1.316283859520581 -0.09183373980890512 0
3382 1.329083893243032 -0.06097968619301118 0
3383 0.8601664242267729 0.05629750845174685 0
3384 1.061032538510107 0.2979818018573483 0
3385 1.036871878680786 0.3146075357521454 0
3386 1.026875417295011 0.2877440674549179 0
3387 0.008742366781591616 0.3254857722582496 0
3388 0.8230535393899081 -0.29361687218463 0
3389 0.4727443860391444 0.2843166172512916 0
3390 0.4475815852900586 0.3047494965981689 0
3391 -0.01854472256435942 -0.08992686398399001 0
3392 -0.02053261634529972 -0.07355510993962043 0
3393 -1.791318171543313 0.132576539656743 0
3394 1.342790715599731 -0.02966298283877219 0
3395 -1.96365203677239 -0.4636520367723144 0
3396 -1.96365203677239 -0.4136520367721758 0
3397 -1.913652036772528 -0.4636520367723144 0
3398 0.03028717622447872 -0.2163452279773529 0
3399 0.04681345844222248 -0.2040734861684972 0
3400 0.02327526813892786 -0.1942158375370441 0
3401 0.4884982330972217 -0.3034320599243124 0
3402 1.705573444184616 -0.04541601267320178 0
3403 0.3869455437471538 0.2812971769230194 0
3404 -0.3008505251489929 0.2196411874688344 0
3405 0.7292749989517961 -0.06355091156942159 0
3406 -1.155649971480602 -0.04640182154239066 0
3407 -0.3530255628480343 0.2969597904604565 0
3408 -0.3849368470892759 0.2799957576078369 0
3409 1.311784203641294 0.04382324374285654 0
3410 0.9519718745885967 0.2347217619631152 0
3411 0.9364471566011578 0.2567251701370191 0
3412 1.190706085772832 0.02789639110511457 0
3413 1.220739234280183 0.03592531872171992 0
3414 1.203386052126236 0.05667699834026693 0
3415 0.263885435543518 0.07506838818770753 0
3416 0.2471609355435533 0.07453488818770865 0
3417 0.5028573717548579 0.2950437782491149 0
3418 1.219160024066213 0.3171247846760215 0
3419 1.185323591374444 0.3148485808040906 0
3420 1.81384992510817 -0.212471312436533 0
3421 1.76141780063089 -0.2234865775507726 0
3422 0.7708963494842479 0.4159289288932053 0
3423 -1.771850576469921 -0.4607311085538471 0
3424 1.395285825410859 0.1470564550480336 0
3425 1.357958676533624 0.1354143135231383 0
3426 -0.1073544580286528 0.2797010140337639 0
3427 -0.08376356380971733 0.3122842910554133 0
3428 0.3465827049192647 0.09098610330061495 0
3429 -0.2264315896617185 -0.03737251041775619 0
3430 -0.2555742197983335 -0.05146331553644398 0
3431 -1.793319807157955 0.0828867441583311 0
3432 -0.2226860825480655 -0.2229303539448715 0
3433 0.7365981526933311 0.04570441996305052 0
3434 1.066648272696463 -0.1052797962544595 0
3435 1.084104656582555 -0.08118439079365329 0
3436 -0.2047003228478071 -0.05675063929799512 0
3437 -0.2017771174737546 -0.02683012300772367 0
3438 0.6953715087682769 0.07076352996812324 0
3439 -1.009532390455223 0.3125325303480413 0
3440 -1.051385285900993 0.338604562983556 0
3441 -0.08698427479643718 -0.2866961587820035 0
3442 -0.117517182084293 -0.2673692861136336 0
3443 -0.1198398983276051 -0.2975387915744464 0
3444 1.025069858438432 -0.2922107747837596 0
3445 0.9963748232764698 -0.3199483317252225 0
3446 0.6570051756426296 0.07400473827665785 0
3447 0.6592327965587381 -0.07316448302201073 0
3448 0.2510735974572806 0.3154947283373317 0
3449 0.2241418214859506 0.3347384191245453 0
3450 -0.3373363635062878 0.03144709201559085 0
3451 -0.366987718500726 0.05136995857443659 0
3452 -0.6724419419479084 -0.26775355942837 0
3453 1.966380435082782 -0.2738729112782123 0
3454 1.919878970802535 -0.2929277082950462 0
3455 0.6488567460445394 -0.2425307094293636 0
3456 0.6341874761563404 -0.2698336148775368 0
3457 0.1648548872967264 0.3085872358493422 0
3458 1.036336519584487 -0.002220325131289936 0
3459 1.044067545357908 0.00280675744181149 0
3460 1.022845684116532 -0.04118598385047029 0
3461 0.1171762835025784 0.07338518954775874 0
3462 0.1233762569090893 0.08609856057224098 0
3463 -0.8749999999968792 0.471376222019611 0
3464 -0.1396044334671302 -0.09601673844875595 0
3465 1.250701270503695 0.0394750304846055 0
3466 -1.005261008320778 -0.05314652763445864 0
3467 -0.3053047206007667 0.07831623635653061 0
3468 -0.3072556222659894 0.04615551093959493 0
3469 -1.083650034802168 -0.1004470885856703 0
3470 -1.047704968254451 -0.07156857036079765 0
3471 -0.6894715800894714 0.3037155402350935 0
3472 0.1262259222283152 0.06233661804448501 0
3473 1.029017349043376 -0.07377677358626429 0
3474 1.042415659976268 -0.08311109924540655 0
3475 0.7952888194622233 -0.05439487418567882 0
3476 -0.7291117526231545 0.3283291691854444 0
3477 -0.05013337131444011 -0.2188010254982149 0
3478 -1.793855716619158 0.03368125714465751 0
3479 -1.632598013602628 -0.3796647800832082 0
3480 1.07326166033776 -0.05937643612768376 0
3481 1.140295427154854 -0.2624374947664278 0
3482 1.160771202272567 -0.2912758737537978 0
3483 0.8575799776419186 -0.2866024458746173 0
3484 0.8405964132660615 -0.3200511736265648 0
3485 -1.02716935604506 0.3854014628191743 0
3486 1.181174803288559 0.00437741824885292 0
3487 1.289397568977259 -0.1550491600037359 0
3488 1.303281516923707 -0.123504218221146 0
3489 -1.531586119672321 0.4649757196123797 0
3490 -1.526704139159326 0.4101528610018838 0
3491 0.00995243373618477 -0.2322408901786611 0
3492 1.39987521302186 0.1920078096338969 0
3493 0.99530515591719 -0.02498307447741157 0
3494 1.002742665614276 -0.02279739917607178 0
3495 1.334460685004916 0.416088381118795 0
3496 0.3143941270110893 -0.2814951245939563 0
3497 0.8342794408279516 0.2704705041336966 0
3498 0.8646910862780299 0.2747629937552397 0
3499 0.8448540486786207 0.2990288811182871 0
3500 -0.1619018301527262 -0.1067759910656152 0
3501 -0.1832435094411942 -0.1224683621650265 0
3502 -0.162345417218888 -0.1342035823962512 0
3503 -0.7390682231058565 -0.1063720321778898 0
3504 1.077810877328966 0.007402103505605113 0
3505 0.2125950363013863 -0.2319710548311718 0
3506 0.2619299752906337 -0.2568393753732113 0
3507 -0.7154937298842234 -0.08282956115620921 0
3508 -0.6748058005525549 -0.05928184698484432 0
3509 0.09139845390241258 -0.08060984591552942 0
3510 0.8352555632483196 -0.06192998940659289 0
3511 0.8260959809084996 -0.04937231561380394 0
3512 0.8200098933874387 -0.06458197712278473 0
3513 -0.5264821550543158 -0.06953997461679776 0
3514 0.1674053800834332 -0.2086342336528541 0
3515 0.7563620456545435 0.3868216578881322 0
3516 1.139071932672144 0.27990590634867 0
3517 0.8087330746137691 0.3552722181138673 0
3518 0.8232673784434735 0.3843794891189404 0
3519 0.7907225424028346 0.3823367964380072 0
3520 1.156948208982306 0.06726619709948772 0
3521 -0.8406864533714442 -0.06041935950217702 0
3522 0.9991717157638823 -0.005582259917731661 0
3523 0.5812733970455529 0.08298363426106999 0
3524 0.9682394582350656 -0.2955485774536794 0
3525 1.380966961250037 -0.3810527712773897 0
3526 0.01872224550602687 -0.1522282948669654 0
3527 1.339977189832533 0.1680648561813347 0
3528 -1.79600871517115 -0.01597736915655553 0
3529 0.5202320553022419 -0.3044200865206805 0
3530 0.2632398227973431 -0.07316675828106675 0
3531 0.5050738891827499 0.08698351784117692 0
3532 1.34071243323253 -0.3854013505669258 0
3533 -0.3100178167892935 -0.08115910951796543 0
3534 -0.2811618513311552 -0.06509052658871438 0
3535 0.1255961371462288 -0.1877866849350224 0
3536 1.358898549192245 0.1986249368515507 0
3537 0.5727237136298023 0.09977519212906663 0
3538 1.254536146898177 0.08809595412329835 0
3539 1.262168220529059 0.06306332058237382 0
3540 -0.6263902523495644 -0.2726423799263506 0
3541 1.734516430633792 -0.1920443432751201 0
3542 1.337130402377233 -0.1193132471412051 0
3543 -0.3340178819643909 0.09780206392364525 0
3544 0.7631864101820683 -0.2371287588304399 0
3545 0.0126299315535351 -0.05793071826155932 0
3546 -0.06235759408195754 -0.3022495173863563 0
3547 0.3855252953705943 0.09214124540942642 0
3548 -0.4569400128023914 0.03272632642625612 0
3549 -0.1745367584769765 -0.0248799646045992 0
3550 -0.1962680252908879 -0.00550183572436027 0
3551 0.6789458558786194 -0.2415322213993683 0
3552 1.19653156144055 -0.01686630043051791 0
3553 0.4040675053928517 -0.0981595792927509 0
3554 0.3846744456175354 -0.08952375292791603 0
3555 0.8878218753914977 -0.2828431250725118 0
3556 -0.01419253078369274 -0.1736678752181892 0
3557 -1.118044377770295 -0.1153654651749905 0
3558 1.646339060686862 0.01362746216842833 0
3559 0.7796320481961656 -0.08732523748339488 0
3560 0.7698971834879222 -0.1049251613268893 0
3561 0.7852504782866241 -0.1030587292151919 0
3562 -1.797019791217096 -0.06590944983936559 0
3563 0.3897879698247345 0.3147899589726348 0
3564 0.3602704897142586 0.3018963767420993 0
3565 0.08676638533728387 -0.1686461563642143 0
3566 0.6403559224812612 0.2768910143630338 0
3567 0.9435379259653429 -0.05995604071146214 0
3568 0.4608912325275771 -0.08738672468756012 0
3569 0.5426759749557177 0.08456320778821505 0
3570 -0.1605025256894365 -0.08428151821753119 0
3571 -0.1591254898318418 -0.05986525874431728 0
3572 -0.1814228865174378 -0.07062451136117651 0
3573 -0.01780206788129439 0.0126382714672518 0
3574 -0.01066696067641389 0.02182266839301236 0
3575 -0.01930387058359281 0.02175262268767925 0
3576 0.2777967852037115 0.2945331307587783 0
3577 0.2794880006838808 0.3278793480941588 0
3578 0.1743421018778362 0.08032530241216494 0
3579 0.3096276468430581 0.09122107781396643 0
3580 0.8479664349795339 -0.05902993011409274 0
3581 0.8278601569414752 0.3260256511457722 0
3582 0.7953153209008362 0.323982958464839 0
3583 0.006728512758775951 0.2505728788525774 0
3584 -0.01776831760868508 0.2378794433257388 0
3585 1.071233062390015 0.2065823628967799 0
3586 1.058197204122048 0.2244233013380622 0
3587 0.668113622742095 0.08907613443841754 0
3588 1.234512599763009 0.3489265618216578 0
3589 0.04652726748419125 -0.08375455626579356 0
3590 1.622727909674726 -0.2486862498475556 0
3591 0.2867633571634008 -0.3029379987779292 0
3592 -1.120840035922201 0.1029306220267449 0
3593 1.810785170035693 -0.1766538569249163 0
3594 1.834605832188845 -0.1350523716676059 0
3595 0.8817379476227092 0.2500930541661828 0
3596 0.7632536261999212 -0.0589874980268141 0
3597 0.1662195877379751 0.3410614528219305 0
3598 0.6199222068786839 -0.300104692100732 0
3599 1.018682629005549 -0.06488527611519715 0
3600 1.02207364353829 -0.0519014414523703 0
3601 1.099056020147001 0.1360956504819661 0
3602 1.027538156092877 -0.009967876400782337 0
3603 0.5641928878005185 0.1220697019936299 0
3604 0.8984024559909873 -0.02559148253394467 0
3605 0.421434618332613 -0.08471914470501304 0
3606 -1.798355827817147 -0.1155479685185986 0
3607 0.8060598053309429 0.2655179907358407 0
3608 -0.1042463663444771 -0.1624406176214872 0
3609 -0.08636346105066568 -0.1736295177836442 0
3610 0.8648007330614097 -0.3470317225688361 0
3611 0.07070169005801777 0.09276897039356502 0
3612 -1.566773608836726 0.3891612906901507 0
3613 -1.609211209389309 0.4204916052070033 0
3614 1.029474480205457 0.2626235009233211 0
3615 -0.1570584408087918 -0.03804739860337863 0
3616 0.4944331140258771 -0.1065203104225756 0
3617 0.471908105064846 -0.106142571561306 0
3618 0.7841159211102053 0.2914448261143808 0
3619 -1.581586119672459 0.4649757196123797 0
3620 0.9963377090464016 0.01282531923819278 0
3621 0.9906244820339866 0.01532110380551682 0
3622 0.2465153227973024 -0.07263325828106545 0
3623 1.001534131813702 -0.003556673911795353 0
3624 1.003441755339713 -0.002915802091947532 0
3625 1.00190762352601 -0.0006191281801521804 0
3626 0.8923125554733784 0.2786514311507733 0
3627 0.5870830460491575 -0.3495102677779124 0
3628 -1.162918349974732 0.1293346972671839 0
3629 -0.04737904293672669 -0.009039895681065953 0
3630 -0.03905048273164081 -0.01676884096955022 0
3631 0.8582718023915535 0.3303181407673152 0
3632 -1.649561108928689 -0.3132921109104068 0
3633 0.1893695015274257 -0.2479273440729971 0
3634 0.213042064205786 -0.2599625949409742 0
3635 0.512041608234522 -0.06999747857153406 0
3636 0.5315958582344784 -0.06860822857153716 0
3637 0.8856637059909442 -0.02713973253394992 0
3638 1.126687397514088 0.1030583959327728 0
3639 1.106164841981297 -0.265263206458849 0
3640 0.3038431436810459 0.2757218878978702 0
3641 1.247110191371326 0.1164815165006122 0
3642 1.225993245106735 0.09309148833418615 0
3643 0.1046228768517902 -0.2034527377751785 0
3644 0.1249150262494018 -0.2129987161826696 0
3645 0.8563318062761949 -0.0467232096452659 0
3646 -0.2549424265685928 -0.08092023776029802 0
3647 -0.2559596781853588 -0.109664823379163 0
3648 0.553116206833965 0.1057834238428106 0
3649 0.5341451491264338 0.1068577176527783 0
3650 0.7555293389602391 -0.07520061030367933 0
3651 0.7720030406371459 -0.07297855731822708 0
3652 0.2381123511172013 0.08795157501322892 0
3653 0.8917744291991397 0.3333679192615396 0
3654 0.8747805374619941 0.3603646892890247 0
3655 0.03225635883109922 -0.09234761320412441 0
3656 0.04392260521682387 -0.09700638128549802 0
3657 -1.799010008927347 -0.1649897527447513 0
3658 1.714568648518797 -0.00947378739384043 0
3659 0.3736112066388229 0.1086943836112675 0
3660 0.9891526420491497 0.06284002533767724 0
3661 0.5031367440042026 -0.08746373780107414 0
3662 0.8567800699251402 0.3917885107195684 0
3663 0.8902826967327264 0.3948382892137927 0
3664 1.558319338140555 0.339699703117032 0
3665 1.18024318220932 0.06891726889399935 0
3666 1.163838487572741 0.08753539526982548 0
3667 1.673619696292507 -0.02016739980110993 0
3668 0.9572351052784358 -0.1265102649778156 0
3669 0.9473288223818623 -0.1045437295039565 0
3670 0.9401669203431827 -0.1241437258669733 0
3671 0.04853160468052928 -0.1117874244362046 0
3672 0.05099582840389838 -0.1297743466998369 0
3673 -1.80111719112478 -0.2145701580134982 0
3674 1.16964709680233 -0.01963359366823254 0
3675 0.01552912131309696 0.03973050214988973 0
3676 0.9758079225099533 0.2373890986636693 0
3677 -0.01225021132389255 -0.1954700113997205 0
3678 0.004806666461383907 -0.1846854431643686 0
3679 1.264584766362924 -0.3826216360133372 0
3680 1.303192094097537 -0.3806931588865545 0
3681 0.7533226526933845 0.04394016996304487 0
3682 1.079270898601439 0.2744723995260012 0
3683 1.089267359987214 0.3013358678232287 0
3684 0.1815136290888457 0.09584767295194936 0
3685 0.1666690127890985 0.09378318756929188 0
3686 -1.116230345403637 -0.07006859841775426 0
3687 -0.0111261577864902 -0.2728137857706594 0
3688 -0.007210750312718693 -0.3019562345707606 0
3689 1.152486498541959 0.3085921854466356 0
3690 1.120920285948361 0.3065127445898473 0
3691 1.097790629664259 -0.06051786046021991 0
3692 1.120325891106439 -0.06202353802591868 0
3693 -0.003131505553313969 -0.0885167760693636 0
3694 1.604157063275017 -0.2925576409607674 0
3695 -1.803678375501043 -0.2672457419766366 0
3696 0.9871158077856876 -0.0870502804122982 0
3697 0.9701414786424655 -0.0918557647123823 0
3698 0.9813713364603375 -0.1021047843147146 0
3699 1.248530383626198 0.3843617873229185 0
3700 -0.3070585105630844 -0.1131483850197391 0
3701 0.5542073658292457 -0.2997985886471264 0
3702 0.5864291485847135 -0.2995164950748667 0
3703 -0.01265864016766918 0.00560504170014144 0
3704 -0.008076061180611447 -0.0007491168861510144 0
3705 -0.01012977085071791 -0.2451419581461212 0
3706 0.3450440035945501 0.1349193727307377 0
3707 0.3639350632077515 0.1217832965192087 0
3708 0.3021070563584214 0.1088558235625812 0
3709 0.507254946252799 0.1367795757747535 0
3710 0.5259323955512429 0.1226525469288127 0
3711 -1.654364530162534 -0.3501977296562234 0
3712 -1.672735717753068 -0.3910346405830374 0
3713 0.05140446346821026 -0.1503124444759953 0
3714 0.4125300215747164 -0.06984267924699301 0
3715 -0.00823820858828939 -0.06840166361121137 0
3716 -0.0375849765328803 0.01236912265868281 0
3717 -0.03162416344748208 0.02243095494148856 0
3718 -0.04277016219188906 0.02223185183825267 0
3719 1.210276330716671 0.07694619651060469 0
3720 1.405046920259601 0.3218192986589822 0
3721 -0.423602537276987 0.08092205341847535 0
3722 -1.410437876047979 0.3837530593114271 0
3723 0.3318196260334948 0.2876606726040446 0
3724 1.066616374272727 0.2497939635204063 0
3725 1.182839754174452 -0.3235659534145288 0
3726 -0.01333321866571858 -0.2193886473133598 0
3727 0.2761939785270978 -0.120029339825344 0
3728 -0.02864814935152481 -0.01245881375787215 0
3729 0.23697528391044 -0.08534602456444459 0
3730 -0.03233241591079523 -0.2083710793671805 0
3731 -0.8686858236179126 -0.1298768997473216 0
3732 -0.8857087134438391 -0.08687424880100891 0
3733 1.009379411149175 -0.2652906593009275 0
3734 0.007487879553658327 0.07063869254975577 0
3735 -0.4918814923626277 -0.08797118937286574 0
3736 1.102681925857029 0.3300221469211944 0
3737 -0.08802560677923815 0.03872998689715561 0
3738 -0.366841002152914 0.08197537460208429 0
3739 -0.398142788446443 0.06856728111004592 0
3740 1.158511005629073 -0.04129928663662565 0
3741 0.9207477937221809 -0.2778719216019134 0
3742 0.9511928202986946 -0.274561492318104 0
3743 1.279450290399166 0.03783242511010705 0
3744 0.02519983058220539 -0.08226873933251291 0
3745 0.6167376764707492 0.2997114378485318 0
3746 -0.0003123560223415546 0.06346769879941183 0
3747 0.6038952629299522 -0.3282046469657809 0
3748 1.092100704234359 0.210646514920291 0
3749 0.706379448232952 -0.2357212543812481 0
3750 0.7346923898381571 -0.2341964029892398 0
3751 -1.689698813079129 -0.3246619714102359 0
3752 0.3934572715746785 -0.07044942924699422 0
3753 0.9842990257984929 0.3275881755528232 0
3754 0.9503530458315004 0.3275754209259934 0
3755 1.304401139556369 0.3519159378813937 0
3756 1.320373746396104 0.381394525211566 0
3757 1.284988768882605 0.3796198965707648 0
3758 0.9063071450714637 -0.1239973819907457 0
3759 1.325183916047425 0.3216131013957126 0
3760 0.5445429364921076 0.3773901678062372 0
3761 0.5739872141174103 0.3494110249589538 0
3762 1.583101874972756 0.2998310930637316 0
3763 0.08584476200549933 -0.05606812646353557 0
3764 0.0891031213317907 -0.06889215825484647 0
3765 0.1498101020272257 0.09148810742754804 0
3766 0.1358025314664598 0.08991131695727425 0
3767 -0.9723036813953827 0.3830966975147347 0
3768 1.13127787547846 -0.3592773130971728 0
3769 1.146827585904941 -0.3253885549363987 0
3770 -0.06706747188904788 -0.1842256314516336 0
3771 -0.04905036397261408 -0.1948823895845755 0
3772 -0.3651729519101078 0.1149993864592546 0
3773 1.143905030134012 0.1465723521499736 0
3774 -0.09120261422014769 0.2548277492078259 0
3775 0.3346620521110755 0.3211534546536601 0
3776 1.00638655333993 0.002420666698366845 0
3777 1.003419380800716 0.002771306057828931 0
3778 1.917029190435899 0.384655606687012 0
3779 0.6556533839922095 -0.08863914395556993 0
3780 -0.1141698583380314 -0.3300831260876764 0
3781 -0.0212955500748481 0.005534995994808333 0
3782 -0.695419783734763 -0.118862935056666 0
3783 -1.290327905600015 0.2499474654578356 0
3784 -0.140452067202025 -0.13933963621421 0
3785 1.355347650637921 -0.1451004274668854 0
3786 0.5337671854116881 0.3072111017340409 0
3787 0.5096099603793176 0.3274755575277088 0
3788 0.5646869157466993 0.317144296688594 0
3789 -0.03097510019263833 0.003514886106842752 0
3790 -0.02583167247901311 -0.00351834366026761 0
3791 0.1883542445423825 0.1089743691792604 0
3792 0.2457258682420458 -0.1127487100416239 0
3793 0.2270527223212686 -0.1242526489696494 0
3794 -0.06545015297395881 -0.001489799674635209 0
3795 1.121456456719659 0.1428994835565877 0
3796 1.107681196184213 0.158762665648322 0
3797 -0.04212109893704531 0.003315783003606864 0
3798 -0.05398891927696866 -0.0001856591292258986 0
3799 -0.06019220897427743 0.01086587901003761 0
3800 0.2239776214036514 0.3645619961152515 0
3801 0.9080487698487553 -0.3080655438459537 0
3802 1.113395261677703 0.362350838232875 0
3803 -0.9677880017240235 0.3371317994111137 0
3804 0.1416647572550778 -0.264750554531448 0
3805 0.1275282040858906 -0.2352285175152641 0
3806 -0.06635523031006231 0.02072055290041903 0
3807 -0.07851784359246976 0.02968408028622371 0
3808 1.093642748329575 0.1723911344667953 0
3809 1.081137095203252 0.1887592843363791 0
3810 1.042616906973653 0.2457476713777767 0
3811 -1.384568301682733 0.4239874041709051 0
3812 1.001465929112192 -0.08284776855109613 0
3813 0.2627820117130229 -0.282774933491646 0
3814 0.7873563354358476 -0.07111212520652965 0
3815 0.802917827021243 -0.06874155435084661 0
3816 -1.719101693626131 -0.3915149036318735 0
3817 1.886547723317507 0.4224584308230841 0
3818 1.14913597092844 0.1067312645261587 0
3819 1.135279854096801 0.1239053369836176 0
3820 -1.924310425702108 -0.3873902599367509 0
3821 0.9639127914066679 -0.07948339342937299 0
3822 0.9581683200813176 -0.09453789733178944 0
3823 0.02695231043477452 0.2670523045589267 0
3824 -1.88302722243978 0.4190349381096437 0
3825 0.3293859710035566 0.1217097619571709 0
3826 0.0634093966805247 -0.2107504356148562 0
3827 0.05639748859497384 -0.1886210451745474 0
3828 1.363108271253983 0.3221251931619773 0
3829 0.9784575903543217 -0.267015729396428 0
3830 0.4524242919017101 0.3370489618750455 0
3831 0.4213057304692812 0.3264902244304315 0
3832 1.133877803957971 -0.08099204302093993 0
3833 1.145570069155356 -0.06068976592066917 0
3834 0.9220911071748812 0.2791628918288859 0
3835 1.368349993234796 -0.1134299490546445 0
3836 -0.06346390576233145 -0.3325447733413077 0
3837 -0.03651450880453976 -0.3179286264848478 0
3838 0.1660553876556759 0.3708850298126367 0
3839 -0.005703214071126218 0.01800984116464941 0
3840 -0.1828406994311443 0.009407341466129508 0
3841 -0.458760924719355 -0.09734630442028509 0
3842 -0.1214749157315448 -0.1504645939974616 0
3843 0.1953546299521522 0.3504594695670847 0
3844 0.2121633901160118 0.09712877695024363 0
3845 0.1960273336311202 0.09551648402213345 0
3846 0.009761130339214235 0.05789338529767332 0
3847 0.5981543558279618 0.326912440634913 0
3848 -0.008317061993092609 -0.332251490525712 0
3849 -0.03897585655573403 0.2498184597568816 0
3850 -0.03688346673531268 0.2246096014359293 0
3851 -1.329460587322589 0.2229170329055168 0
3852 1.047446906537723 -0.09701233207656998 0
3853 1.030286879257934 -0.1000804648608594 0
3854 0.170018557919922 -0.2308640349854486 0
3855 0.1704655858243217 -0.258855575095251 0
3856 1.007736483567431 0.02608013850315161 0
3857 0.02133294867912767 -0.1724137013555129 0
3858 0.03719084718357082 -0.161758689239641 0
3859 -0.04826963350361069 0.2723820848159749 0
3860 -0.06738478263023828 0.2591122429261654 0
3861 0.2260117542472094 -0.09597044723191128 0
3862 0.2425111159314556 -0.09710993922960018 0
3863 0.2371196354021358 -0.2699418638175836 0
3864 0.8967418018615299 -0.3354543916111159 0
3865 -0.4237492536247991 0.05031663739082764 0
3866 0.9772804774834469 -0.1189718362133179 0
3867 1.021055310054777 0.237252838740977 0
3868 0.9979969159611146 0.234719008450769 0
3869 -1.729663541015957 -0.3494710151700895 0
3870 1.35387305567868 0.3883844224294239 0
3871 1.381724766075485 0.3533846720191998 0
3872 0.08914870729094665 -0.1867693505742188 0
3873 0.08846759639411964 -0.211981381821866 0
3874 0.05401516664131105 -0.1704978509645429 0
3875 0.9050442458302019 0.3038328314179428 0
3876 0.9215529809006424 0.3338793799396522 0
3877 0.3559130791123521 0.1042607207189919 0
3878 0.682815605996181 0.08620168169631597 0
3879 0.5154921636729957 0.1014323308742171 0
3880 0.496861135607559 0.1027783471172113 0
3881 0.1391495238624 0.1605241459902421 0
3882 0.001230084295703012 -0.05340240996788577 0
3883 -0.3281036911965513 0.3108687231359134 0
3884 0.003161638669542704 -0.07292997190488493 0
3885 0.004097738083306917 -0.08200715924414079 0
3886 0.01460254065217996 -0.07636450314135002 0
3887 0.9339856959947399 0.3904210066257756 0
3888 1.014002197813157 -0.006150093126913038 0
3889 -0.2795129974093568 -0.1216349956754104 0
3890 1.00669714223794 -0.001977380596421078 0
3891 1.00926844852585 0.0004215424622501275 0
3892 0.2268590450408804 0.1026445598904554 0
3893 0.7394659286514025 -0.07667928375669229 0
3894 0.7482153430886271 -0.09067034304810528 0
3895 1.015656200165112 0.01865414932695614 0
3896 1.021815702779128 0.02317922227142676 0
3897 1.022875340874359 0.1080024674197774 0
3898 -1.923045942915475 0.3879748925338881 0
3899 0.3371850897687233 0.3495739970091315 0
3900 -0.0006684812959231031 -0.01248345981163862 0
3901 -0.006588288541804035 -0.01720155499992516 0
3902 0.2109006385781302 -0.09682614934739403 0
3903 -0.04100315824293521 -0.3837910426152223 0
3904 -0.01124039888699369 -0.3598982513124245 0
3905 -0.07056478113562542 0.04092527394714168 0
3906 0.9542610880004141 -0.06850840099032011 0
3907 -0.3060414498710267 -0.140235931882581 0
3908 0.1485014643803291 -0.219562464675108 0
3909 -1.886133916012998 -0.4178379822558954 0
3910 -0.06089489847922023 0.2128479308814893 0
3911 -0.08190883727227105 0.2322641241487327 0
3912 0.3200555968104692 0.108435144538794 0
3913 -0.003746481295923103 -0.005731959811638621 0
3914 0.4868504586258416 0.3449051568316296 0
3915 0.4605746038050642 0.3666458846638921 0
3916 1.01180064915002 -0.09173926602216326 0
3917 1.000275526152901 0.01551293039735941 0
3918 -0.3539423870360009 0.3287177552950306 0
3919 -0.3609867120279602 0.3640163335183256 0
3920 0.9233955490120126 -0.1208666817941823 0
3921 -0.05532958993759325 0.294700776820031 0
3922 1.052104694646665 0.008899124201531824 0
3923 1.056108770507695 0.01837821537611508 0
3924 -0.04893318352767394 0.0320865257286341 0
3925 -0.05489399661307216 0.02202469344582834 0
3926 1.015810894750525 0.3351264517294613 0
3927 0.3369065614881933 0.1040750162085561 0
3928 0.5177602722826717 0.3570724803165555 0
3929 1.081742335716555 0.3571739614662565 0
3930 1.015071512839101 0.1192028181733632 0
3931 -0.0906880988365811 -0.3425474118241676 0
3932 -0.06484501355916331 -0.3582265209226591 0
3933 1.033551105968515 -0.05065885754093261 0
3934 0.4908564094044276 0.1224930000562625 0
3935 1.012809718569032 -0.001900592763155069 0
3936 1.012499129671022 0.002497454531632854 0
3937 0.07061110487961328 -0.1771748004109018 0
3938 -0.1155509661348632 -0.3557648736690278 0
3939 0.3087342260879595 0.3353382928710767 0
3940 1.017232878958328 -0.004074181057530311 0
3941 1.023572848657024 -0.004180750525392679 0
3942 -0.05558534094793774 0.04313651651504154 0
3943 1.022380369412899 6.874983836528887e-05 0
3944 1.049968015965621 0.3453641861318918 0
3945 1.060681351786295 0.3776928774435724 0
3946 -0.01182254247653455 -0.006481076697789635 0
3947 0.7541844787784892 -0.1064974438675878 0
3948 0.2164364705991459 -0.1085900640125496 0
3949 1.011100382267347 0.01200027015423727 0
3950 1.009665868037866 0.02009299482342421 0
3951 1.016565557054398 0.005368371981998428 0
3952 1.013024287011217 0.007690507207403625 0
3953 -0.01896859923373458 -0.01043870386990657 0
3954 0.9370832292004383 0.3571105087695902 0
3955 0.01333531442383186 0.04861590447926844 0
3956 1.014920912658652 -0.07728773455862883 0
3957 -0.01463901934904624 -0.01542154679539418 0
3958 1.051989849346136 0.001689536126637543 0
3959 0.02113554999983174 0.05578689822961238 0
3960 1.00190762352601 0.0006408718198478196 0
3961 1.05802509681077 -0.006144928152586538 0
3962 1.068810572372044 0.0009295980504283492 0
3963 0.9916211519127491 0.0227742982019116 0
3964 1.003180665669665 0.01942625933043274 0
3965 1.069027303591814 0.01425440834153464 0
3966 0.002266593980583655 -0.06275900750842062 0
3967 0.9983461416824648 0.02150007407708681 0
$EndNodes
$Elements
2066
1 8 2 1 1 1 46 85
2 8 2 1 1 46 47 86
3 8 2 1 1 47 48 87
4 8 2 1 1 48 49 88
5 8 2 1 1 49 50 89
6 8 2 1 1 50 51 90
7 8 2 1 1 51 52 91
8 8 2 1 1 52 53 92
9 8 2 1 1 53 54 93
10 8 2 1 1 54 55 94
11 8 2 1 1 55 56 95
12 8 2 1 1 56 57 96
13 8 2 1 1 57 58 97
14 8 2 1 1 58 59 98
15 8 2 1 1 59 60 99
16 8 2 1 1 60 61 100
17 8 2 1 1 61 62 101
18 8 2 1 1 62 63 102
19 8 2 1 1 63 64 103
20 8 2 1 1 64 65 104
21 8 2 1 1 65 66 105
22 8 2 1 1 66 67 106
23 8 2 1 1 67 68 107
24 8 2 1 1 68 69 108
25 8 2 1 1 69 70 109
26 8 2 1 1 70 71 110
27 8 2 1 1 71 72 111
28 8 2 1 1 72 73 112
29 8 2 1 1 73 74 113
30 8 2 1 1 74 75 114
31 8 2 1 1 75 76 115
32 8 2 1 1 76 77 116
33 8 2 1 1 77 78 117
34 8 2 1 1 78 79 118
35 8 2 1 1 79 80 119
36 8 2 1 1 80 81 120
37 8 2 1 1 81 82 121
38 8 2 1 1 82 83 122
39 8 2 1 1 83 84 123
40 8 2 1 1 84 2 124
41 8 2 2 2 2 125 134
42 8 2 2 2 125 126 135
43 8 2 2 2 126 127 136
44 8 2 2 2 127 128 137
45 8 2 2 2 128 129 138
46 8 2 2 2 129 130 139
47 8 2 2 2 130 131 140
48 8 2 2 2 131 132 141
49 8 2 2 2 132 133 142
50 8 2 2 2 133 3 143
51 8 2 3 3 3 144 183
52 8 2 3 3 144 145 184
53 8 2 3 3 145 146 185
54 8 2 3 3 146 147 186
55 8 2 3 3 147 148 187
56 8 2 3 3 148 149 188
57 8 2 3 3 149 150 189
58 8 2 3 3 150 151 190
59 8 2 3 3 151 152 191
60 8 2 3 3 152 153 192
61 8 2 3 3 153 154 193
62 8 2 3 3 154 155 194
63 8 2 3 3 155 156 195
64 8 2 3 3 156 157 196
65 8 2 3 3 157 158 197
66 8 2 3 3 158 159 198
67 8 2 3 3 159 160 199
68 8 2 3 3 160 161 200
69 8 2 3 3 161 162 201
70 8 2 3 3 162 163 202
71 8 2 3 3 163 164 203
72 8 2 3 3 164 165 204
73 8 2 3 3 165 166 205
74 8 2 3 3 166 167 206
75 8 2 3 3 167 168 207
76 8 2 3 3 168 169 208
77 8 2 3 3 169 170 209
78 8 2 3 3 170 171 210
79 8 2 3 3 171 172 211
80 8 2 3 3 172 173 212
81 8 2 3 3 173 174 213
82 8 2 3 3 174 175 214
83 8 2 3 3 175 176 215
84 8 2 3 3 176 177 216
85 8 2 3 3 177 178 217
86 8 2 3 3 178 179 218
87 8 2 3 3 179 180 219
88 8 2 3 3 180 181 220
89 8 2 3 3 181 182 221
90 8 2 3 3 182 4 222
91 8 2 4 4 4 223 232
92 8 2 4 4 223 224 233
93 8 2 4 4 224 225 234
94 8 2 4 4 225 226 235
95 8 2 4 4 226 227 236
96 8 2 4 4 227 228 237
97 8 2 4 4 228 229 238
98 8 2 4 4 229 230 239
99 8 2 4 4 230 231 240
100 8 2 4 4 231 1 241
101 8 2 5 5 5 6 242
102 8 2 5 6 6 7 243
103 8 2 5 7 7 8 244
104 8 2 5 8 8 9 245
105 8 2 5 9 9 246 247
106 8 2 5 9 246 10 248
107 8 2 5 10 10 249 250
108 8 2 5 10 249 11 251
109 8 2 5 11 11 252 253
110 8 2 5 11 252 12 254
111 8 2 5 12 12 255 256
112 8 2 5 12 255 13 257
113 8 2 5 13 13 258 259
114 8 2 5 13 258 14 260
115 8 2 5 14 14 261 262
116 8 2 5 14 261 15 263
117 8 2 5 15 15 264 265
118 8 2 5 15 264 16 266
119 8 2 5 16 16 267 268
120 8 2 5 16 267 17 269
121 8 2 5 17 17 270 271
122 8 2 5 17 270 18 272
123 8 2 5 18 18 273 274
124 8 2 5 18 273 19 275
125 8 2 5 19 19 276 277
126 8 2 5 19 276 20 278
127 8 2 5 20 20 279 280
128 8 2 5 20 279 21 281
129 8 2 5 21 21 22 282
130 8 2 5 22 22 23 283
131 8 2 5 23 23 24 284
132 8 2 5 24 24 25 285
133 8 2 5 25 25 26 286
134 8 2 5 26 26 27 287
135 8 2 5 27 27 28 288
136 8 2 5 28 28 29 289
137 8 2 5 29 29 290 291
138 8 2 5 29 290 30 292
139 8 2 5 30 30 293 294
140 8 2 5 30 293 31 295
141 8 2 5 31 31 296 297
142 8 2 5 31 296 32 298
143 8 2 5 32 32 299 300
144 8 2 5 32 299 33 301
145 8 2 5 33 33 302 303
146 8 2 5 33 302 34 304
147 8 2 5 34 34 305 306
148 8 2 5 34 305 35 307
149 8 2 5 35 35 308 309
150 8 2 5 35 308 36 310
151 8 2 5 36 36 311 312
152 8 2 5 36 311 37 313
153 8 2 5 37 37 314 315
154 8 2 5 37 314 38 316
155 8 2 5 38 38 317 318
156 8 2 5 38 317 39 319
157 8 2 5 39 39 320 321
158 8 2 5 39 320 40 322
159 8 2 5 40 40 323 324
160 8 2 5 40 323 41 325
161 8 2 5 41 41 42 326
162 8 2 5 42 42 43 327
163 8 2 5 43 43 44 328
164 8 2 5 44 44 45 329
165 8 2 5 45 45 5 330
166 9 2 6 1 345 1080 1164 1199 1200 1201
167 9 2 6 1 575 727 736 1202 1203 1204
168 9 2 6 1 933 941 980 1205 1206 1207
169 9 2 6 1 680 769 818 1208 1209 1210
170 9 2 6 1 22 21 674 282 1211 1212
171 9 2 6 1 698 830 831 1213 1214 1215
172 9 2 6 1 347 739 927 1216 1217 1218
173 9 2 6 1 419 435 971 1219 1220 1221
174 9 2 6 1 373 711 742 1222 1223 1224
175 9 2 6 1 770 385 773 1225 1226 1227
176 9 2 6 1 711 373 712 1222 1228 1229
177 9 2 6 1 742 643 820 1230 1231 1232
178 9 2 6 1 726 714 777 1233 1234 1235
179 9 2 6 1 694 334 1001 1236 1237 1238
180 9 2 6 1 949 895 978 1239 1240 1241
181 9 2 6 1 363 895 949 1242 1239 1243
182 9 2 6 1 824 365 1056 1244 1245 1246
183 9 2 6 1 334 694 1192 1236 1247 1248
184 9 2 6 1 936 744 950 1249 1250 1251
185 9 2 6 1 938 593 1057 1252 1253 1254
186 9 2 6 1 772 783 1099 1255 1256 1257
187 9 2 6 1 769 332 818 1258 1259 1209
188 9 2 6 1 784 672 1074 1260 1261 1262
189 9 2 6 1 680 818 1152 1210 1263 1264
190 9 2 6 1 556 560 843 1265 1266 1267
191 9 2 6 1 444 714 726 1268 1233 1269
192 9 2 6 1 941 493 980 1270 1271 1206
193 9 2 6 1 44 670 671 1272 1273 1274
194 9 2 6 1 648 41 922 1275 1276 1277
195 9 2 6 1 572 881 882 1278 1279 1280
196 9 2 6 1 872 874 991 1281 1282 1283
197 9 2 6 1 28 392 1024 1284 1285 1286
198 9 2 6 1 657 725 1119 1287 1288 1289
199 9 2 6 1 791 365 824 1290 1244 1291
200 9 2 6 1 509 821 1084 1292 1293 1294
201 9 2 6 1 830 698 1001 1213 1295 1296
202 9 2 6 1 675 676 1045 1297 1298 1299
203 9 2 6 1 651 1080 1108 1300 1301 1302
204 9 2 6 1 941 683 1040 1303 1304 1305
205 9 2 6 1 743 522 744 1306 1307 1308
206 9 2 6 1 442 447 714 1309 1310 1311
207 9 2 6 1 686 685 1149 1312 1313 1314
208 9 2 6 1 573 763 843 1315 1316 1317
209 9 2 6 1 735 876 930 1318 1319 1320
210 9 2 6 1 385 820 1133 1321 1322 1323
211 9 2 6 1 1069 654 1185 1324 1325 1326
212 9 2 6 1 687 563 1110 1327 1328 1329
213 9 2 6 1 537 691 1132 1330 1331 1332
214 9 2 6 1 340 7 738 1333 1334 1335
215 9 2 6 1 630 815 964 1336 1337 1338
216 9 2 6 1 702 509 1084 1339 1294 1340
217 9 2 6 1 704 671 1067 1341 1342 1343
218 9 2 6 1 616 826 1002 1344 1345 1346
219 9 2 6 1 540 537 1132 1347 1332 1348
220 9 2 6 1 927 739 1137 1217 1349 1350
221 9 2 6 1 675 1045 1077 1299 1351 1352
222 9 2 6 1 470 505 693 1353 1354 1355
223 9 2 6 1 468 816 817 1356 1357 1358
224 9 2 6 1 730 729 898 1359 1360 1361
225 9 2 6 1 826 666 1002 1362 1363 1345
226 9 2 6 1 603 740 741 1364 1365 1366
227 9 2 6 1 246 9 832 247 1367 1368
228 9 2 6 1 823 749 1198 1369 1370 1371
229 9 2 6 1 1017 336 1189 1372 1373 1374
230 9 2 6 1 508 861 915 1375 1376 1377
231 9 2 6 1 693 505 1077 1354 1378 1379
232 9 2 6 1 736 727 989 1203 1380 1381
233 9 2 6 1 694 966 1192 1382 1383 1247
234 9 2 6 1 718 822 1161 1384 1385 1386
235 9 2 6 1 964 815 1118 1337 1387 1388
236 9 2 6 1 876 438 930 1389 1390 1319
237 9 2 6 1 660 340 738 1391 1335 1392
238 9 2 6 1 832 646 833 1393 1394 1395
239 9 2 6 1 619 507 784 1396 1397 1398
240 9 2 6 1 907 920 1107 1399 1400 1401
241 9 2 6 1 780 784 1074 1402 1262 1403
242 9 2 6 1 763 573 841 1315 1404 1405
243 9 2 6 1 874 448 991 1406 1407 1282
244 9 2 6 1 751 166 752 1408 1409 1410
245 9 2 6 1 976 733 1068 1411 1412 1413
246 9 2 6 1 776 380 783 1414 1415 1416
247 9 2 6 1 567 563 687 1417 1327 1418
248 9 2 6 1 730 898 907 1361 1419 1420
249 9 2 6 1 720 718 1161 1421 1386 1422
250 9 2 6 1 809 683 941 1423 1303 1424
251 9 2 6 1 931 427 1167 1425 1426 1427
252 9 2 6 1 575 736 767 1204 1428 1429
253 9 2 6 1 725 657 1123 1287 1430 1431
254 9 2 6 1 435 468 971 1432 1433 1220
255 9 2 6 1 974 480 1017 1434 1435 1436
256 9 2 6 1 471 857 917 1437 1438 1439
257 9 2 6 1 565 556 843 1440 1267 1441
258 9 2 6 1 714 447 918 1310 1442 1443
259 9 2 6 1 712 368 1101 1444 1445 1446
260 9 2 6 1 390 976 1068 1447 1413 1448
261 9 2 6 1 365 747 1122 1449 1450 1451
262 9 2 6 1 357 152 1100 1452 1453 1454
263 9 2 6 1 23 22 992 283 1455 1456
264 9 2 6 1 373 742 820 1224 1232 1457
265 9 2 6 1 770 773 780 1227 1458 1459
266 9 2 6 1 739 347 1197 1216 1460 1461
267 9 2 6 1 345 822 1080 1462 1463 1199
268 9 2 6 1 364 839 1031 1464 1465 1466
269 9 2 6 1 740 935 995 1467 1468 1469
270 9 2 6 1 659 1090 1106 1470 1471 1472
271 9 2 6 1 353 958 963 1473 1474 1475
272 9 2 6 1 824 682 1008 1476 1477 1478
273 9 2 6 1 28 27 391 288 1479 1480
274 9 2 6 1 568 542 700 1481 1482 1483
275 9 2 6 1 523 522 743 1484 1306 1485
276 9 2 6 1 657 655 1169 1486 1487 1488
277 9 2 6 1 785 716 933 1489 1490 1491
278 9 2 6 1 43 344 670 1492 1493 1494
279 9 2 6 1 644 340 645 1495 1496 1497
280 9 2 6 1 839 825 1031 1498 1499 1465
281 9 2 6 1 898 342 907 1500 1501 1419
282 9 2 6 1 152 768 1100 1502 1503 1453
283 9 2 6 1 638 490 772 1504 1505 1506
284 9 2 6 1 427 426 1167 1507 1508 1426
285 9 2 6 1 481 483 1013 1509 1510 1511
286 9 2 6 1 544 542 568 1512 1481 1513
287 9 2 6 1 76 358 746 1514 1515 1516
288 9 2 6 1 837 524 1007 1517 1518 1519
289 9 2 6 1 709 724 1106 1520 1521 1522
290 9 2 6 1 522 519 745 1523 1524 1525
291 9 2 6 1 781 568 1061 1526 1527 1528
292 9 2 6 1 442 434 447 1529 1530 1309
293 9 2 6 1 532 529 729 1531 1532 1533
294 9 2 6 1 792 791 807 1534 1535 1536
295 9 2 6 1 801 382 840 1537 1538 1539
296 9 2 6 1 1090 782 1106 1540 1541 1471
297 9 2 6 1 480 974 1138 1434 1542 1543
298 9 2 6 1 617 939 993 1544 1545 1546
299 9 2 6 1 737 619 784 1547 1398 1548
300 9 2 6 1 125 126 865 135 1549 1550
301 9 2 6 1 772 618 783 1551 1552 1255
302 9 2 6 1 365 64 747 1553 1554 1449
303 9 2 6 1 44 43 670 328 1494 1272
304 9 2 6 1 803 429 804 1555 1556 1557
305 9 2 6 1 468 817 971 1358 1558 1433
306 9 2 6 1 371 163 748 1559 1560 1561
307 9 2 6 1 507 672 784 1562 1260 1397
308 9 2 6 1 8 340 644 1563 1495 1564
309 9 2 6 1 729 529 1097 1532 1565 1566
310 9 2 6 1 391 27 1088 1479 1567 1568
311 9 2 6 1 510 702 779 1569 1570 1571
312 9 2 6 1 734 431 931 1572 1573 1574
313 9 2 6 1 7 6 738 243 1575 1334
314 9 2 6 1 910 805 1087 1576 1577 1578
315 9 2 6 1 1059 662 1061 1579 1580 1581
316 9 2 6 1 583 593 938 1582 1252 1583
317 9 2 6 1 516 895 1115 1584 1585 1586
318 9 2 6 1 542 540 700 1587 1588 1482
319 9 2 6 1 9 644 832 1589 1590 1367
320 9 2 6 1 431 427 931 1591 1425 1573
321 9 2 6 1 619 737 825 1547 1592 1593
322 9 2 6 1 722 371 1013 1594 1595 1596
323 9 2 6 1 752 167 1192 1597 1598 1599
324 9 2 6 1 341 246 832 1600 1368 1601
325 9 2 6 1 742 711 955 1223 1602 1603
326 9 2 6 1 537 535 691 1604 1605 1330
327 9 2 6 1 679 485 1146 1606 1607 1608
328 9 2 6 1 898 729 1097 1360 1566 1609
329 9 2 6 1 748 749 823 1610 1369 1611
330 9 2 6 1 165 166 751 205 1408 1612
331 9 2 6 1 371 748 823 1561 1611 1613
332 9 2 6 1 817 960 1096 1614 1615 1616
333 9 2 6 1 385 71 820 1617 1618 1321
334 9 2 6 1 861 508 1039 1375 1619 1620
335 9 2 6 1 807 791 824 1535 1291 1621
336 9 2 6 1 417 806 967 1622 1623 1624
337 9 2 6 1 6 663 738 1625 1626 1575
338 9 2 6 1 596 717 718 1627 1628 1629
339 9 2 6 1 591 586 1165 1630 1631 1632
340 9 2 6 1 604 603 741 1633 1366 1634
341 9 2 6 1 27 335 1088 1635 1636 1567
342 9 2 6 1 686 1149 1175 1314 1637 1638
343 9 2 6 1 368 712 1159 1444 1639 1640
344 9 2 6 1 727 532 728 1641 1642 1643
345 9 2 6 1 967 806 968 1623 1644 1645
346 9 2 6 1 745 519 1124 1524 1646 1647
347 9 2 6 1 767 662 1059 1648 1579 1649
348 9 2 6 1 741 740 932 1365 1650 1651
349 9 2 6 1 533 532 727 1652 1641 1653
350 9 2 6 1 485 778 1146 1654 1655 1607
351 9 2 6 1 539 537 540 1656 1347 1657
352 9 2 6 1 805 910 1129 1576 1658 1659
353 9 2 6 1 1094 999 1194 1660 1661 1662
354 9 2 6 1 1045 676 1113 1298 1663 1664
355 9 2 6 1 650 654 1069 1665 1324 1666
356 9 2 6 1 628 516 1115 1667 1586 1668
357 9 2 6 1 744 936 961 1249 1669 1670
358 9 2 6 1 682 824 1056 1476 1246 1671
359 9 2 6 1 712 373 1159 1228 1672 1639
360 9 2 6 1 572 882 1014 1280 1673 1674
361 9 2 6 1 159 376 771 1675 1676 1677
362 9 2 6 1 1012 395 1173 1678 1679 1680
363 9 2 6 1 1050 836 1175 1681 1682 1683
364 9 2 6 1 166 167 752 206 1597 1409
365 9 2 6 1 829 692 928 1684 1685 1686
366 9 2 6 1 535 533 575 1687 1688 1689
367 9 2 6 1 431 734 930 1572 1690 1691
368 9 2 6 1 444 442 714 1692 1311 1268
369 9 2 6 1 719 718 720 1693 1421 1694
370 9 2 6 1 746 358 993 1515 1695 1696
371 9 2 6 1 1036 1094 1194 1697 1662 1698
372 9 2 6 1 70 385 770 1699 1225 1700
373 9 2 6 1 926 426 1109 1701 1702 1703
374 9 2 6 1 917 857 1072 1438 1704 1705
375 9 2 6 1 597 596 719 1706 1707 1708
376 9 2 6 1 401 398 787 1709 1710 1711
377 9 2 6 1 465 406 786 1712 1713 1714
378 9 2 6 1 833 646 989 1394 1715 1716
379 9 2 6 1 932 740 995 1650 1469 1717
380 9 2 6 1 372 156 774 1718 1719 1720
381 9 2 6 1 560 573 843 1721 1317 1266
382 9 2 6 1 382 801 1181 1537 1722 1723
383 9 2 6 1 718 717 721 1628 1724 1725
384 9 2 6 1 958 679 963 1726 1727 1474
385 9 2 6 1 583 581 593 1728 1729 1582
386 9 2 6 1 751 752 960 1410 1730 1731
387 9 2 6 1 509 497 515 1732 1733 1734
388 9 2 6 1 515 689 690 1735 1736 1737
389 9 2 6 1 1080 721 1108 1738 1739 1301
390 9 2 6 1 775 827 838 1740 1741 1742
391 9 2 6 1 568 700 1061 1483 1743 1527
392 9 2 6 1 605 643 742 1744 1230 1745
393 9 2 6 1 371 722 1042 1594 1746 1747
394 9 2 6 1 504 476 693 1748 1749 1750
395 9 2 6 1 435 434 442 1751 1529 1752
396 9 2 6 1 1104 331 1114 1753 1754 1755
397 9 2 6 1 63 365 791 1756 1290 1757
398 9 2 6 1 333 792 793 1758 1759 1760
399 9 2 6 1 531 532 533 1761 1652 1762
400 9 2 6 1 125 865 1126 1550 1763 1764
401 9 2 6 1 748 366 749 1765 1766 1610
402 9 2 6 1 960 752 1141 1730 1767 1768
403 9 2 6 1 588 586 591 1769 1630 1770
404 9 2 6 1 764 1104 1114 1771 1755 1772
405 9 2 6 1 968 433 1041 1773 1774 1775
406 9 2 6 1 43 42 344 327 1776 1492
407 9 2 6 1 8 7 340 244 1333 1563
408 9 2 6 1 434 416 684 1777 1778 1779
409 9 2 6 1 730 907 1107 1420 1401 1780
410 9 2 6 1 858 337 860 1781 1782 1783
411 9 2 6 1 21 351 674 1784 1785 1211
412 9 2 6 1 446 444 726 1786 1269 1787
413 9 2 6 1 640 639 1050 1788 1789 1790
414 9 2 6 1 336 1017 1145 1372 1791 1792
415 9 2 6 1 679 888 963 1793 1794 1727
416 9 2 6 1 337 858 861 1781 1795 1796
417 9 2 6 1 790 637 908 1797 1798 1799
418 9 2 6 1 24 23 336 284 1800 1801
419 9 2 6 1 27 26 335 287 1802 1635
420 9 2 6 1 476 470 693 1803 1355 1749
421 9 2 6 1 639 838 1050 1804 1805 1789
422 9 2 6 1 742 955 1018 1603 1806 1807
423 9 2 6 1 638 772 942 1506 1808 1809
424 9 2 6 1 950 744 1021 1250 1810 1811
425 9 2 6 1 1034 1028 1042 1812 1813 1814
426 9 2 6 1 734 735 930 1815 1320 1690
427 9 2 6 1 827 465 838 1816 1817 1741
428 9 2 6 1 527 526 642 1818 1819 1820
429 9 2 6 1 548 546 571 1821 1822 1823
430 9 2 6 1 717 588 1130 1824 1825 1826
431 9 2 6 1 359 821 1010 1827 1828 1829
432 9 2 6 1 743 961 1160 1830 1831 1832
433 9 2 6 1 881 572 1111 1278 1833 1834
434 9 2 6 1 668 667 713 1835 1836 1837
435 9 2 6 1 515 688 689 1838 1839 1735
436 9 2 6 1 786 404 787 1840 1841 1842
437 9 2 6 1 562 572 842 1843 1844 1845
438 9 2 6 1 440 851 909 1846 1847 1848
439 9 2 6 1 372 774 837 1720 1849 1850
440 9 2 6 1 655 571 1169 1851 1852 1487
441 9 2 6 1 829 342 898 1853 1500 1854
442 9 2 6 1 783 380 1011 1415 1855 1856
443 9 2 6 1 337 51 860 1857 1858 1782
444 9 2 6 1 692 743 1160 1859 1832 1860
445 9 2 6 1 492 618 772 1861 1551 1862
446 9 2 6 1 535 575 691 1689 1863 1605
447 9 2 6 1 426 926 1167 1701 1864 1508
448 9 2 6 1 603 739 740 1865 1866 1364
449 9 2 6 1 670 344 1069 1493 1867 1868
450 9 2 6 1 590 588 717 1869 1824 1870
451 9 2 6 1 960 636 1096 1871 1872 1615
452 9 2 6 1 725 1067 1185 1873 1874 1875
453 9 2 6 1 933 716 1180 1490 1876 1877
454 9 2 6 1 1046 1045 1113 1878 1664 1879
455 9 2 6 1 429 803 1053 1555 1880 1881
456 9 2 6 1 428 419 971 1882 1221 1883
457 9 2 6 1 333 61 792 1884 1885 1758
458 9 2 6 1 531 529 532 1886 1531 1761
459 9 2 6 1 509 515 821 1734 1887 1292
460 9 2 6 1 380 776 839 1414 1888 1889
461 9 2 6 1 646 736 989 1890 1381 1715
462 9 2 6 1 822 345 1161 1462 1891 1385
463 9 2 6 1 505 446 726 1892 1787 1893
464 9 2 6 1 647 340 660 1894 1391 1895
465 9 2 6 1 771 376 1079 1676 1896 1897
466 9 2 6 1 826 613 943 1898 1899 1900
467 9 2 6 1 596 590 717 1901 1870 1627
468 9 2 6 1 596 718 719 1629 1693 1707
469 9 2 6 1 601 597 664 1902 1903 1904
470 9 2 6 1 497 484 688 1905 1906 1907
471 9 2 6 1 586 938 1165 1908 1909 1631
472 9 2 6 1 564 826 943 1910 1900 1911
473 9 2 6 1 51 52 860 91 1912 1858
474 9 2 6 1 608 604 741 1913 1634 1914
475 9 2 6 1 700 540 1132 1588 1348 1915
476 9 2 6 1 516 512 779 1916 1917 1918
477 9 2 6 1 788 369 790 1919 1920 1921
478 9 2 6 1 490 492 772 1922 1862 1505
479 9 2 6 1 396 958 1163 1923 1924 1925
480 9 2 6 1 785 933 980 1491 1207 1926
481 9 2 6 1 597 719 1186 1708 1927 1928
482 9 2 6 1 49 50 885 89 1929 1930
483 9 2 6 1 406 404 786 1931 1840 1713
484 9 2 6 1 595 590 596 1932 1901 1933
485 9 2 6 1 724 659 1106 1934 1472 1521
486 9 2 6 1 588 591 1130 1770 1935 1825
487 9 2 6 1 332 769 937 1258 1936 1937
488 9 2 6 1 610 608 667 1938 1939 1940
489 9 2 6 1 654 725 1185 1941 1875 1325
490 9 2 6 1 512 510 779 1942 1571 1917
491 9 2 6 1 525 523 526 1943 1944 1945
492 9 2 6 1 691 575 767 1863 1429 1946
493 9 2 6 1 22 677 992 1947 1948 1455
494 9 2 6 1 599 715 1035 1949 1950 1951
495 9 2 6 1 534 533 535 1952 1687 1953
496 9 2 6 1 753 558 1036 1954 1955 1956
497 9 2 6 1 776 619 825 1957 1593 1958
498 9 2 6 1 642 526 692 1819 1959 1960
499 9 2 6 1 52 53 956 92 1961 1962
500 9 2 6 1 915 861 1044 1376 1963 1964
501 9 2 6 1 928 692 1160 1685 1860 1965
502 9 2 6 1 876 872 991 1966 1283 1967
503 9 2 6 1 581 567 687 1968 1418 1969
504 9 2 6 1 517 516 628 1970 1667 1971
505 9 2 6 1 968 682 1076 1972 1973 1974
506 9 2 6 1 934 1077 1148 1975 1976 1977
507 9 2 6 1 682 968 1008 1972 1978 1477
508 9 2 6 1 814 882 883 1979 1980 1981
509 9 2 6 1 419 416 434 1982 1777 1983
510 9 2 6 1 470 446 505 1984 1892 1353
511 9 2 6 1 571 546 1187 1822 1985 1986
512 9 2 6 1 715 599 1048 1949 1987 1988
513 9 2 6 1 164 366 748 1989 1765 1990
514 9 2 6 1 498 497 509 1991 1732 1992
515 9 2 6 1 368 75 746 1993 1994 1995
516 9 2 6 1 65 370 747 1996 1997 1998
517 9 2 6 1 510 509 702 1999 1339 1569
518 9 2 6 1 779 702 978 1570 2000 2001
519 9 2 6 1 939 746 993 2002 1696 1545
520 9 2 6 1 871 870 946 2003 2004 2005
521 9 2 6 1 698 831 1071 1215 2006 2007
522 9 2 6 1 610 667 668 1940 1835 2008
523 9 2 6 1 603 601 739 2009 2010 1865
524 9 2 6 1 838 641 1193 2011 2012 2013
525 9 2 6 1 718 721 822 1725 2014 1384
526 9 2 6 1 167 334 1192 2015 1248 1598
527 9 2 6 1 834 663 1089 2016 2017 2018
528 9 2 6 1 988 837 1007 2019 1519 2020
529 9 2 6 1 482 476 504 2021 1748 2022
530 9 2 6 1 370 66 808 2023 2024 2025
531 9 2 6 1 404 401 787 2026 1711 1841
532 9 2 6 1 485 487 778 2027 2028 1654
533 9 2 6 1 582 581 583 2029 1728 2030
534 9 2 6 1 398 395 1012 2031 1678 2032
535 9 2 6 1 521 519 522 2033 1523 2034
536 9 2 6 1 487 638 778 2035 2036 2028
537 9 2 6 1 650 653 654 2037 2038 1665
538 9 2 6 1 667 608 741 1939 1914 2039
539 9 2 6 1 605 742 1018 1745 1807 2040
540 9 2 6 1 376 1028 1150 2041 2042 2043
541 9 2 6 1 525 526 527 1945 1818 2044
542 9 2 6 1 809 68 1188 2045 2046 2047
543 9 2 6 1 601 664 739 1904 2048 2010
544 9 2 6 1 773 385 1005 1226 2049 2050
545 9 2 6 1 787 398 1012 1710 2032 2051
546 9 2 6 1 76 77 358 116 2052 1514
547 9 2 6 1 151 152 357 191 1452 2053
548 9 2 6 1 793 792 807 1759 1536 2054
549 9 2 6 1 815 630 877 1336 2055 2056
550 9 2 6 1 798 796 799 2057 2058 2059
551 9 2 6 1 905 916 1038 2060 2061 2062
552 9 2 6 1 874 875 1029 2063 2064 2065
553 9 2 6 1 821 690 1010 2066 2067 1828
554 9 2 6 1 860 52 956 1912 1962 2068
555 9 2 6 1 808 67 809 2069 2070 2071
556 9 2 6 1 472 485 679 2072 1606 2073
557 9 2 6 1 595 596 597 1933 1706 2074
558 9 2 6 1 377 69 770 2075 2076 2077
559 9 2 6 1 375 810 811 2078 2079 2080
560 9 2 6 1 333 794 840 2081 2082 2083
561 9 2 6 1 153 367 768 2084 2085 2086
562 9 2 6 1 725 710 1067 2087 2088 1873
563 9 2 6 1 384 158 771 2089 2090 2091
564 9 2 6 1 1104 764 1127 1771 2092 2093
565 9 2 6 1 483 722 1013 2094 1596 1510
566 9 2 6 1 496 484 497 2095 1905 2096
567 9 2 6 1 667 741 1047 2039 2097 2098
568 9 2 6 1 157 384 774 2099 2100 2101
569 9 2 6 1 585 583 586 2102 2103 2104
570 9 2 6 1 1029 875 1038 2064 2105 2106
571 9 2 6 1 334 830 1001 2107 1296 1237
572 9 2 6 1 514 512 516 2108 1916 2109
573 9 2 6 1 1105 354 1146 2110 2111 2112
574 9 2 6 1 568 781 897 1526 2113 2114
575 9 2 6 1 164 165 366 204 2115 1989
576 9 2 6 1 63 64 365 103 1553 1756
577 9 2 6 1 1060 651 1108 2116 1302 2117
578 9 2 6 1 770 780 1074 1459 1403 2118
579 9 2 6 1 618 776 783 2119 1416 1552
580 9 2 6 1 487 490 638 2120 1504 2035
581 9 2 6 1 764 841 1127 2121 2122 2092
582 9 2 6 1 803 828 1053 2123 2124 1880
583 9 2 6 1 884 940 997 2125 2126 2127
584 9 2 6 1 580 567 581 2128 1968 2129
585 9 2 6 1 749 366 750 1766 2130 2131
586 9 2 6 1 65 66 370 105 2023 1996
587 9 2 6 1 162 163 371 202 1559 2132
588 9 2 6 1 776 825 839 1958 1498 1888
589 9 2 6 1 618 619 776 2133 1957 2119
590 9 2 6 1 573 562 842 2134 1845 2135
591 9 2 6 1 366 165 751 2115 1612 2136
592 9 2 6 1 526 523 743 1944 1485 2137
593 9 2 6 1 794 801 840 2138 1539 2082
594 9 2 6 1 637 790 1102 1797 2139 2140
595 9 2 6 1 895 779 978 2141 2001 1240
596 9 2 6 1 67 68 809 107 2045 2070
597 9 2 6 1 728 729 730 2142 1359 2143
598 9 2 6 1 642 692 829 1960 1684 2144
599 9 2 6 1 744 522 745 1307 1525 2145
600 9 2 6 1 799 800 806 2146 2147 2148
601 9 2 6 1 74 75 368 114 1993 2149
602 9 2 6 1 153 154 367 193 2150 2084
603 9 2 6 1 375 147 810 2151 2152 2078
604 9 2 6 1 786 836 1050 2153 1681 2154
605 9 2 6 1 852 338 862 2155 2156 2157
606 9 2 6 1 438 876 991 1389 1967 2158
607 9 2 6 1 492 507 618 2159 2160 1861
608 9 2 6 1 62 791 792 2161 1534 2162
609 9 2 6 1 741 932 1047 1651 2163 2097
610 9 2 6 1 948 798 1004 2164 2165 2166
611 9 2 6 1 837 1055 1063 2167 2168 2169
612 9 2 6 1 743 744 961 1308 1670 1830
613 9 2 6 1 81 374 818 2170 2171 2172
614 9 2 6 1 575 533 727 1688 1653 1202
615 9 2 6 1 521 522 523 2034 1484 2173
616 9 2 6 1 795 793 796 2174 2175 2176
617 9 2 6 1 68 69 377 108 2075 2177
618 9 2 6 1 159 160 376 199 2178 1675
619 9 2 6 1 331 149 765 2179 2180 2181
620 9 2 6 1 882 814 1014 1979 2182 1673
621 9 2 6 1 800 807 824 2183 1621 2184
622 9 2 6 1 536 535 537 2185 1604 2186
623 9 2 6 1 851 440 1158 1846 2187 2188
624 9 2 6 1 396 472 958 2189 2190 1923
625 9 2 6 1 382 59 840 2191 2192 1538
626 9 2 6 1 50 337 885 2193 2194 1929
627 9 2 6 1 383 49 885 2195 1930 2196
628 9 2 6 1 72 73 373 112 2197 2198
629 9 2 6 1 155 156 372 195 1718 2199
630 9 2 6 1 515 497 688 1733 1907 1838
631 9 2 6 1 338 54 862 2200 2201 2156
632 9 2 6 1 419 434 435 1983 1751 1219
633 9 2 6 1 433 968 1076 1773 1974 2202
634 9 2 6 1 781 661 782 2203 2204 2205
635 9 2 6 1 78 1043 1117 2206 2207 2208
636 9 2 6 1 70 71 385 110 1617 1699
637 9 2 6 1 157 158 384 197 2089 2099
638 9 2 6 1 369 788 890 1919 2209 2210
639 9 2 6 1 658 1015 1090 2211 2212 2213
640 9 2 6 1 338 852 854 2155 2214 2215
641 9 2 6 1 68 377 1188 2177 2216 2046
642 9 2 6 1 749 750 816 2131 2217 2218
643 9 2 6 1 1053 828 1195 2124 2219 2220
644 9 2 6 1 62 63 791 102 1757 2161
645 9 2 6 1 443 442 444 2221 1692 2222
646 9 2 6 1 933 808 941 2223 2224 1205
647 9 2 6 1 795 796 798 2176 2057 2225
648 9 2 6 1 392 394 1024 2226 2227 1285
649 9 2 6 1 170 348 831 2228 2229 2230
650 9 2 6 1 1149 640 1175 2231 2232 1637
651 9 2 6 1 377 770 1074 2077 2118 2233
652 9 2 6 1 376 160 1028 2178 2234 2041
653 9 2 6 1 387 883 913 2235 2236 2237
654 9 2 6 1 946 870 1143 2004 2238 2239
655 9 2 6 1 344 650 1069 2240 1666 1867
656 9 2 6 1 940 884 987 2125 2241 2242
657 9 2 6 1 75 76 746 115 1516 1994
658 9 2 6 1 647 660 661 1895 2243 2244
659 9 2 6 1 814 883 1118 1981 2245 2246
660 9 2 6 1 683 809 1188 1423 2047 2247
661 9 2 6 1 833 728 1107 2248 2249 2250
662 9 2 6 1 600 571 655 2251 1851 2252
663 9 2 6 1 799 796 800 2058 2253 2146
664 9 2 6 1 974 1017 1189 1436 1374 2254
665 9 2 6 1 1011 360 1099 2255 2256 2257
666 9 2 6 1 54 55 862 94 2258 2201
667 9 2 6 1 674 351 675 1785 2259 2260
668 9 2 6 1 79 80 332 119 2261 2262
669 9 2 6 1 148 149 331 188 2179 2263
670 9 2 6 1 514 516 517 2109 1970 2264
671 9 2 6 1 786 787 836 1842 2265 2153
672 9 2 6 1 587 586 588 2266 1769 2267
673 9 2 6 1 740 739 1197 1866 1461 2268
674 9 2 6 1 64 65 747 104 1998 1554
675 9 2 6 1 148 331 810 2263 2269 2270
676 9 2 6 1 163 164 748 203 1990 1560
677 9 2 6 1 684 416 1174 1778 2271 2272
678 9 2 6 1 378 866 1064 2273 2274 2275
679 9 2 6 1 150 151 970 190 2276 2277
680 9 2 6 1 332 80 818 2261 2278 1259
681 9 2 6 1 333 793 794 1760 2279 2081
682 9 2 6 1 66 67 808 106 2069 2024
683 9 2 6 1 408 406 465 2280 1712 2281
684 9 2 6 1 529 527 1097 2282 2283 1565
685 9 2 6 1 368 746 939 1995 2002 2284
686 9 2 6 1 803 797 828 2285 2286 2123
687 9 2 6 1 367 1140 1191 2287 2288 2289
688 9 2 6 1 1074 683 1188 2290 2247 2291
689 9 2 6 1 167 168 334 207 2292 2015
690 9 2 6 1 60 61 333 100 1884 2293
691 9 2 6 1 293 30 888 294 2294 2295
692 9 2 6 1 677 1148 1190 2296 2297 2298
693 9 2 6 1 447 684 775 2299 2300 2301
694 9 2 6 1 152 153 768 192 2086 1502
695 9 2 6 1 22 674 677 1212 2302 1947
696 9 2 6 1 866 378 1172 2273 2303 2304
697 9 2 6 1 868 348 870 2305 2306 2307
698 9 2 6 1 516 779 895 1918 2141 1584
699 9 2 6 1 72 373 820 2198 1457 2308
700 9 2 6 1 769 616 1002 2309 1346 2310
701 9 2 6 1 1028 161 1042 2311 2312 1813
702 9 2 6 1 375 812 877 2313 2314 2315
703 9 2 6 1 77 78 1117 117 2208 2316
704 9 2 6 1 565 923 924 2317 2318 2319
705 9 2 6 1 158 159 771 198 1677 2090
706 9 2 6 1 867 1103 1152 2320 2321 2322
707 9 2 6 1 663 5 1089 2323 2324 2017
708 9 2 6 1 334 168 830 2292 2325 2107
709 9 2 6 1 888 679 1146 1793 1608 2326
710 9 2 6 1 69 70 770 109 1700 2076
711 9 2 6 1 370 808 933 2025 2223 2327
712 9 2 6 1 156 157 774 196 2101 1719
713 9 2 6 1 737 668 825 2328 2329 1592
714 9 2 6 1 727 728 989 1643 2330 1380
715 9 2 6 1 447 434 684 1530 1779 2299
716 9 2 6 1 696 697 931 2331 2332 2333
717 9 2 6 1 878 879 884 2334 2335 2336
718 9 2 6 1 74 368 1159 2149 1640 2337
719 9 2 6 1 498 509 510 1992 1999 2338
720 9 2 6 1 794 793 795 2279 2174 2339
721 9 2 6 1 812 815 877 2340 2056 2314
722 9 2 6 1 593 581 687 1729 1969 2341
723 9 2 6 1 496 497 498 2096 1991 2342
724 9 2 6 1 394 396 1163 2343 1925 2344
725 9 2 6 1 733 976 1026 1411 2345 2346
726 9 2 6 1 616 613 826 2347 1898 1344
727 9 2 6 1 28 391 392 1480 2348 1284
728 9 2 6 1 538 537 539 2349 1656 2350
729 9 2 6 1 672 683 1074 2351 2290 1261
730 9 2 6 1 768 367 1191 2085 2289 2352
731 9 2 6 1 541 540 542 2353 1587 2354
732 9 2 6 1 149 150 765 189 2355 2180
733 9 2 6 1 55 56 929 95 2356 2357
734 9 2 6 1 618 507 619 2160 1396 2133
735 9 2 6 1 580 581 582 2129 2029 2358
736 9 2 6 1 666 826 1075 1362 2359 2360
737 9 2 6 1 609 608 610 2361 1938 2362
738 9 2 6 1 645 340 647 1496 1894 2363
739 9 2 6 1 879 880 881 2364 2365 2366
740 9 2 6 1 337 861 885 1796 2367 2194
741 9 2 6 1 885 861 1039 2367 1620 2368
742 9 2 6 1 373 73 1159 2197 2369 1672
743 9 2 6 1 403 401 404 2370 2026 2371
744 9 2 6 1 697 734 931 2372 1574 2332
745 9 2 6 1 739 664 1137 2048 2373 1349
746 9 2 6 1 339 844 845 2374 2375 2376
747 9 2 6 1 61 62 792 101 2162 1885
748 9 2 6 1 967 968 1041 1645 1775 2377
749 9 2 6 1 785 489 979 2378 2379 2380
750 9 2 6 1 563 552 981 2381 2382 2383
751 9 2 6 1 504 1153 1196 2384 2385 2386
752 9 2 6 1 766 1081 1117 2387 2388 2389
753 9 2 6 1 857 471 1044 1437 2390 2391
754 9 2 6 1 655 657 1085 1486 2392 2393
755 9 2 6 1 505 726 1148 1893 2394 2395
756 9 2 6 1 378 878 884 2396 2336 2397
757 9 2 6 1 1081 358 1117 2398 2399 2388
758 9 2 6 1 586 583 938 2103 1583 1908
759 9 2 6 1 53 338 956 2400 2401 1961
760 9 2 6 1 862 55 929 2258 2357 2402
761 9 2 6 1 1080 922 1164 2403 2404 1200
762 9 2 6 1 392 391 393 2348 2405 2406
763 9 2 6 1 481 1013 1030 1511 2407 2408
764 9 2 6 1 60 333 840 2293 2083 2409
765 9 2 6 1 445 444 446 2410 1786 2411
766 9 2 6 1 800 824 1008 2184 1478 2412
767 9 2 6 1 863 864 867 2413 2414 2415
768 9 2 6 1 916 905 959 2060 2416 2417
769 9 2 6 1 798 948 1195 2164 2418 2419
770 9 2 6 1 598 597 601 2420 1902 2421
771 9 2 6 1 863 389 864 2422 2423 2413
772 9 2 6 1 726 819 1148 2424 2425 2394
773 9 2 6 1 448 874 1029 1406 2065 2426
774 9 2 6 1 131 387 913 2427 2237 2428
775 9 2 6 1 897 782 1090 2429 1540 2430
776 9 2 6 1 515 690 821 1737 2066 1887
777 9 2 6 1 845 844 889 2375 2431 2432
778 9 2 6 1 878 356 879 2433 2434 2334
779 9 2 6 1 812 811 813 2435 2436 2437
780 9 2 6 1 589 588 590 2438 1869 2439
781 9 2 6 1 344 649 650 2440 2441 2240
782 9 2 6 1 78 79 977 118 2442 2443
783 9 2 6 1 1047 362 1051 2444 2445 2446
784 9 2 6 1 830 169 831 2447 2448 1214
785 9 2 6 1 71 72 820 111 2308 1618
786 9 2 6 1 528 527 529 2449 2282 2450
787 9 2 6 1 58 59 382 98 2191 2451
788 9 2 6 1 169 170 831 209 2230 2448
789 9 2 6 1 376 945 1079 2452 2453 1896
790 9 2 6 1 806 417 1093 1622 2454 2455
791 9 2 6 1 974 777 1138 2456 2457 1542
792 9 2 6 1 728 730 1107 2143 1780 2249
793 9 2 6 1 808 809 941 2071 1424 2224
794 9 2 6 1 375 811 812 2080 2435 2313
795 9 2 6 1 531 533 534 1762 1952 2458
796 9 2 6 1 728 532 729 1642 1533 2142
797 9 2 6 1 602 601 603 2459 2009 2460
798 9 2 6 1 493 941 1040 1270 1305 2461
799 9 2 6 1 613 570 943 2462 2463 1899
800 9 2 6 1 881 880 882 2365 2464 1279
801 9 2 6 1 339 57 844 2465 2466 2374
802 9 2 6 1 879 356 880 2434 2467 2364
803 9 2 6 1 798 799 1004 2059 2468 2165
804 9 2 6 1 150 970 1183 2277 2469 2470
805 9 2 6 1 472 679 958 2073 1726 2190
806 9 2 6 1 726 777 819 1235 2471 2424
807 9 2 6 1 374 863 867 2472 2415 2473
808 9 2 6 1 414 412 416 2474 2475 2476
809 9 2 6 1 846 845 847 2477 2478 2479
810 9 2 6 1 489 785 980 2378 1926 2480
811 9 2 6 1 1085 657 1119 2392 1289 2481
812 9 2 6 1 1028 701 1150 2482 2483 2042
813 9 2 6 1 816 750 817 2217 2484 1357
814 9 2 6 1 640 1050 1175 1790 1683 2232
815 9 2 6 1 582 583 585 2030 2102 2485
816 9 2 6 1 837 774 1055 1849 2486 2167
817 9 2 6 1 859 454 1072 2487 2488 2489
818 9 2 6 1 58 382 844 2451 2490 2491
819 9 2 6 1 146 147 375 186 2151 2492
820 9 2 6 1 728 833 989 2248 1716 2330
821 9 2 6 1 775 838 1193 1742 2013 2493
822 9 2 6 1 630 145 877 2494 2495 2055
823 9 2 6 1 435 442 443 1752 2221 2496
824 9 2 6 1 81 82 374 121 2497 2170
825 9 2 6 1 147 148 810 187 2270 2152
826 9 2 6 1 530 529 531 2498 1886 2499
827 9 2 6 1 80 81 818 120 2172 2278
828 9 2 6 1 594 590 595 2500 1932 2501
829 9 2 6 1 889 382 1181 2502 1723 2503
830 9 2 6 1 83 389 863 2504 2422 2505
831 9 2 6 1 757 755 762 2506 2507 2508
832 9 2 6 1 524 523 525 2509 1943 2510
833 9 2 6 1 378 128 878 2511 2512 2396
834 9 2 6 1 880 356 913 2467 2513 2514
835 9 2 6 1 1057 656 1165 2515 2516 2517
836 9 2 6 1 607 604 608 2518 1913 2519
837 9 2 6 1 688 484 1196 1906 2520 2521
838 9 2 6 1 374 867 1152 2473 2322 2522
839 9 2 6 1 814 813 1014 2523 2524 2182
840 9 2 6 1 339 845 846 2376 2477 2525
841 9 2 6 1 796 793 807 2175 2054 2526
842 9 2 6 1 462 893 896 2527 2528 2529
843 9 2 6 1 504 693 1045 1750 2530 2531
844 9 2 6 1 883 880 913 2532 2514 2236
845 9 2 6 1 894 893 912 2533 2534 2535
846 9 2 6 1 844 382 889 2490 2502 2431
847 9 2 6 1 168 169 830 208 2447 2325
848 9 2 6 1 374 82 863 2497 2536 2472
849 9 2 6 1 146 375 877 2492 2315 2537
850 9 2 6 1 30 290 963 292 2538 2539
851 9 2 6 1 757 762 923 2508 2540 2541
852 9 2 6 1 816 468 1019 1356 2542 2543
853 9 2 6 1 869 872 876 2544 1966 2545
854 9 2 6 1 802 797 803 2546 2285 2547
855 9 2 6 1 909 847 910 2548 2549 2550
856 9 2 6 1 671 670 703 1273 2551 2552
857 9 2 6 1 810 331 1104 2269 1753 2553
858 9 2 6 1 661 660 1134 2243 2554 2555
859 9 2 6 1 129 356 878 2556 2433 2557
860 9 2 6 1 1037 433 1076 2558 2202 2559
861 9 2 6 1 850 848 851 2560 2561 2562
862 9 2 6 1 129 130 356 139 2563 2556
863 9 2 6 1 896 622 914 2564 2565 2566
864 9 2 6 1 662 767 1082 1648 2567 2568
865 9 2 6 1 939 1020 1101 2569 2570 2571
866 9 2 6 1 469 446 470 2572 1984 2573
867 9 2 6 1 864 865 866 2574 2575 2576
868 9 2 6 1 864 389 865 2423 2577 2574
869 9 2 6 1 614 613 616 2578 2347 2579
870 9 2 6 1 462 896 914 2529 2566 2580
871 9 2 6 1 851 848 909 2561 2581 1847
872 9 2 6 1 790 369 1102 1920 2582 2139
873 9 2 6 1 893 789 896 2583 2584 2528
874 9 2 6 1 846 847 848 2479 2585 2586
875 9 2 6 1 127 128 378 137 2511 2587
876 9 2 6 1 692 526 743 1959 2137 1859
877 9 2 6 1 901 902 903 2588 2589 2590
878 9 2 6 1 895 363 1115 1242 2591 1585
879 9 2 6 1 1065 615 1103 2592 2593 2594
880 9 2 6 1 905 1038 1139 2062 2595 2596
881 9 2 6 1 255 12 928 256 2597 2598
882 9 2 6 1 903 904 905 2599 2600 2601
883 9 2 6 1 855 853 859 2602 2603 2604
884 9 2 6 1 794 795 797 2339 2605 2606
885 9 2 6 1 131 132 387 141 2607 2427
886 9 2 6 1 893 462 912 2527 2608 2534
887 9 2 6 1 539 540 541 1657 2353 2609
888 9 2 6 1 735 869 876 2610 2545 1318
889 9 2 6 1 128 129 878 138 2557 2512
890 9 2 6 1 788 789 890 2611 2612 2209
891 9 2 6 1 891 789 893 2613 2583 2614
892 9 2 6 1 56 339 929 2615 2616 2356
893 9 2 6 1 57 58 844 97 2491 2466
894 9 2 6 1 577 570 613 2617 2462 2618
895 9 2 6 1 890 789 891 2612 2613 2619
896 9 2 6 1 349 174 901 2620 2621 2622
897 9 2 6 1 174 175 901 214 2623 2621
898 9 2 6 1 891 893 894 2614 2533 2624
899 9 2 6 1 454 859 1154 2487 2625 2626
900 9 2 6 1 903 902 904 2589 2627 2599
901 9 2 6 1 642 898 1097 2628 1609 2629
902 9 2 6 1 176 350 902 2630 2631 2632
903 9 2 6 1 82 83 863 122 2505 2536
904 9 2 6 1 901 175 902 2623 2633 2588
905 9 2 6 1 902 350 904 2631 2634 2627
906 9 2 6 1 611 610 737 2635 2636 2637
907 9 2 6 1 690 689 1092 1736 2638 2639
908 9 2 6 1 145 146 877 185 2537 2495
909 9 2 6 1 812 813 814 2437 2523 2640
910 9 2 6 1 869 871 872 2641 2642 2544
911 9 2 6 1 904 350 982 2634 2643 2644
912 9 2 6 1 789 624 896 2645 2646 2584
913 9 2 6 1 59 60 840 99 2409 2192
914 9 2 6 1 144 145 630 184 2494 2647
915 9 2 6 1 622 500 914 2648 2649 2565
916 9 2 6 1 83 84 389 123 2650 2504
917 9 2 6 1 680 616 769 2651 2309 1208
918 9 2 6 1 788 624 789 2652 2645 2611
919 9 2 6 1 624 622 896 2653 2564 2646
920 9 2 6 1 342 829 1062 1853 2654 2655
921 9 2 6 1 175 176 902 215 2632 2633
922 9 2 6 1 621 500 622 2656 2648 2657
923 9 2 6 1 872 873 874 2658 2659 1281
924 9 2 6 1 901 903 925 2590 2660 2661
925 9 2 6 1 227 228 900 237 2662 2663
926 9 2 6 1 355 227 900 2664 2663 2665
927 9 2 6 1 381 229 899 2666 2667 2668
928 9 2 6 1 228 381 900 2669 2670 2662
929 9 2 6 1 230 390 899 2671 2672 2673
930 9 2 6 1 228 229 381 238 2666 2669
931 9 2 6 1 230 231 390 240 2674 2671
932 9 2 6 1 181 182 637 221 2675 2676
933 9 2 6 1 229 230 899 239 2673 2667
934 9 2 6 1 179 180 369 219 2677 2678
935 9 2 6 1 176 177 350 216 2679 2630
936 9 2 6 1 173 174 349 213 2620 2680
937 9 2 6 1 170 171 348 210 2681 2228
938 9 2 6 1 53 54 338 93 2200 2400
939 9 2 6 1 56 57 339 96 2465 2615
940 9 2 6 1 50 51 337 90 1857 2193
941 9 2 6 1 226 227 355 236 2664 2682
942 9 2 6 1 48 49 383 88 2195 2683
943 9 2 6 1 225 226 906 235 2684 2685
944 9 2 6 1 224 225 388 234 2686 2687
945 9 2 6 1 226 355 906 2682 2688 2684
946 9 2 6 1 388 225 906 2686 2685 2689
947 9 2 6 1 130 131 913 140 2428 2690
948 9 2 6 1 610 668 737 2008 2328 2636
949 9 2 6 1 795 798 828 2225 2691 2692
950 9 2 6 1 890 891 892 2619 2693 2694
951 9 2 6 1 611 737 784 2637 1548 2695
952 9 2 6 1 797 795 828 2605 2692 2286
953 9 2 6 1 1077 505 1148 1378 2395 1976
954 9 2 6 1 623 622 624 2696 2653 2697
955 9 2 6 1 621 622 623 2657 2696 2698
956 9 2 6 1 335 26 685 1802 2699 2700
957 9 2 6 1 856 855 857 2701 2702 2703
958 9 2 6 1 499 464 500 2704 2705 2706
959 9 2 6 1 848 847 909 2585 2548 2581
960 9 2 6 1 625 624 788 2707 2652 2708
961 9 2 6 1 625 788 790 2708 1921 2709
962 9 2 6 1 393 391 502 2405 2710 2711
963 9 2 6 1 625 790 908 2709 1799 2712
964 9 2 6 1 620 500 621 2713 2656 2714
965 9 2 6 1 731 732 733 2715 2716 2717
966 9 2 6 1 802 803 804 2547 1557 2718
967 9 2 6 1 474 501 508 2719 2720 2721
968 9 2 6 1 854 853 855 2722 2602 2723
969 9 2 6 1 623 624 625 2697 2707 2724
970 9 2 6 1 731 501 732 2725 2726 2715
971 9 2 6 1 499 500 620 2706 2713 2727
972 9 2 6 1 508 501 731 2720 2725 2728
973 9 2 6 1 460 463 471 2729 2730 2731
974 9 2 6 1 356 130 913 2563 2690 2513
975 9 2 6 1 841 573 842 1404 2135 2732
976 9 2 6 1 474 499 501 2733 2734 2719
977 9 2 6 1 474 464 499 2735 2704 2733
978 9 2 6 1 856 857 858 2703 2736 2737
979 9 2 6 1 461 459 462 2738 2739 2740
980 9 2 6 1 559 552 563 2741 2381 2742
981 9 2 6 1 519 517 1124 2743 2744 1646
982 9 2 6 1 500 464 914 2705 2745 2649
983 9 2 6 1 642 829 898 2144 1854 2628
984 9 2 6 1 463 461 464 2746 2747 2748
985 9 2 6 1 463 464 474 2748 2735 2749
986 9 2 6 1 854 855 856 2723 2701 2750
987 9 2 6 1 852 850 853 2751 2752 2753
988 9 2 6 1 874 873 875 2659 2754 2063
989 9 2 6 1 499 620 911 2727 2755 2756
990 9 2 6 1 856 858 860 2737 1783 2757
991 9 2 6 1 474 508 915 2721 1377 2758
992 9 2 6 1 501 499 911 2734 2756 2759
993 9 2 6 1 732 501 911 2726 2759 2760
994 9 2 6 1 471 463 915 2730 2761 2762
995 9 2 6 1 849 848 850 2763 2560 2764
996 9 2 6 1 673 1058 1085 2765 2766 2767
997 9 2 6 1 464 461 914 2747 2768 2745
998 9 2 6 1 585 586 587 2104 2266 2769
999 9 2 6 1 461 462 914 2740 2580 2768
1000 9 2 6 1 460 461 463 2770 2746 2729
1001 9 2 6 1 475 470 476 2771 1803 2772
1002 9 2 6 1 455 459 460 2773 2774 2775
1003 9 2 6 1 462 459 912 2739 2776 2608
1004 9 2 6 1 463 474 915 2749 2758 2761
1005 9 2 6 1 459 458 912 2777 2778 2776
1006 9 2 6 1 451 453 454 2779 2780 2781
1007 9 2 6 1 451 449 452 2782 2783 2784
1008 9 2 6 1 460 459 461 2774 2738 2770
1009 9 2 6 1 454 453 455 2780 2785 2786
1010 9 2 6 1 338 854 956 2215 2787 2401
1011 9 2 6 1 455 453 458 2785 2788 2789
1012 9 2 6 1 11 249 907 251 2790 2791
1013 9 2 6 1 455 458 459 2789 2777 2773
1014 9 2 6 1 852 853 854 2753 2722 2214
1015 9 2 6 1 454 455 917 2786 2792 2793
1016 9 2 6 1 872 871 873 2642 2794 2658
1017 9 2 6 1 451 452 453 2784 2795 2779
1018 9 2 6 1 706 704 1067 2796 1343 2797
1019 9 2 6 1 520 519 521 2798 2033 2799
1020 9 2 6 1 453 452 916 2795 2800 2801
1021 9 2 6 1 884 879 987 2335 2802 2241
1022 9 2 6 1 518 517 519 2803 2743 2804
1023 9 2 6 1 460 471 917 2731 1439 2805
1024 9 2 6 1 846 848 849 2586 2763 2806
1025 9 2 6 1 819 777 974 2471 2456 2807
1026 9 2 6 1 825 668 1031 2329 2808 1499
1027 9 2 6 1 524 837 1063 1517 2169 2809
1028 9 2 6 1 455 460 917 2775 2805 2792
1029 9 2 6 1 849 850 852 2764 2751 2810
1030 9 2 6 1 644 646 832 2811 1393 1590
1031 9 2 6 1 894 912 959 2535 2812 2813
1032 9 2 6 1 534 535 536 1953 2185 2814
1033 9 2 6 1 869 870 871 2815 2003 2641
1034 9 2 6 1 882 880 883 2464 2532 1980
1035 9 2 6 1 458 453 916 2788 2801 2816
1036 9 2 6 1 418 416 419 2817 1982 2818
1037 9 2 6 1 1045 693 1077 2530 1379 1351
1038 9 2 6 1 923 762 924 2540 2819 2318
1039 9 2 6 1 875 873 925 2754 2820 2821
1040 9 2 6 1 450 449 451 2822 2782 2823
1041 9 2 6 1 849 852 862 2810 2157 2824
1042 9 2 6 1 815 814 1118 2825 2246 1387
1043 9 2 6 1 780 611 784 2826 2695 1402
1044 9 2 6 1 465 786 1050 1714 2154 2827
1045 9 2 6 1 20 276 886 278 2828 2829
1046 9 2 6 1 441 449 450 2830 2822 2831
1047 9 2 6 1 162 371 1042 2132 1747 2832
1048 9 2 6 1 850 851 957 2562 2833 2834
1049 9 2 6 1 173 349 946 2680 2835 2836
1050 9 2 6 1 887 689 1046 2837 2838 2839
1051 9 2 6 1 781 782 897 2205 2429 2113
1052 9 2 6 1 548 571 600 1823 2251 2840
1053 9 2 6 1 755 753 1036 2841 1956 2842
1054 9 2 6 1 889 805 1129 2843 1659 2844
1055 9 2 6 1 558 753 1112 1954 2845 2846
1056 9 2 6 1 154 155 1023 194 2847 2848
1057 9 2 6 1 349 901 925 2622 2661 2849
1058 9 2 6 1 714 918 1138 1443 2850 2851
1059 9 2 6 1 859 853 957 2603 2852 2853
1060 9 2 6 1 437 439 440 2854 2855 2856
1061 9 2 6 1 341 832 833 1601 1395 2857
1062 9 2 6 1 635 695 696 2858 2859 2860
1063 9 2 6 1 388 906 985 2689 2861 2862
1064 9 2 6 1 577 613 614 2618 2578 2863
1065 9 2 6 1 842 572 1014 1844 1674 2864
1066 9 2 6 1 697 699 734 2865 2866 2372
1067 9 2 6 1 405 404 406 2867 1931 2868
1068 9 2 6 1 441 448 449 2869 2870 2830
1069 9 2 6 1 658 571 1187 2871 1986 2872
1070 9 2 6 1 441 439 448 2873 2874 2869
1071 9 2 6 1 408 465 827 2281 1816 2875
1072 9 2 6 1 339 846 929 2525 2876 2616
1073 9 2 6 1 437 432 438 2877 2878 2879
1074 9 2 6 1 614 616 680 2579 2651 2880
1075 9 2 6 1 249 10 920 250 2881 2882
1076 9 2 6 1 440 439 441 2855 2873 2883
1077 9 2 6 1 578 580 973 2884 2885 2886
1078 9 2 6 1 846 849 929 2806 2887 2876
1079 9 2 6 1 861 858 1044 1795 2888 1963
1080 9 2 6 1 869 868 870 2889 2307 2815
1081 9 2 6 1 635 696 926 2860 2890 2891
1082 9 2 6 1 801 797 802 2892 2546 2893
1083 9 2 6 1 565 924 1162 2319 2894 2895
1084 9 2 6 1 566 563 567 2896 1417 2897
1085 9 2 6 1 969 357 984 2898 2899 2900
1086 9 2 6 1 904 982 1147 2644 2901 2902
1087 9 2 6 1 437 438 439 2879 2903 2854
1088 9 2 6 1 828 798 1195 2691 2419 2219
1089 9 2 6 1 735 868 869 2904 2889 2610
1090 9 2 6 1 579 612 666 2905 2906 2907
1091 9 2 6 1 151 357 970 2053 2908 2276
1092 9 2 6 1 777 714 1138 1234 2851 2457
1093 9 2 6 1 414 416 418 2476 2817 2909
1094 9 2 6 1 812 814 815 2640 2825 2340
1095 9 2 6 1 354 888 1146 2910 2326 2111
1096 9 2 6 1 849 862 929 2824 2402 2887
1097 9 2 6 1 870 348 1143 2306 2911 2238
1098 9 2 6 1 829 928 1062 1686 2912 2654
1099 9 2 6 1 633 635 926 2913 2891 2914
1100 9 2 6 1 854 856 956 2750 2915 2787
1101 9 2 6 1 569 561 570 2916 2917 2918
1102 9 2 6 1 783 1011 1099 1856 2257 1256
1103 9 2 6 1 842 813 1127 2919 2920 2921
1104 9 2 6 1 845 889 1129 2432 2844 2922
1105 9 2 6 1 132 133 964 142 2923 2924
1106 9 2 6 1 554 556 565 2925 1440 2926
1107 9 2 6 1 430 432 436 2927 2928 2929
1108 9 2 6 1 432 431 930 2930 1691 2931
1109 9 2 6 1 802 804 805 2718 2932 2933
1110 9 2 6 1 38 314 927 316 2934 2935
1111 9 2 6 1 686 1175 1182 1638 2936 2937
1112 9 2 6 1 985 906 998 2861 2938 2939
1113 9 2 6 1 438 432 930 2878 2931 1390
1114 9 2 6 1 481 476 482 2940 2021 2941
1115 9 2 6 1 734 699 735 2866 2942 1815
1116 9 2 6 1 609 610 611 2362 2635 2943
1117 9 2 6 1 677 934 1148 2944 1977 2296
1118 9 2 6 1 430 427 431 2945 1591 2946
1119 9 2 6 1 628 954 1124 2947 2948 2949
1120 9 2 6 1 908 637 975 1798 2950 2951
1121 9 2 6 1 513 512 514 2952 2108 2953
1122 9 2 6 1 511 510 512 2954 1942 2955
1123 9 2 6 1 1015 897 1090 2956 2430 2212
1124 9 2 6 1 747 370 1180 1997 2957 2958
1125 9 2 6 1 39 317 346 319 2959 2960
1126 9 2 6 1 252 11 342 253 2961 2962
1127 9 2 6 1 436 432 437 2928 2877 2963
1128 9 2 6 1 296 31 835 297 2964 2965
1129 9 2 6 1 560 562 573 2966 2134 1721
1130 9 2 6 1 430 431 432 2946 2930 2927
1131 9 2 6 1 906 355 998 2688 2967 2938
1132 9 2 6 1 794 797 801 2606 2892 2138
1133 9 2 6 1 525 527 528 2044 2449 2968
1134 9 2 6 1 838 465 1050 1817 2827 1805
1135 9 2 6 1 644 645 646 1497 2969 2811
1136 9 2 6 1 578 567 580 2970 2128 2884
1137 9 2 6 1 172 173 946 212 2836 2971
1138 9 2 6 1 458 916 959 2816 2417 2972
1139 9 2 6 1 713 1047 1051 2973 2446 2974
1140 9 2 6 1 544 568 1015 1513 2975 2976
1141 9 2 6 1 662 661 781 2977 2203 2978
1142 9 2 6 1 782 661 1066 2204 2979 2980
1143 9 2 6 1 827 775 1121 1740 2981 2982
1144 9 2 6 1 595 597 598 2074 2420 2983
1145 9 2 6 1 19 273 1009 275 2984 2985
1146 9 2 6 1 576 570 577 2986 2617 2987
1147 9 2 6 1 668 713 1031 1837 2988 2808
1148 9 2 6 1 477 1030 1198 2989 2990 2991
1149 9 2 6 1 443 445 1019 2992 2993 2994
1150 9 2 6 1 826 564 1075 1910 2995 2359
1151 9 2 6 1 429 427 430 2996 2945 2997
1152 9 2 6 1 557 555 564 2998 2999 3000
1153 9 2 6 1 224 388 975 2687 3001 3002
1154 9 2 6 1 892 891 982 2693 3003 3004
1155 9 2 6 1 805 804 1087 2932 3005 1577
1156 9 2 6 1 735 699 868 2942 3006 2904
1157 9 2 6 1 388 908 975 3007 2951 3001
1158 9 2 6 1 696 695 697 2859 3008 2331
1159 9 2 6 1 587 588 589 2267 2438 3009
1160 9 2 6 1 495 484 496 3010 2095 3011
1161 9 2 6 1 671 703 1067 2552 3012 1342
1162 9 2 6 1 759 757 923 3013 2541 3014
1163 9 2 6 1 954 745 1124 3015 1647 2948
1164 9 2 6 1 577 614 615 2863 3016 3017
1165 9 2 6 1 625 908 985 2712 3018 3019
1166 9 2 6 1 563 981 1110 2383 3020 1328
1167 9 2 6 1 607 608 609 2519 2361 3021
1168 9 2 6 1 483 482 484 3022 3023 3024
1169 9 2 6 1 18 270 359 272 3025 3026
1170 9 2 6 1 299 32 360 300 3027 3028
1171 9 2 6 1 78 977 1043 2443 3029 2206
1172 9 2 6 1 864 866 1065 2576 3030 3031
1173 9 2 6 1 669 592 766 3032 3033 3034
1174 9 2 6 1 387 964 1118 3035 1388 3036
1175 9 2 6 1 908 388 985 3007 2862 3018
1176 9 2 6 1 494 785 979 3037 2380 3038
1177 9 2 6 1 425 427 429 3039 2996 3040
1178 9 2 6 1 1024 394 1163 2227 2344 3041
1179 9 2 6 1 1046 689 1153 2838 3042 3043
1180 9 2 6 1 384 771 1170 2091 3044 3045
1181 9 2 6 1 569 570 576 2918 2986 3046
1182 9 2 6 1 6 5 663 242 2323 1625
1183 9 2 6 1 397 395 398 3047 2031 3048
1184 9 2 6 1 750 366 751 2130 2136 3049
1185 9 2 6 1 562 569 572 3050 3051 1843
1186 9 2 6 1 998 355 1016 2967 3052 3053
1187 9 2 6 1 37 311 935 313 3054 3055
1188 9 2 6 1 40 320 919 322 3056 3057
1189 9 2 6 1 559 563 566 2742 2896 3058
1190 9 2 6 1 562 561 569 3059 2916 3050
1191 9 2 6 1 697 695 698 3008 3060 3061
1192 9 2 6 1 17 267 379 269 3062 3063
1193 9 2 6 1 302 33 380 303 3064 3065
1194 9 2 6 1 576 577 940 2987 3066 3067
1195 9 2 6 1 634 632 636 3068 3069 3070
1196 9 2 6 1 800 796 807 2253 2526 2183
1197 9 2 6 1 778 1105 1146 3071 2112 1655
1198 9 2 6 1 258 13 936 259 3072 3073
1199 9 2 6 1 536 537 538 2186 2349 3074
1200 9 2 6 1 764 763 841 3075 1405 2121
1201 9 2 6 1 697 698 699 3061 3076 2865
1202 9 2 6 1 856 860 956 2757 2068 2915
1203 9 2 6 1 425 423 426 3077 3078 3079
1204 9 2 6 1 363 951 1115 3080 3081 2591
1205 9 2 6 1 598 601 602 2421 2459 3082
1206 9 2 6 1 543 542 544 3083 1512 3084
1207 9 2 6 1 421 423 424 3085 3086 3087
1208 9 2 6 1 355 900 1016 2665 3088 3052
1209 9 2 6 1 853 850 957 2752 2834 2852
1210 9 2 6 1 425 426 427 3079 1507 3039
1211 9 2 6 1 482 504 1196 2022 2386 3089
1212 9 2 6 1 602 603 604 2460 1633 3090
1213 9 2 6 1 545 544 546 3091 3092 3093
1214 9 2 6 1 544 1015 1187 2976 3094 3095
1215 9 2 6 1 767 736 1082 1428 3096 2567
1216 9 2 6 1 592 578 973 3097 2886 3098
1217 9 2 6 1 403 404 405 2371 2867 3099
1218 9 2 6 1 678 1037 1076 3100 2559 3101
1219 9 2 6 1 887 1046 1113 2839 1879 3102
1220 9 2 6 1 912 458 959 2778 2972 2812
1221 9 2 6 1 560 557 561 3103 3104 3105
1222 9 2 6 1 439 438 991 2903 2158 3106
1223 9 2 6 1 675 351 676 2259 3107 1297
1224 9 2 6 1 617 993 994 1546 3108 3109
1225 9 2 6 1 677 674 934 2302 3110 2944
1226 9 2 6 1 492 506 507 3111 3112 2159
1227 9 2 6 1 521 523 524 2173 2509 3113
1228 9 2 6 1 400 398 401 3114 1709 3115
1229 9 2 6 1 387 132 964 2607 2924 3035
1230 9 2 6 1 531 534 1003 2458 3116 3117
1231 9 2 6 1 1023 155 1176 2847 3118 3119
1232 9 2 6 1 879 881 987 2366 3120 2802
1233 9 2 6 1 494 716 785 3121 1489 3037
1234 9 2 6 1 443 444 445 2222 2410 2992
1235 9 2 6 1 577 615 940 3017 3122 3066
1236 9 2 6 1 178 892 1178 3123 3124 3125
1237 9 2 6 1 490 491 492 3126 3127 1922
1238 9 2 6 1 635 694 695 3128 3129 2858
1239 9 2 6 1 612 669 937 3130 3131 3132
1240 9 2 6 1 589 590 594 2439 2500 3133
1241 9 2 6 1 487 488 490 3134 3135 2120
1242 9 2 6 1 570 561 943 2917 3136 2463
1243 9 2 6 1 560 561 562 3105 3059 2966
1244 9 2 6 1 421 415 422 3137 3138 3139
1245 9 2 6 1 48 383 1026 2683 3140 3141
1246 9 2 6 1 485 486 487 3142 3143 2027
1247 9 2 6 1 758 757 759 3144 3013 3145
1248 9 2 6 1 761 759 763 3146 3147 3148
1249 9 2 6 1 557 564 943 3000 1911 3149
1250 9 2 6 1 579 592 612 3150 3151 2905
1251 9 2 6 1 910 436 1086 3152 3153 3154
1252 9 2 6 1 691 767 1059 1946 1649 3155
1253 9 2 6 1 925 903 1139 2660 3156 3157
1254 9 2 6 1 888 30 963 2294 2539 1794
1255 9 2 6 1 756 755 757 3158 2506 3159
1256 9 2 6 1 79 332 977 2262 3160 2442
1257 9 2 6 1 774 384 1055 2100 3161 2486
1258 9 2 6 1 16 264 363 266 3162 3163
1259 9 2 6 1 305 34 364 306 3164 3165
1260 9 2 6 1 664 597 1186 1903 1928 3166
1261 9 2 6 1 1016 900 1033 3088 3167 3168
1262 9 2 6 1 36 308 362 310 3169 3170
1263 9 2 6 1 261 14 361 262 3171 3172
1264 9 2 6 1 650 649 652 2441 3173 3174
1265 9 2 6 1 24 336 1145 1801 1792 3175
1266 9 2 6 1 472 473 485 3176 3177 2072
1267 9 2 6 1 556 557 560 3178 3103 1265
1268 9 2 6 1 831 348 1071 2229 3179 2006
1269 9 2 6 1 223 224 975 233 3002 3180
1270 9 2 6 1 566 578 579 3181 3182 3183
1271 9 2 6 1 561 557 943 3104 3149 3136
1272 9 2 6 1 566 567 578 2897 2970 3181
1273 9 2 6 1 420 948 1004 3184 2166 3185
1274 9 2 6 1 910 847 1129 2549 3186 1658
1275 9 2 6 1 528 529 530 2450 2498 3187
1276 9 2 6 1 689 688 1153 1839 3188 3042
1277 9 2 6 1 402 401 403 3189 2370 3190
1278 9 2 6 1 13 255 343 257 3191 3192
1279 9 2 6 1 314 37 347 315 3193 3194
1280 9 2 6 1 579 666 983 2907 3195 3196
1281 9 2 6 1 817 750 960 2484 3197 1614
1282 9 2 6 1 900 381 1033 2670 3198 3167
1283 9 2 6 1 867 1065 1103 3199 2594 2320
1284 9 2 6 1 875 925 1139 2821 3157 3200
1285 9 2 6 1 413 415 420 3201 3202 3203
1286 9 2 6 1 335 686 1088 3204 3205 1636
1287 9 2 6 1 424 423 425 3086 3077 3206
1288 9 2 6 1 553 552 559 3207 2741 3208
1289 9 2 6 1 713 667 1047 1836 2098 2973
1290 9 2 6 1 761 763 764 3148 3075 3209
1291 9 2 6 1 804 429 1142 1556 3210 3211
1292 9 2 6 1 445 446 469 2411 2572 3212
1293 9 2 6 1 15 261 953 263 3213 3214
1294 9 2 6 1 822 721 1080 2014 1738 1463
1295 9 2 6 1 127 378 1064 2587 2275 3215
1296 9 2 6 1 813 842 1014 2919 2864 2524
1297 9 2 6 1 514 517 518 2264 2803 3216
1298 9 2 6 1 267 16 949 268 3217 3218
1299 9 2 6 1 35 305 952 307 3219 3220
1300 9 2 6 1 420 421 948 3221 3222 3184
1301 9 2 6 1 449 448 1029 2870 2426 3223
1302 9 2 6 1 14 258 950 260 3224 3225
1303 9 2 6 1 841 842 1127 2732 2921 2122
1304 9 2 6 1 418 419 428 2818 1882 3226
1305 9 2 6 1 290 353 963 3227 1475 2538
1306 9 2 6 1 264 15 951 265 3228 3229
1307 9 2 6 1 421 422 423 3139 3230 3085
1308 9 2 6 1 635 634 694 3231 3232 3128
1309 9 2 6 1 633 634 635 3233 3231 2913
1310 9 2 6 1 46 47 976 86 3234 3235
1311 9 2 6 1 317 38 944 318 3236 3237
1312 9 2 6 1 270 17 947 271 3238 3239
1313 9 2 6 1 766 592 973 3033 3098 3240
1314 9 2 6 1 420 415 421 3202 3137 3221
1315 9 2 6 1 556 555 557 3241 2998 3178
1316 9 2 6 1 857 855 1072 2702 3242 1704
1317 9 2 6 1 468 443 1019 3243 2994 2542
1318 9 2 6 1 579 578 592 3182 3097 3150
1319 9 2 6 1 396 399 472 3244 3245 2189
1320 9 2 6 1 503 457 678 3246 3247 3248
1321 9 2 6 1 31 293 354 295 3249 3250
1322 9 2 6 1 276 19 352 277 3251 3252
1323 9 2 6 1 758 759 761 3145 3146 3253
1324 9 2 6 1 606 574 753 3254 3255 3256
1325 9 2 6 1 633 632 634 3257 3068 3233
1326 9 2 6 1 799 806 1093 2148 2455 3258
1327 9 2 6 1 367 154 1023 2150 2848 3259
1328 9 2 6 1 421 424 948 3087 3260 3222
1329 9 2 6 1 331 765 1114 2181 3261 1754
1330 9 2 6 1 1175 836 1182 1682 3262 2936
1331 9 2 6 1 551 553 554 3263 3264 3265
1332 9 2 6 1 736 645 1082 3266 3267 3096
1333 9 2 6 1 762 1036 1194 3268 1698 3269
1334 9 2 6 1 645 647 1082 2363 3270 3267
1335 9 2 6 1 582 585 617 2485 3271 3272
1336 9 2 6 1 756 757 758 3159 3144 3273
1337 9 2 6 1 357 969 970 2898 3274 2908
1338 9 2 6 1 371 823 1013 1613 3275 1595
1339 9 2 6 1 891 894 982 2624 3276 3003
1340 9 2 6 1 311 36 995 312 3277 3278
1341 9 2 6 1 10 246 341 248 1600 3279
1342 9 2 6 1 323 40 345 324 3280 3281
1343 9 2 6 1 1033 381 1052 3198 3282 3283
1344 9 2 6 1 754 753 755 3284 2841 3285
1345 9 2 6 1 820 643 1133 1231 3286 1322
1346 9 2 6 1 957 851 1158 2833 2188 3287
1347 9 2 6 1 381 899 1052 2668 3288 3282
1348 9 2 6 1 469 470 475 2573 2771 3289
1349 9 2 6 1 593 687 1078 2341 3290 3291
1350 9 2 6 1 775 684 1121 2300 3292 2981
1351 9 2 6 1 344 42 648 1776 3293 3294
1352 9 2 6 1 612 937 1002 3132 3295 3296
1353 9 2 6 1 344 648 649 3294 3297 2440
1354 9 2 6 1 454 917 1072 2793 1705 2488
1355 9 2 6 1 631 632 633 3298 3257 3299
1356 9 2 6 1 650 652 653 3174 3300 2037
1357 9 2 6 1 352 19 1009 3251 2985 3301
1358 9 2 6 1 518 519 520 2804 2798 3302
1359 9 2 6 1 865 389 1126 2577 3303 1763
1360 9 2 6 1 612 592 669 3151 3032 3130
1361 9 2 6 1 413 414 415 3304 3305 3201
1362 9 2 6 1 31 354 835 3250 3306 2964
1363 9 2 6 1 413 412 414 3307 2474 3304
1364 9 2 6 1 719 720 1116 1694 3308 3309
1365 9 2 6 1 181 637 1102 2676 2140 3310
1366 9 2 6 1 369 180 1102 2677 3311 2582
1367 9 2 6 1 623 625 985 2724 3019 3312
1368 9 2 6 1 631 428 632 3313 3314 3298
1369 9 2 6 1 942 360 1054 3315 3316 3317
1370 9 2 6 1 428 971 1096 1883 3318 3319
1371 9 2 6 1 707 834 1089 3320 2018 3321
1372 9 2 6 1 348 171 1143 2681 3322 2911
1373 9 2 6 1 370 933 1180 2327 1877 2957
1374 9 2 6 1 342 11 907 2961 2791 1501
1375 9 2 6 1 358 77 1117 2052 2316 2399
1376 9 2 6 1 25 24 386 285 3323 3324
1377 9 2 6 1 418 428 631 3226 3313 3325
1378 9 2 6 1 778 638 1105 2036 3326 3071
1379 9 2 6 1 362 932 995 3327 1717 3328
1380 9 2 6 1 409 411 417 3329 3330 3331
1381 9 2 6 1 447 775 1193 2301 2493 3332
1382 9 2 6 1 551 549 552 3333 3334 3335
1383 9 2 6 1 698 695 1001 3060 3336 1295
1384 9 2 6 1 1052 899 1068 3288 3337 3338
1385 9 2 6 1 133 3 1125 143 3339 3340
1386 9 2 6 1 3 144 1125 183 3341 3339
1387 9 2 6 1 651 648 922 3342 1277 3343
1388 9 2 6 1 84 2 1126 124 3344 3345
1389 9 2 6 1 2 125 1126 134 1764 3344
1390 9 2 6 1 182 4 1128 222 3346 3347
1391 9 2 6 1 4 223 1128 232 3348 3346
1392 9 2 6 1 475 476 481 2772 2940 3349
1393 9 2 6 1 21 279 351 281 3350 1784
1394 9 2 6 1 290 29 353 291 3351 3227
1395 9 2 6 1 594 595 955 2501 3352 3353
1396 9 2 6 1 633 926 1070 2914 3354 3355
1397 9 2 6 1 320 39 1006 321 3356 3357
1398 9 2 6 1 564 555 962 2999 3358 3359
1399 9 2 6 1 498 510 511 2338 2954 3360
1400 9 2 6 1 177 178 1178 217 3125 3361
1401 9 2 6 1 33 299 1011 301 3362 3363
1402 9 2 6 1 551 552 553 3335 3207 3263
1403 9 2 6 1 926 696 1167 2890 3364 1864
1404 9 2 6 1 754 755 756 3285 3158 3365
1405 9 2 6 1 405 406 407 2868 3366 3367
1406 9 2 6 1 982 894 1147 3276 3368 2901
1407 9 2 6 1 20 886 965 2829 3369 3370
1408 9 2 6 1 525 528 1007 2968 3371 3372
1409 9 2 6 1 546 544 1187 3092 3095 1985
1410 9 2 6 1 554 555 556 3373 3241 2925
1411 9 2 6 1 547 546 548 3374 1821 3375
1412 9 2 6 1 744 745 1021 2145 3376 1810
1413 9 2 6 1 416 412 1174 2475 3377 2271
1414 9 2 6 1 756 758 760 3273 3378 3379
1415 9 2 6 1 10 341 920 3279 3380 2881
1416 9 2 6 1 553 559 962 3208 3381 3382
1417 9 2 6 1 920 341 1107 3380 3383 1400
1418 9 2 6 1 584 629 715 3384 3385 3386
1419 9 2 6 1 1030 823 1198 3387 1371 2990
1420 9 2 6 1 527 642 1097 1820 2629 2283
1421 9 2 6 1 711 594 955 3388 3353 1602
1422 9 2 6 1 513 514 921 2953 3389 3390
1423 9 2 6 1 836 787 1151 2265 3391 3392
1424 9 2 6 1 623 985 998 3312 2939 3393
1425 9 2 6 1 899 390 1068 2672 1448 3337
1426 9 2 6 1 554 553 555 3264 3394 3373
1427 9 2 6 1 231 1 1131 241 3395 3396
1428 9 2 6 1 1 46 1131 85 3397 3395
1429 9 2 6 1 456 979 1025 3398 3399 3400
1430 9 2 6 1 773 611 780 3401 2826 1458
1431 9 2 6 1 576 940 987 3067 2242 3402
1432 9 2 6 1 937 769 1002 1936 2310 3295
1433 9 2 6 1 511 512 513 2955 2952 3403
1434 9 2 6 1 632 428 1096 3314 3319 3404
1435 9 2 6 1 38 927 944 2935 3405 3236
1436 9 2 6 1 451 454 1154 2781 2626 3406
1437 9 2 6 1 634 636 966 3070 3407 3408
1438 9 2 6 1 554 565 1162 2926 2895 3409
1439 9 2 6 1 534 599 1003 3410 3411 3116
1440 9 2 6 1 547 549 550 3412 3413 3414
1441 9 2 6 1 448 439 991 2874 3106 1407
1442 9 2 6 1 273 18 1010 274 3415 3416
1443 9 2 6 1 514 518 921 3216 3417 3389
1444 9 2 6 1 932 362 1047 3327 2444 2163
1445 9 2 6 1 754 756 969 3365 3418 3419
1446 9 2 6 1 866 997 1065 3420 3421 3030
1447 9 2 6 1 818 374 1152 2171 2522 1263
1448 9 2 6 1 155 372 1176 2199 3422 3118
1449 9 2 6 1 976 47 1026 3234 3423 2345
1450 9 2 6 1 565 843 1155 1441 3424 3425
1451 9 2 6 1 341 833 1107 2857 2250 3383
1452 9 2 6 1 749 816 1032 2218 3426 3427
1453 9 2 6 1 17 379 947 3063 3428 3238
1454 9 2 6 1 411 412 413 3429 3307 3430
1455 9 2 6 1 621 623 998 2698 3393 3431
1456 9 2 6 1 646 645 736 2969 3266 1890
1457 9 2 6 1 968 806 1008 1644 3432 1978
1458 9 2 6 1 928 12 1062 2597 3433 2912
1459 9 2 6 1 762 755 1036 2507 2842 3268
1460 9 2 6 1 1058 593 1078 3434 3291 3435
1461 9 2 6 1 411 410 412 3436 3437 3429
1462 9 2 6 1 343 255 928 3191 2598 3438
1463 9 2 6 1 907 249 920 2790 2882 1399
1464 9 2 6 1 925 873 1120 2820 3439 3440
1465 9 2 6 1 681 678 682 3441 3442 3443
1466 9 2 6 1 939 617 1083 1544 3444 3445
1467 9 2 6 1 13 343 936 3192 3446 3072
1468 9 2 6 1 347 37 935 3193 3055 3447
1469 9 2 6 1 354 293 888 3249 2295 2910
1470 9 2 6 1 495 496 701 3011 3448 3449
1471 9 2 6 1 422 415 996 3138 3450 3451
1472 9 2 6 1 18 359 1010 3026 1829 3415
1473 9 2 6 1 750 751 960 3049 1731 3197
1474 9 2 6 1 805 889 1181 2843 2503 3452
1475 9 2 6 1 865 126 1064 1549 3453 3454
1476 9 2 6 1 605 604 607 3455 2518 3456
1477 9 2 6 1 483 484 495 3024 3010 3457
1478 9 2 6 1 659 724 1123 1934 3458 3459
1479 9 2 6 1 481 482 483 2941 3022 1509
1480 9 2 6 1 725 654 1119 1941 3460 1288
1481 9 2 6 1 676 351 965 3107 3461 3462
1482 9 2 6 1 172 946 1143 2971 2239 3463
1483 9 2 6 1 407 406 408 3366 2280 3464
1484 9 2 6 1 694 634 966 3232 3408 1382
1485 9 2 6 1 368 939 1101 2284 2571 1445
1486 9 2 6 1 550 549 551 3413 3333 3465
1487 9 2 6 1 440 441 1158 2883 3466 2187
1488 9 2 6 1 414 418 996 2909 3467 3468
1489 9 2 6 1 380 33 1011 3064 3363 1855
1490 9 2 6 1 568 897 1015 2114 2956 2975
1491 9 2 6 1 450 957 1158 3469 3287 3470
1492 9 2 6 1 699 698 1071 3076 2007 3471
1493 9 2 6 1 279 20 965 280 3370 3472
1494 9 2 6 1 555 553 962 3394 3382 3358
1495 9 2 6 1 1058 673 1171 2765 3473 3474
1496 9 2 6 1 858 857 1044 2736 2391 2888
1497 9 2 6 1 39 346 1006 2960 3475 3356
1498 9 2 6 1 348 868 1071 2305 3476 3179
1499 9 2 6 1 678 457 1037 3247 3477 3100
1500 9 2 6 1 621 998 1016 3431 3053 3478
1501 9 2 6 1 383 885 1039 2196 2368 3479
1502 9 2 6 1 1058 655 1085 3480 2393 2766
1503 9 2 6 1 806 800 1008 2147 2412 3432
1504 9 2 6 1 973 580 994 2885 3481 3482
1505 9 2 6 1 665 594 711 3483 3388 3484
1506 9 2 6 1 349 925 1120 2849 3440 3485
1507 9 2 6 1 547 548 549 3375 3486 3412
1508 9 2 6 1 559 566 983 3058 3487 3488
1509 9 2 6 1 666 612 1002 2906 3296 1363
1510 9 2 6 1 892 178 1095 3123 3489 3490
1511 9 2 6 1 456 494 979 3491 3038 3398
1512 9 2 6 1 16 363 949 3163 1243 3217
1513 9 2 6 1 843 763 1155 1316 3492 3424
1514 9 2 6 1 703 1069 1185 3493 1326 3494
1515 9 2 6 1 765 150 1183 2355 2470 3495
1516 9 2 6 1 507 506 672 3112 3496 1562
1517 9 2 6 1 626 530 627 3497 3498 3499
1518 9 2 6 1 407 409 967 3500 3501 3502
1519 9 2 6 1 436 910 1087 3152 1578 3503
1520 9 2 6 1 571 658 1169 2871 3504 1852
1521 9 2 6 1 490 488 491 3135 3505 3126
1522 9 2 6 1 492 491 506 3127 3506 3111
1523 9 2 6 1 430 436 1142 2929 3507 3508
1524 9 2 6 1 958 353 1163 1473 3509 1924
1525 9 2 6 1 720 919 1006 3510 3511 3512
1526 9 2 6 1 425 429 1053 3040 1881 3513
1527 9 2 6 1 487 486 488 3143 3514 3134
1528 9 2 6 1 314 347 927 3194 1218 2934
1529 9 2 6 1 372 837 988 1850 2019 3515
1530 9 2 6 1 606 753 754 3256 3284 3516
1531 9 2 6 1 988 723 1176 3517 3518 3519
1532 9 2 6 1 545 546 547 3093 3374 3520
1533 9 2 6 1 436 437 1086 2963 3521 3153
1534 9 2 6 1 45 44 671 329 1274 3522
1535 9 2 6 1 361 14 950 3171 3225 3523
1536 9 2 6 1 695 694 1001 3129 1238 3336
1537 9 2 6 1 1020 939 1083 2569 3445 3524
1538 9 2 6 1 332 937 977 1937 3525 3160
1539 9 2 6 1 397 398 400 3048 3114 3526
1540 9 2 6 1 566 579 983 3183 3196 3487
1541 9 2 6 1 923 565 1155 2317 3425 3527
1542 9 2 6 1 620 621 1016 2714 3478 3528
1543 9 2 6 1 609 611 773 2943 3401 3529
1544 9 2 6 1 938 1057 1165 1254 2517 1909
1545 9 2 6 1 360 32 1054 3027 3530 3316
1546 9 2 6 1 951 15 953 3228 3214 3531
1547 9 2 6 1 937 669 977 3131 3532 3525
1548 9 2 6 1 919 320 1006 3056 3357 3511
1549 9 2 6 1 413 420 990 3203 3533 3534
1550 9 2 6 1 485 473 486 3177 3535 3142
1551 9 2 6 1 763 759 1155 3147 3536 3492
1552 9 2 6 1 361 950 1021 3523 1811 3537
1553 9 2 6 1 924 550 1162 3538 3539 2894
1554 9 2 6 1 36 362 995 3170 3328 3277
1555 9 2 6 1 802 805 1181 2933 3452 3540
1556 9 2 6 1 940 615 997 3122 3541 2126
1557 9 2 6 1 435 443 468 2496 3243 1432
1558 9 2 6 1 962 559 983 3381 3488 3542
1559 9 2 6 1 418 631 996 3325 3543 3467
1560 9 2 6 1 595 598 955 2983 3544 3352
1561 9 2 6 1 502 391 1088 2710 1568 3545
1562 9 2 6 1 503 678 681 3248 3441 3546
1563 9 2 6 1 409 417 967 3331 1624 3501
1564 9 2 6 1 379 267 949 3062 3218 3547
1565 9 2 6 1 426 423 1109 3078 3548 1702
1566 9 2 6 1 258 936 950 3073 1251 3224
1567 9 2 6 1 415 414 996 3305 3468 3450
1568 9 2 6 1 412 410 1121 3437 3549 3550
1569 9 2 6 1 377 1074 1188 2233 2291 2216
1570 9 2 6 1 602 604 605 3090 3455 3551
1571 9 2 6 1 552 549 981 3334 3552 2382
1572 9 2 6 1 380 839 1136 1889 3553 3554
1573 9 2 6 1 589 594 665 3133 3483 3555
1574 9 2 6 1 400 401 402 3115 3189 3556
1575 9 2 6 1 859 957 1154 2853 3557 2625
1576 9 2 6 1 524 525 1007 2510 3372 1518
1577 9 2 6 1 572 569 1111 3051 3558 1833
1578 9 2 6 1 1116 1000 1186 3559 3560 3561
1579 9 2 6 1 620 1016 1033 3528 3168 3562
1580 9 2 6 1 511 513 945 3403 3563 3564
1581 9 2 6 1 47 48 1026 87 3141 3423
1582 9 2 6 1 472 399 473 3245 3565 3176
1583 9 2 6 1 521 524 1063 3113 2809 3566
1584 9 2 6 1 649 648 651 3297 3342 3567
1585 9 2 6 1 305 364 952 3165 3568 3219
1586 9 2 6 1 261 361 953 3172 3569 3213
1587 9 2 6 1 363 264 951 3162 3229 3080
1588 9 2 6 1 409 408 410 3570 3571 3572
1589 9 2 6 1 935 311 995 3054 3278 1468
1590 9 2 6 1 409 410 411 3572 3436 3329
1591 9 2 6 1 467 386 1017 3573 3574 3575
1592 9 2 6 1 701 496 986 3448 3576 3577
1593 9 2 6 1 276 352 886 3252 3578 2828
1594 9 2 6 1 359 270 947 3025 3239 3579
1595 9 2 6 1 919 720 1161 3510 1422 3580
1596 9 2 6 1 626 723 988 3581 3517 3582
1597 9 2 6 1 469 475 477 3289 3583 3584
1598 9 2 6 1 538 539 574 2350 3585 3586
1599 9 2 6 1 936 343 961 3446 3587 1669
1600 9 2 6 1 756 760 969 3379 3588 3418
1601 9 2 6 1 392 393 394 2406 3589 2226
1602 9 2 6 1 615 614 1103 3016 3590 2593
1603 9 2 6 1 672 506 683 3496 3591 2351
1604 9 2 6 1 452 449 1029 2783 3223 3592
1605 9 2 6 1 1013 823 1030 3275 3387 2407
1606 9 2 6 1 884 997 1172 2127 3593 3594
1607 9 2 6 1 530 531 1003 2499 3117 3595
1608 9 2 6 1 346 317 944 2959 3237 3596
1609 9 2 6 1 483 495 722 3457 3597 2094
1610 9 2 6 1 605 607 643 3456 3598 1744
1611 9 2 6 1 654 653 673 2038 3599 3600
1612 9 2 6 1 160 161 1028 200 2311 2234
1613 9 2 6 1 541 542 543 2354 3083 3601
1614 9 2 6 1 724 725 1123 3602 1431 3458
1615 9 2 6 1 745 954 1021 3015 3603 3376
1616 9 2 6 1 922 41 1164 1276 3604 2404
1617 9 2 6 1 839 364 1136 1464 3605 3553
1618 9 2 6 1 161 162 1042 201 2832 2312
1619 9 2 6 1 911 620 1033 2755 3562 3606
1620 9 2 6 1 528 530 626 3187 3497 3607
1621 9 2 6 1 403 405 433 3099 3608 3609
1622 9 2 6 1 665 711 712 3484 1229 3610
1623 9 2 6 1 674 675 934 2260 3611 3110
1624 9 2 6 1 369 890 1095 2210 3612 3613
1625 9 2 6 1 584 715 1048 3386 1988 3614
1626 9 2 6 1 410 408 827 3571 2875 3615
1627 9 2 6 1 713 952 1031 3616 3617 2988
1628 9 2 6 1 528 626 1007 3607 3618 3371
1629 9 2 6 1 179 369 1095 2678 3613 3619
1630 9 2 6 1 738 663 1179 1626 3620 3621
1631 9 2 6 1 32 296 1054 298 3622 3530
1632 9 2 6 1 407 408 409 3464 3570 3500
1633 9 2 6 1 883 387 1118 2235 3036 2245
1634 9 2 6 1 299 360 1011 3028 2255 3362
1635 9 2 6 1 45 704 705 3623 3624 3625
1636 9 2 6 1 627 530 1003 3498 3595 3626
1637 9 2 6 1 1005 385 1133 2049 1323 3627
1638 9 2 6 1 452 1029 1038 3592 2106 3628
1639 9 2 6 1 478 639 640 3629 1788 3630
1640 9 2 6 1 626 627 723 3499 3631 3581
1641 9 2 6 1 508 731 1039 2728 3632 1619
1642 9 2 6 1 491 488 493 3505 3633 3634
1643 9 2 6 1 308 35 1051 309 3635 3636
1644 9 2 6 1 41 323 1164 325 3637 3604
1645 9 2 6 1 543 544 545 3084 3091 3638
1646 9 2 6 1 916 452 1038 2800 3628 2061
1647 9 2 6 1 582 617 994 3272 3109 3639
1648 9 2 6 1 496 498 986 2342 3640 3576
1649 9 2 6 1 580 582 994 2358 3639 3481
1650 9 2 6 1 550 924 1194 3538 3641 3642
1651 9 2 6 1 486 473 489 3535 3643 3644
1652 9 2 6 1 345 40 919 3280 3057 3645
1653 9 2 6 1 471 915 1044 2762 1964 2390
1654 9 2 6 1 417 411 990 3330 3646 3647
1655 9 2 6 1 517 628 1124 1971 2949 2744
1656 9 2 6 1 953 361 954 3569 3648 3649
1657 9 2 6 1 346 944 1000 3596 3650 3651
1658 9 2 6 1 1009 273 1010 2984 3416 3652
1659 9 2 6 1 723 627 1049 3631 3653 3654
1660 9 2 6 1 394 393 395 3589 3655 3656
1661 9 2 6 1 911 1033 1052 3606 3283 3657
1662 9 2 6 1 987 881 1111 3120 1834 3658
1663 9 2 6 1 379 949 978 3547 1241 3659
1664 9 2 6 1 647 661 662 2244 2977 3660
1665 9 2 6 1 35 952 1051 3220 3661 3635
1666 9 2 6 1 1023 723 1049 3662 3654 3663
1667 9 2 6 1 811 810 1104 2079 2553 3664
1668 9 2 6 1 867 864 1065 2414 3031 3199
1669 9 2 6 1 954 361 1021 3648 3537 3603
1670 9 2 6 1 545 547 999 3520 3665 3666
1671 9 2 6 1 576 987 1111 3402 3658 3667
1672 9 2 6 1 178 179 1095 218 3619 3489
1673 9 2 6 1 591 972 1108 3668 3669 3670
1674 9 2 6 1 396 395 397 3671 3047 3672
1675 9 2 6 1 484 482 1196 3023 3089 2520
1676 9 2 6 1 732 911 1052 2760 3657 3673
1677 9 2 6 1 549 548 981 3486 3674 3552
1678 9 2 6 1 336 23 992 1800 1456 3675
1679 9 2 6 1 534 536 599 2814 3676 3410
1680 9 2 6 1 400 402 456 3556 3677 3678
1681 9 2 6 1 411 413 990 3430 3534 3646
1682 9 2 6 1 669 766 1043 3034 3679 3680
1683 9 2 6 1 12 252 1062 254 3681 3433
1684 9 2 6 1 1015 658 1187 2211 2872 3094
1685 9 2 6 1 584 606 629 3682 3683 3384
1686 9 2 6 1 886 352 887 3578 3684 3685
1687 9 2 6 1 957 450 1154 3469 3686 3557
1688 9 2 6 1 494 503 716 3687 3688 3121
1689 9 2 6 1 606 754 984 3516 3689 3690
1690 9 2 6 1 600 655 1078 2252 3691 3692
1691 9 2 6 1 787 1012 1151 2051 3693 3391
1692 9 2 6 1 1103 680 1152 3694 1264 2321
1693 9 2 6 1 732 1052 1068 3673 3338 3695
1694 9 2 6 1 656 652 972 3696 3697 3698
1695 9 2 6 1 719 1116 1186 3309 3561 1927
1696 9 2 6 1 45 671 704 3522 1341 3623
1697 9 2 6 1 969 760 970 3588 3699 3274
1698 9 2 6 1 362 308 1051 3169 3636 2445
1699 9 2 6 1 990 420 1004 3533 3185 3700
1700 9 2 6 1 607 609 1005 3021 3701 3702
1701 9 2 6 1 394 395 396 3656 3671 2343
1702 9 2 6 1 25 386 466 3324 3703 3704
1703 9 2 6 1 494 457 503 3705 3246 3687
1704 9 2 6 1 978 702 1144 2000 3706 3707
1705 9 2 6 1 821 359 1084 1827 3708 1293
1706 9 2 6 1 954 628 1166 2947 3709 3710
1707 9 2 6 1 383 1039 1177 3479 3711 3712
1708 9 2 6 1 396 397 399 3672 3713 3244
1709 9 2 6 1 126 127 1064 136 3215 3453
1710 9 2 6 1 866 865 1064 2575 3454 2274
1711 9 2 6 1 364 34 1136 3164 3714 3605
1712 9 2 6 1 836 1151 1182 3392 3715 3262
1713 9 2 6 1 971 817 1096 1558 1616 3318
1714 9 2 6 1 479 467 480 3716 3717 3718
1715 9 2 6 1 547 550 999 3414 3719 3665
1716 9 2 6 1 372 988 1176 3515 3519 3422
1717 9 2 6 1 761 764 1114 3209 1772 3720
1718 9 2 6 1 1070 926 1109 3354 1703 3721
1719 9 2 6 1 892 982 1178 3004 3722 3124
1720 9 2 6 1 733 732 1068 2716 3695 1412
1721 9 2 6 1 498 511 986 3360 3723 3640
1722 9 2 6 1 584 574 606 3724 3254 3682
1723 9 2 6 1 766 973 1081 3240 3725 2387
1724 9 2 6 1 456 457 494 3726 3705 3491
1725 9 2 6 1 360 942 1099 3315 3727 2256
1726 9 2 6 1 855 859 1072 2604 2489 3242
1727 9 2 6 1 478 640 1149 3630 2231 3728
1728 9 2 6 1 296 835 1054 2965 3729 3622
1729 9 2 6 1 456 402 457 3677 3730 3726
1730 9 2 6 1 440 909 1086 1848 3731 3732
1731 9 2 6 1 617 585 1083 3271 3733 3444
1732 9 2 6 1 682 678 1076 3442 3101 1973
1733 9 2 6 1 754 969 984 3419 2900 3689
1734 9 2 6 1 696 931 1167 2333 1427 3364
1735 9 2 6 1 252 342 1062 2962 2655 3681
1736 9 2 6 1 1148 819 1190 2425 3734 2297
1737 9 2 6 1 424 425 1053 3206 3513 3735
1738 9 2 6 1 629 606 984 3683 3690 3736
1739 9 2 6 1 918 447 1193 1442 3332 3737
1740 9 2 6 1 952 364 1031 3568 1466 3617
1741 9 2 6 1 909 910 1086 2550 3154 3731
1742 9 2 6 1 422 996 1070 3451 3738 3739
1743 9 2 6 1 548 600 981 2840 3740 3674
1744 9 2 6 1 587 589 1020 3009 3741 3742
1745 9 2 6 1 550 551 1162 3465 3743 3539
1746 9 2 6 1 351 279 965 3350 3472 3461
1747 9 2 6 1 395 393 1173 3655 3744 1679
1748 9 2 6 1 520 521 1063 2799 3566 3745
1749 9 2 6 1 437 440 1086 2856 3732 3521
1750 9 2 6 1 868 699 1071 3006 3471 3476
1751 9 2 6 1 819 974 1189 2807 2254 3746
1752 9 2 6 1 643 607 1005 3598 3702 3747
1753 9 2 6 1 753 574 1112 3255 3748 2845
1754 9 2 6 1 598 602 1018 3082 3749 3750
1755 9 2 6 1 1039 731 1177 3632 3751 3711
1756 9 2 6 1 977 669 1043 3532 3680 3029
1757 9 2 6 1 302 380 1136 3065 3554 3752
1758 9 2 6 1 1035 715 1140 1950 3753 3754
1759 9 2 6 1 760 1091 1183 3755 3756 3757
1760 9 2 6 1 721 717 1130 1724 1826 3758
1761 9 2 6 1 760 758 1091 3378 3759 3755
1762 9 2 6 1 384 1027 1055 3760 3761 3161
1763 9 2 6 1 813 811 1127 2436 3762 2920
1764 9 2 6 1 353 29 1024 3351 3763 3764
1765 9 2 6 1 965 886 1113 3369 3765 3766
1766 9 2 6 1 626 988 1007 3582 2020 3618
1767 9 2 6 1 946 349 1120 2835 3485 3767
1768 9 2 6 1 662 781 1061 2978 1528 1580
1769 9 2 6 1 994 993 1081 3108 3768 3769
1770 9 2 6 1 402 403 1037 3190 3770 3771
1771 9 2 6 1 811 1104 1127 3664 2093 3762
1772 9 2 6 1 996 631 1070 3543 3772 3738
1773 9 2 6 1 1036 558 1094 1955 3773 1697
1774 9 2 6 1 890 892 1095 2694 3490 3612
1775 9 2 6 1 609 773 1005 3529 2050 3701
1776 9 2 6 1 816 1019 1032 2543 3774 3426
1777 9 2 6 1 511 945 986 3564 3775 3723
1778 9 2 6 1 705 707 1089 3776 3321 3777
1779 9 2 6 1 631 633 1070 3299 3355 3772
1780 9 2 6 1 964 133 1125 2923 3340 3778
1781 9 2 6 1 636 632 1096 3069 3404 1872
1782 9 2 6 1 353 1024 1163 3764 3041 3509
1783 9 2 6 1 935 740 1197 1467 2268 3779
1784 9 2 6 1 180 181 1102 220 3310 3311
1785 9 2 6 1 655 1058 1078 3480 3435 3691
1786 9 2 6 1 681 682 1056 3443 1671 3780
1787 9 2 6 1 847 845 1129 2478 2922 3186
1788 9 2 6 1 466 386 467 3703 3573 3781
1789 9 2 6 1 436 1087 1142 3503 3782 3507
1790 9 2 6 1 905 904 1147 2600 2902 3783
1791 9 2 6 1 407 967 1041 3502 2377 3784
1792 9 2 6 1 403 433 1037 3609 2558 3770
1793 9 2 6 1 73 74 1159 113 2337 2369
1794 9 2 6 1 983 666 1075 3195 2360 3785
1795 9 2 6 1 921 518 1027 3417 3786 3787
1796 9 2 6 1 518 520 1027 3302 3788 3786
1797 9 2 6 1 466 467 478 3781 3789 3790
1798 9 2 6 1 689 887 1092 2837 3791 2638
1799 9 2 6 1 638 942 1184 1809 3792 3793
1800 9 2 6 1 639 641 838 3794 2011 1804
1801 9 2 6 1 541 543 558 3601 3795 3796
1802 9 2 6 1 478 467 479 3789 3716 3797
1803 9 2 6 1 639 479 641 3798 3799 3794
1804 9 2 6 1 701 1028 1034 2482 1812 3800
1805 9 2 6 1 589 665 1020 3555 3801 3741
1806 9 2 6 1 984 357 1100 2899 1454 3802
1807 9 2 6 1 871 946 1120 2005 3767 3803
1808 9 2 6 1 478 479 639 3797 3798 3629
1809 9 2 6 1 602 605 1018 3551 2040 3749
1810 9 2 6 1 489 980 1135 2480 3804 3805
1811 9 2 6 1 641 1073 1193 3806 3807 2012
1812 9 2 6 1 539 541 1112 2609 3808 3809
1813 9 2 6 1 538 574 584 3586 3724 3810
1814 9 2 6 1 982 350 1178 2643 3811 3722
1815 9 2 6 1 480 467 1017 3717 3575 1435
1816 9 2 6 1 378 884 1172 2397 3594 2303
1817 9 2 6 1 653 652 656 3300 3696 3812
1818 9 2 6 1 683 506 1040 3591 3813 1304
1819 9 2 6 1 955 598 1018 3544 3750 1806
1820 9 2 6 1 1006 346 1116 3475 3814 3815
1821 9 2 6 1 1026 383 1177 3140 3712 3816
1822 9 2 6 1 144 630 1125 2647 3817 3341
1823 9 2 6 1 543 545 1094 3638 3818 3819
1824 9 2 6 1 389 84 1126 2650 3345 3303
1825 9 2 6 1 390 231 1131 2674 3396 3820
1826 9 2 6 1 972 652 1060 3697 3821 3822
1827 9 2 6 1 475 481 1030 3349 2408 3823
1828 9 2 6 1 637 182 1128 2675 3347 3824
1829 9 2 6 1 702 1084 1144 1340 3825 3706
1830 9 2 6 1 347 935 1197 3447 3779 1460
1831 9 2 6 1 903 905 1139 2601 2596 3156
1832 9 2 6 1 1025 979 1157 3399 3826 3827
1833 9 2 6 1 758 761 1091 3253 3828 3759
1834 9 2 6 1 585 587 1083 2769 3829 3733
1835 9 2 6 1 513 921 1079 3390 3830 3831
1836 9 2 6 1 600 1078 1110 3692 3832 3833
1837 9 2 6 1 1003 599 1035 3411 1951 3834
1838 9 2 6 1 924 762 1194 2819 3269 3641
1839 9 2 6 1 564 962 1075 3359 3835 2995
1840 9 2 6 1 676 965 1113 3462 3766 1663
1841 9 2 6 1 503 681 1022 3546 3836 3837
1842 9 2 6 1 722 1034 1042 3838 1814 1746
1843 9 2 6 1 1017 386 1145 3574 3839 1791
1844 9 2 6 1 614 680 1103 2880 3694 3590
1845 9 2 6 1 171 172 1143 211 3463 3322
1846 9 2 6 1 412 1121 1174 3550 3840 3377
1847 9 2 6 1 873 871 1120 2794 3803 3439
1848 9 2 6 1 945 513 1079 3563 3831 2453
1849 9 2 6 1 997 615 1065 3541 2592 3421
1850 9 2 6 1 424 1053 1195 3735 2220 3841
1851 9 2 6 1 405 407 1041 3367 3784 3842
1852 9 2 6 1 495 701 1034 3449 3800 3843
1853 9 2 6 1 352 1009 1092 3301 3844 3845
1854 9 2 6 1 819 1189 1190 3746 3846 3734
1855 9 2 6 1 477 475 1030 3583 3823 2989
1856 9 2 6 1 1027 520 1055 3788 3847 3761
1857 9 2 6 1 934 675 1077 3611 1352 1975
1858 9 2 6 1 569 576 1111 3046 3667 3558
1859 9 2 6 1 716 503 1022 3688 3837 3848
1860 9 2 6 1 1055 520 1063 3847 3745 2168
1861 9 2 6 1 469 477 1098 3584 3849 3850
1862 9 2 6 1 894 959 1147 2813 3851 3368
1863 9 2 6 1 34 302 1136 304 3752 3714
1864 9 2 6 1 722 495 1034 3597 3843 3838
1865 9 2 6 1 1057 1058 1171 3852 3474 3853
1866 9 2 6 1 887 352 1092 3684 3845 3791
1867 9 2 6 1 335 685 686 2700 1312 3204
1868 9 2 6 1 493 488 1135 3633 3854 3855
1869 9 2 6 1 1066 661 1134 2979 2555 3856
1870 9 2 6 1 397 400 1025 3526 3857 3858
1871 9 2 6 1 477 1032 1098 3859 3860 3849
1872 9 2 6 1 1054 835 1184 3729 3861 3862
1873 9 2 6 1 506 491 1040 3506 3863 3813
1874 9 2 6 1 952 713 1051 3616 2974 3661
1875 9 2 6 1 665 712 1101 3610 1446 3864
1876 9 2 6 1 441 450 1158 2831 3470 3466
1877 9 2 6 1 350 177 1178 2679 3361 3811
1878 9 2 6 1 450 451 1154 2823 3406 3686
1879 9 2 6 1 422 1070 1109 3739 3721 3865
1880 9 2 6 1 962 983 1075 3542 3785 3835
1881 9 2 6 1 400 456 1025 3678 3400 3857
1882 9 2 6 1 972 591 1165 3668 1632 3866
1883 9 2 6 1 536 538 1048 3074 3867 3868
1884 9 2 6 1 731 733 1177 2717 3869 3751
1885 9 2 6 1 765 1091 1114 3870 3871 3261
1886 9 2 6 1 489 473 1157 3643 3872 3873
1887 9 2 6 1 647 662 1082 3660 2568 3270
1888 9 2 6 1 959 905 1147 2416 3783 3851
1889 9 2 6 1 399 397 1025 3713 3858 3874
1890 9 2 6 1 999 550 1194 3719 3642 1661
1891 9 2 6 1 630 964 1125 1338 3778 3817
1892 9 2 6 1 423 422 1109 3230 3865 3548
1893 9 2 6 1 491 493 1040 3634 2461 3863
1894 9 2 6 1 558 543 1094 3795 3819 3773
1895 9 2 6 1 627 1035 1049 3875 3876 3653
1896 9 2 6 1 379 978 1144 3659 3707 3877
1897 9 2 6 1 961 343 1160 3587 3878 1831
1898 9 2 6 1 951 953 1166 3531 3879 3880
1899 9 2 6 1 457 402 1037 3730 3771 3477
1900 9 2 6 1 651 922 1080 3343 2403 1300
1901 9 2 6 1 429 430 1142 2997 3508 3210
1902 9 2 6 1 587 1020 1083 3742 3524 3829
1903 9 2 6 1 504 1045 1046 2531 1878 3881
1904 9 2 6 1 973 994 1081 3482 3769 3725
1905 9 2 6 1 979 489 1157 2379 3873 3826
1906 9 2 6 1 433 405 1041 3608 3842 1774
1907 9 2 6 1 1088 686 1182 3205 2937 3882
1908 9 2 6 1 636 960 1141 1871 1768 3883
1909 9 2 6 1 502 1151 1173 3884 3885 3886
1910 9 2 6 1 367 1023 1049 3259 3663 3887
1911 9 2 6 1 710 706 1067 3888 2797 2088
1912 9 2 6 1 942 772 1099 1808 1257 3727
1913 9 2 6 1 417 990 1093 3647 3889 2454
1914 9 2 6 1 705 706 707 3890 3891 3776
1915 9 2 6 1 690 1009 1010 3892 3652 2067
1916 9 2 6 1 1000 944 1137 3650 3893 3894
1917 9 2 6 1 1057 593 1058 1253 3434 3852
1918 9 2 6 1 1066 709 1106 3895 1522 3896
1919 9 2 6 1 700 1059 1061 3897 1581 1743
1920 9 2 6 1 1091 765 1183 3870 3495 3756
1921 9 2 6 1 980 493 1135 1271 3855 3804
1922 9 2 6 1 627 1003 1035 3626 3834 3875
1923 9 2 6 1 993 358 1081 1695 2398 3768
1924 9 2 6 1 223 975 1128 3180 3898 3348
1925 9 2 6 1 545 999 1094 3666 1660 3818
1926 9 2 6 1 945 376 1150 2452 2043 3899
1927 9 2 6 1 685 26 1156 2699 3900 3901
1928 9 2 6 1 835 354 1105 3306 2110 3902
1929 9 2 6 1 1038 875 1139 2105 3200 2595
1930 9 2 6 1 1022 747 1180 3903 2958 3904
1931 9 2 6 1 720 1006 1116 3512 3815 3308
1932 9 2 6 1 1073 918 1193 3905 3737 3807
1933 9 2 6 1 652 649 1060 3173 3906 3821
1934 9 2 6 1 801 802 1181 2893 3540 1722
1935 9 2 6 1 990 1004 1093 3700 3907 3889
1936 9 2 6 1 486 489 1135 3644 3805 3908
1937 9 2 6 1 976 390 1131 1447 3820 3909
1938 9 2 6 1 975 637 1128 2950 3824 3898
1939 9 2 6 1 1019 445 1098 2993 3910 3911
1940 9 2 6 1 359 947 1084 3579 3912 3708
1941 9 2 6 1 649 651 1060 3567 2116 3906
1942 9 2 6 1 551 554 1162 3265 3409 3743
1943 9 2 6 1 541 558 1112 3796 2846 3808
1944 9 2 6 1 46 976 1131 3235 3909 3397
1945 9 2 6 1 26 25 1156 286 3913 3900
1946 9 2 6 1 445 469 1098 3212 3850 3910
1947 9 2 6 1 1079 921 1170 3830 3914 3915
1948 9 2 6 1 599 536 1048 3676 3868 1987
1949 9 2 6 1 656 1057 1171 2515 3853 3916
1950 9 2 6 1 663 834 1179 2016 3917 3620
1951 9 2 6 1 759 923 1155 3014 3527 3536
1952 9 2 6 1 1032 1019 1098 3774 3911 3860
1953 9 2 6 1 966 1141 1192 3918 3919 1383
1954 9 2 6 1 591 1108 1130 3670 3920 1935
1955 9 2 6 1 346 1000 1116 3651 3559 3814
1956 9 2 6 1 749 1032 1198 3427 3921 1370
1957 9 2 6 1 1090 659 1168 1470 3922 3923
1958 9 2 6 1 886 887 1113 3685 3102 3765
1959 9 2 6 1 479 480 1073 3718 3924 3925
1960 9 2 6 1 538 584 1048 3810 3614 3867
1961 9 2 6 1 966 636 1141 3407 3883 3918
1962 9 2 6 1 981 600 1110 3740 3833 3020
1963 9 2 6 1 1140 715 1191 3753 3926 2288
1964 9 2 6 1 488 486 1135 3514 3908 3854
1965 9 2 6 1 574 539 1112 3585 3809 3748
1966 9 2 6 1 947 379 1144 3428 3877 3927
1967 9 2 6 1 1027 384 1170 3760 3045 3928
1968 9 2 6 1 944 927 1137 3405 1350 3893
1969 9 2 6 1 641 479 1073 3799 3925 3806
1970 9 2 6 1 1141 752 1192 1767 1599 3919
1971 9 2 6 1 629 984 1100 3736 3802 3929
1972 9 2 6 1 691 1059 1132 3155 3930 1331
1973 9 2 6 1 1004 799 1093 2468 3258 3907
1974 9 2 6 1 1022 681 1122 3836 3931 3932
1975 9 2 6 1 703 670 1069 2551 1868 3493
1976 9 2 6 1 654 673 1119 3600 3933 3460
1977 9 2 6 1 323 345 1164 3281 1201 3637
1978 9 2 6 1 1020 665 1101 3801 3864 2570
1979 9 2 6 1 1009 690 1092 3892 2639 3844
1980 9 2 6 1 1115 951 1166 3081 3880 3934
1981 9 2 6 1 1084 947 1144 3912 3927 3825
1982 9 2 6 1 705 704 706 3624 2796 3890
1983 9 2 6 1 707 706 708 3891 3935 3936
1984 9 2 6 1 1043 766 1117 3679 2389 2207
1985 9 2 6 1 1059 700 1132 3897 1915 3930
1986 9 2 6 1 399 1025 1157 3874 3827 3937
1987 9 2 6 1 1078 687 1110 3290 1329 3832
1988 9 2 6 1 681 1056 1122 3780 3938 3931
1989 9 2 6 1 701 986 1150 3577 3939 2483
1990 9 2 6 1 723 1023 1176 3662 3119 3518
1991 9 2 6 1 473 399 1157 3565 3937 3872
1992 9 2 6 1 747 1022 1122 3903 3932 1450
1993 9 2 6 1 343 928 1160 3438 1965 3878
1994 9 2 6 1 386 24 1145 3323 3175 3839
1995 9 2 6 1 733 1026 1177 2346 3816 3869
1996 9 2 6 1 708 706 710 3935 3888 3940
1997 9 2 6 1 953 954 1166 3649 3710 3879
1998 9 2 6 1 948 424 1195 3260 3841 2418
1999 9 2 6 1 1151 1012 1173 3693 1680 3885
2000 9 2 6 1 643 1005 1133 3747 3627 3286
2001 9 2 6 1 724 710 725 3941 2087 3602
2002 9 2 6 1 918 1073 1138 3905 3942 2850
2003 9 2 6 1 942 1054 1184 3317 3862 3792
2004 9 2 6 1 708 710 724 3940 3941 3943
2005 9 2 6 1 1032 477 1198 3859 2991 3921
2006 9 2 6 1 715 629 1191 3385 3944 3926
2007 9 2 6 1 997 866 1172 3420 2304 3593
2008 9 2 6 1 629 1100 1191 3929 3945 3944
2009 9 2 6 1 410 827 1121 3615 2982 3549
2010 9 2 6 1 25 466 1156 3704 3946 3913
2011 9 2 6 1 664 1000 1137 3947 3894 2373
2012 9 2 6 1 1105 638 1184 3326 3793 3948
2013 9 2 6 1 393 502 1173 2711 3886 3744
2014 9 2 6 1 834 709 1066 3949 3895 3950
2015 9 2 6 1 1091 761 1114 3828 3720 3871
2016 9 2 6 1 771 1079 1170 1897 3915 3044
2017 9 2 6 1 707 708 709 3936 3951 3952
2018 9 2 6 1 466 478 1149 3790 3728 3953
2019 9 2 6 1 970 760 1183 3699 3757 2469
2020 9 2 6 1 1056 365 1122 1245 1451 3938
2021 9 2 6 1 972 1060 1108 3822 2117 3669
2022 9 2 6 1 1049 1035 1140 3876 3754 3954
2023 9 2 6 1 336 992 1189 3675 3955 1373
2024 9 2 6 1 1087 804 1142 3005 3211 3782
2025 9 2 6 1 653 656 1171 3812 3916 3956
2026 9 2 6 1 345 919 1161 3645 3580 1891
2027 9 2 6 1 656 972 1165 3698 3866 2516
2028 9 2 6 1 707 709 834 3952 3949 3320
2029 9 2 6 1 504 1046 1153 3881 3043 2384
2030 9 2 6 1 466 1149 1156 3953 3957 3946
2031 9 2 6 1 782 1066 1106 2980 3896 1541
2032 9 2 6 1 1073 480 1138 3924 1543 3942
2033 9 2 6 1 673 653 1171 3599 3956 3473
2034 9 2 6 1 986 945 1150 3775 3899 3939
2035 9 2 6 1 921 1027 1170 3787 3928 3914
2036 9 2 6 1 716 1022 1180 3848 3904 1876
2037 9 2 6 1 367 1049 1140 3887 3954 2287
2038 9 2 6 1 1108 721 1130 1739 3758 3920
2039 9 2 6 1 1100 768 1191 1503 2352 3945
2040 9 2 6 1 673 1085 1119 2767 2481 3933
2041 9 2 6 1 1000 664 1186 3947 3166 3560
2042 9 2 6 1 1149 685 1156 1313 3901 3957
2043 9 2 6 1 659 1123 1168 3459 3958 3922
2044 9 2 6 1 992 677 1190 1948 2298 3959
2045 9 2 6 1 5 45 705 330 3625 3960
2046 9 2 6 1 1067 703 1185 3012 3494 1874
2047 9 2 6 1 1121 684 1174 3292 2272 3840
2048 9 2 6 1 1123 657 1168 1430 3961 3958
2049 9 2 6 1 835 1105 1184 3902 3948 3861
2050 9 2 6 1 1168 657 1169 3961 1488 3962
2051 9 2 6 1 628 1115 1166 1668 3934 3709
2052 9 2 6 1 660 738 1179 1392 3621 3963
2053 9 2 6 1 834 1066 1134 3950 3856 3964
2054 9 2 6 1 5 705 1089 3960 3777 2324
2055 9 2 6 1 658 1090 1168 2213 3923 3965
2056 9 2 6 1 502 1088 1182 3545 3882 3966
2057 9 2 6 1 1151 502 1182 3884 3966 3715
2058 9 2 6 1 1134 660 1179 2554 3963 3967
2059 9 2 6 1 1153 688 1196 3188 2521 2385
2060 9 2 6 1 1189 992 1190 3955 3959 3846
2061 9 2 6 1 658 1168 1169 3965 3962 3504
2062 9 2 6 1 834 1134 1179 3964 3967 3917
2063 9 2 6 1 9 8 644 245 1564 1589
2064 9 2 6 1 29 28 1024 289 1286 3763
2065 9 2 6 1 42 41 648 326 1275 3293
2066 9 2 6 1 709 708 724 3951 3943 1520
$EndElements
